{
    "train": {
        "error": {
            "rmse": 0.3562992811203003,
            "loglikelihood": -0.4708363711833954,
            "mae": 0.28250178694725037
        },
        "predictive_eval": {
            "kl_div_to_data": 0.9266456365585327,
            "mean_diff_to_data": 0.25973546504974365,
            "std_diff_to_data": 0.1549181491136551
        }
    },
    "test": {
        "error": {
            "rmse": 23.360902786254883,
            "loglikelihood": -13.611274719238281,
            "mae": 13.676993370056152
        },
        "predictive_eval": {
            "kl_div_to_data": 3417.5400390625,
            "mean_diff_to_data": 14.781830787658691,
            "std_diff_to_data": 2.551342725753784
        }
    },
    "in_domain": {
        "error": {
            "rmse": 0.5353804230690002,
            "loglikelihood": -0.7981221675872803,
            "mae": 0.41947078704833984
        },
        "predictive_eval": {
            "kl_div_to_data": 1.6233590841293335,
            "mean_diff_to_data": 0.34812986850738525,
            "std_diff_to_data": 0.16879421472549438
        }
    },
    "out_domain": {
        "error": {
            "rmse": 32.992919921875,
            "loglikelihood": -26.553693771362305,
            "mae": 26.896902084350586
        },
        "predictive_eval": {
            "kl_div_to_data": 6563.01611328125,
            "mean_diff_to_data": 27.836681365966797,
            "std_diff_to_data": 4.549816608428955
        }
    }
}