{"loss": [491298.80274214526, 417866.5760769166, 361085.5709313753, 314634.33541062835, 277526.68873639836, 245117.90469587763, 215001.6220700285, 187304.55590538555, 160792.97912793895, 134587.01067609937, 111175.61578228102, 95868.46713346792, 83284.99483948275, 72141.19628013796, 64075.23117730273, 60532.758946139795, 57184.79977062108, 53052.63520593366, 51895.53684510096, 47970.78510292823, 45405.60320649077, 44937.02531214794, 41863.82845808737, 39837.54594582243, 37949.729605847, 42673.39603253886, 35464.25695208347, 35104.64000252202, 34392.578318849395, 32934.19076560983, 33390.06390905731, 31272.719991789756, 30644.626040839783, 32447.14118590989, 31485.307936979378, 28761.367159334593, 35579.15713567761, 33043.758338217995, 27302.410394455772, 27367.304758600567, 26447.89874294545, 29195.930412510777, 25597.856625234836, 25287.581200566437, 31863.903611931044, 24032.227505254625, 27217.126651193783, 27246.97617204491, 27286.298634379113, 23461.044708762936, 25497.922196573003, 22938.846945638394, 21413.167995864776, 22299.937321890804, 21899.71235671693, 20535.555466322032, 20905.285004526606, 19582.297049044497, 21544.574919365252, 19040.605906842462, 23335.774101898798, 24412.420026273372, 23839.987977127133, 21166.960418525407, 23887.04095697464, 17689.375362002178, 17885.680014485744, 17292.21955318082, 19122.416131355727, 17302.561371727672, 16675.86256237972, 29384.200504058615, 16157.846493349203, 20222.03879715811, 19649.89560799236, 17968.443198896734, 15444.321357404942, 15197.306235615555, 15194.841448632347, 14498.235885733991, 15492.795836262843, 16321.451799161141, 16034.55987989125, 13806.334389547404, 13543.4270189967, 22139.729225821506, 19312.64369221813, 13361.2041982766, 18370.08849799008, 52896.97464316458, 13229.012897320568, 13534.103635004109, 20661.458722593536, 13629.754074727178, 12803.668143916466, 15115.926906766337, 12992.307880798111, 13626.950530096545, 12577.094753508982, 13494.748256478164], "val_loss": [448046.13286226115, 388113.50527468155, 335921.540928543, 295104.550302299, 261039.5346710788, 228979.70894705414, 201044.2645302548, 173868.83130971337, 147536.3027468153, 122323.39709394904, 102540.5269705414, 89106.09852707006, 77273.46616242039, 66486.81050955414, 60956.24800955414, 57479.520700636946, 54468.25318471337, 51541.27388535032, 49057.74442675159, 46634.077229299364, 45184.81886942675, 42333.66341560509, 40640.88077229299, 38986.69307324841, 41486.92953821656, 35809.66540605095, 34923.424363057326, 33931.68869426752, 33139.171974522294, 35446.09215764331, 31561.226114649682, 30748.57782643312, 30582.518113057326, 29109.756170382167, 28573.90425955414, 28079.645501592357, 27711.576234076434, 27522.813694267516, 28258.342953821655, 26678.32941878981, 26172.26333598726, 25858.55354299363, 26908.30015923567, 24762.810708598725, 24272.66023089172, 23736.7087977707, 23308.57145700637, 22939.075636942674, 22635.82981687898, 22292.720342356686, 56459.80593152866, 21621.443869426752, 21199.32782643312, 20910.319864649682, 20649.728503184713, 20212.758558917198, 19880.02687101911, 19300.740445859872, 19742.226910828027, 18531.97412420382, 18280.046377388535, 18432.23268312102, 18007.3423566879, 17992.471536624205, 17783.124203821655, 17834.538614649682, 17399.523686305733, 17131.926353503186, 16920.589968152864, 29291.038813694267, 16359.100915605095, 16382.265724522293, 15995.448845541401, 15753.424164012738, 25302.606488853504, 15510.442277070064, 15357.17814490446, 14992.173964968153, 14714.851114649682, 14281.464570063694, 14051.89331210191, 13907.066281847134, 13915.549960191083, 13690.150477707006, 13413.49203821656, 13787.154060509554, 42885.28722133758, 13211.788813694267, 13122.097730891719, 13161.424164012738, 12984.357882165605, 12951.94685509554, 12853.501791401273, 13128.501592356688, 13798.654060509554, 12610.435907643312, 16660.050358280256, 12456.5, 12316.155055732484, 20729.57404458599], "time": 2373.1070823669434}