{
    "train_error": {
        "rmse": 4.286160469055176,
        "loglikelihood": -839.0087280273438
    },
    "test_error": {
        "rmse": 116.5363998413086,
        "loglikelihood": -391174.28125
    },
    "in_domain_error": {
        "rmse": 5.210399627685547,
        "loglikelihood": -1235.6824951171875
    },
    "out_domain_error": {
        "rmse": 164.74978637695312,
        "loglikelihood": -754235.1875
    },
    "predictive_train": {
        "kl_div": 793.25927734375,
        "mean_diff": 3.296895980834961,
        "std_diff": 0.004761345684528351
    },
    "predictive_test": {
        "kl_div": 743635.375,
        "mean_diff": 87.8536148071289,
        "std_diff": 0.13404418528079987
    },
    "predictive_in_domain": {
        "kl_div": 1227.6669921875,
        "mean_diff": 4.080233097076416,
        "std_diff": 0.0049888757057487965
    },
    "predictive_out_domain": {
        "kl_div": 1377941.75,
        "mean_diff": 163.1002197265625,
        "std_diff": 0.23281334340572357
    }
}