{"test_rmse": 110717.4658203125, "kl_div_normal_baseline": 127.56477571784617, "kl_div_predictive": 6.284651988912881, "mean_diff_normal_baseline": 273.317626953125, "mean_diff_predictive": 23717.447265625, "var_diff_normal_baseline": 147591.640625, "var_diff_predictive": 9212265472.0, "std_diff_normal_baseline": 383.2202453613281, "std_diff_predictive": 94127.8203125}