{
    "test_error": {
        "rmse": 0.49921647906303407,
        "mae": 0.2906538724899292
    },
    "in_domain_error": {
        "rmse": 0.2533174231648445,
        "mae": 0.202781280875206
    },
    "out_domain_error": {
        "rmse": 5.925586557388305,
        "mae": 4.3912766456604
    },
    "predictive": {
        "kl_div": 1.9494749307632446,
        "mean_diff": 0.17181536555290222,
        "std_diff": 0.18477138876914978
    },
    "predictive_in_domain": {
        "kl_div": 0.15776757895946503,
        "mean_diff": 0.04914391040802002,
        "std_diff": 0.09235846251249313
    },
    "predictive_out_domain": {
        "kl_div": 264.27362060546875,
        "mean_diff": 4.1339335441589355,
        "std_diff": 0.3374916911125183
    }
}