{
    "train": {
        "error": {
            "rmse": 0.5003952383995056,
            "loglikelihood": -1.065616488456726,
            "mae": 0.39349129796028137
        },
        "predictive_eval": {
            "kl_div_to_data": 5.557065486907959,
            "mean_diff_to_data": 0.3279434144496918,
            "std_diff_to_data": 0.7427366971969604
        }
    },
    "test": {
        "error": {
            "rmse": 24.982467651367188,
            "loglikelihood": -3.9653968811035156,
            "mae": 14.733548164367676
        },
        "predictive_eval": {
            "kl_div_to_data": 4528.80859375,
            "mean_diff_to_data": 15.713011741638184,
            "std_diff_to_data": 8.22347640991211
        }
    },
    "in_domain": {
        "error": {
            "rmse": 0.5650612115859985,
            "loglikelihood": -1.0891783237457275,
            "mae": 0.4371185004711151
        },
        "predictive_eval": {
            "kl_div_to_data": 5.645956993103027,
            "mean_diff_to_data": 0.3428764045238495,
            "std_diff_to_data": 0.7349423766136169
        }
    },
    "out_domain": {
        "error": {
            "rmse": 35.370330810546875,
            "loglikelihood": -6.851080417633057,
            "mae": 29.0766658782959
        },
        "predictive_eval": {
            "kl_div_to_data": 8197.9443359375,
            "mean_diff_to_data": 28.437049865722656,
            "std_diff_to_data": 15.061382293701172
        }
    }
}