{
    "train": {
        "error": {
            "rmse": 3.599968433380127,
            "loglikelihood": -2.7794806957244873,
            "mae": 2.739074468612671
        },
        "predictive_eval": {
            "kl_div_to_data": 210.94760131835938,
            "mean_diff_to_data": 2.7384016513824463,
            "std_diff_to_data": 4.715325355529785
        }
    },
    "test": {
        "error": {
            "rmse": 16.334047317504883,
            "loglikelihood": -4.785862922668457,
            "mae": 10.696854591369629
        },
        "predictive_eval": {
            "kl_div_to_data": 1699.6259765625,
            "mean_diff_to_data": 10.593486785888672,
            "std_diff_to_data": 6.256316184997559
        }
    },
    "in_domain": {
        "error": {
            "rmse": 3.682682514190674,
            "loglikelihood": -2.7898354530334473,
            "mae": 2.8111016750335693
        },
        "predictive_eval": {
            "kl_div_to_data": 219.96142578125,
            "mean_diff_to_data": 2.8911232948303223,
            "std_diff_to_data": 4.721397876739502
        }
    },
    "out_domain": {
        "error": {
            "rmse": 22.912643432617188,
            "loglikelihood": -6.80609655380249,
            "mae": 18.680282592773438
        },
        "predictive_eval": {
            "kl_div_to_data": 3523.114013671875,
            "mean_diff_to_data": 19.53449058532715,
            "std_diff_to_data": 7.8839640617370605
        }
    }
}