{
    "train": {
        "error": {
            "rmse": 0.33060306310653687,
            "loglikelihood": -0.5108960866928101,
            "mae": 0.2635445296764374
        },
        "predictive_eval": {
            "kl_div_to_data": 1.1284282207489014,
            "mean_diff_to_data": 0.18810316920280457,
            "std_diff_to_data": 0.27047380805015564
        }
    },
    "test": {
        "error": {
            "rmse": 24.461519241333008,
            "loglikelihood": -5.184314250946045,
            "mae": 14.582870483398438
        },
        "predictive_eval": {
            "kl_div_to_data": 3712.57275390625,
            "mean_diff_to_data": 14.150629997253418,
            "std_diff_to_data": 6.315072059631348
        }
    },
    "in_domain": {
        "error": {
            "rmse": 0.41406911611557007,
            "loglikelihood": -0.6017408967018127,
            "mae": 0.32943210005760193
        },
        "predictive_eval": {
            "kl_div_to_data": 1.2643468379974365,
            "mean_diff_to_data": 0.2286360263824463,
            "std_diff_to_data": 0.26853981614112854
        }
    },
    "out_domain": {
        "error": {
            "rmse": 34.58270263671875,
            "loglikelihood": -10.351253509521484,
            "mae": 28.826223373413086
        },
        "predictive_eval": {
            "kl_div_to_data": 8262.1806640625,
            "mean_diff_to_data": 29.25969123840332,
            "std_diff_to_data": 13.16103744506836
        }
    }
}