{
    "train": {
        "error": {
            "rmse": 0.42450302839279175,
            "loglikelihood": -0.5740518569946289,
            "mae": 0.3270835280418396
        },
        "predictive_eval": {
            "kl_div_to_data": 0.9072577953338623,
            "mean_diff_to_data": 0.17878419160842896,
            "std_diff_to_data": 0.25147518515586853
        }
    },
    "test": {
        "error": {
            "rmse": 28.159360885620117,
            "loglikelihood": -1783.9896240234375,
            "mae": 16.251211166381836
        },
        "predictive_eval": {
            "kl_div_to_data": 4211.6826171875,
            "mean_diff_to_data": 15.097803115844727,
            "std_diff_to_data": 6.506025314331055
        }
    },
    "in_domain": {
        "error": {
            "rmse": 0.5897520184516907,
            "loglikelihood": -0.950904369354248,
            "mae": 0.41545605659484863
        },
        "predictive_eval": {
            "kl_div_to_data": 1.0706827640533447,
            "mean_diff_to_data": 0.21016091108322144,
            "std_diff_to_data": 0.2502700090408325
        }
    },
    "out_domain": {
        "error": {
            "rmse": 40.029876708984375,
            "loglikelihood": -3537.37109375,
            "mae": 32.41254425048828
        },
        "predictive_eval": {
            "kl_div_to_data": 9380.8056640625,
            "mean_diff_to_data": 31.0773868560791,
            "std_diff_to_data": 13.90128231048584
        }
    }
}