{
    "train": {
        "error": {
            "rmse": 3.5995562076568604,
            "loglikelihood": -2.779186487197876,
            "mae": 2.7402265071868896
        },
        "predictive_eval": {
            "kl_div_to_data": 210.2791290283203,
            "mean_diff_to_data": 2.730487823486328,
            "std_diff_to_data": 4.7119364738464355
        }
    },
    "test": {
        "error": {
            "rmse": 16.343992233276367,
            "loglikelihood": -4.783277988433838,
            "mae": 10.710942268371582
        },
        "predictive_eval": {
            "kl_div_to_data": 1714.209716796875,
            "mean_diff_to_data": 10.634943962097168,
            "std_diff_to_data": 6.296545028686523
        }
    },
    "in_domain": {
        "error": {
            "rmse": 3.6835315227508545,
            "loglikelihood": -2.7890279293060303,
            "mae": 2.8132569789886475
        },
        "predictive_eval": {
            "kl_div_to_data": 220.65933227539062,
            "mean_diff_to_data": 2.8966219425201416,
            "std_diff_to_data": 4.732806205749512
        }
    },
    "out_domain": {
        "error": {
            "rmse": 22.872209548950195,
            "loglikelihood": -6.791025638580322,
            "mae": 18.6444149017334
        },
        "predictive_eval": {
            "kl_div_to_data": 3525.00244140625,
            "mean_diff_to_data": 19.544843673706055,
            "std_diff_to_data": 7.852512836456299
        }
    }
}