{
    "train": {
        "error": {
            "rmse": 3.8115460872650146,
            "loglikelihood": -2.8058440685272217,
            "mae": 2.926628828048706
        },
        "predictive_eval": {
            "kl_div_to_data": 215.84744262695312,
            "mean_diff_to_data": 2.9856598377227783,
            "std_diff_to_data": 4.650298595428467
        }
    },
    "test": {
        "error": {
            "rmse": 15.452129364013672,
            "loglikelihood": -4.701359748840332,
            "mae": 10.239782333374023
        },
        "predictive_eval": {
            "kl_div_to_data": 1618.7091064453125,
            "mean_diff_to_data": 10.290053367614746,
            "std_diff_to_data": 6.059258460998535
        }
    },
    "in_domain": {
        "error": {
            "rmse": 3.9238483905792236,
            "loglikelihood": -2.820699691772461,
            "mae": 3.003103017807007
        },
        "predictive_eval": {
            "kl_div_to_data": 212.60977172851562,
            "mean_diff_to_data": 2.868560552597046,
            "std_diff_to_data": 4.642651081085205
        }
    },
    "out_domain": {
        "error": {
            "rmse": 21.50141716003418,
            "loglikelihood": -6.607565402984619,
            "mae": 17.477521896362305
        },
        "predictive_eval": {
            "kl_div_to_data": 2947.9306640625,
            "mean_diff_to_data": 17.628366470336914,
            "std_diff_to_data": 7.517085075378418
        }
    }
}