{
    "train": {
        "error": {
            "rmse": 4.000889778137207,
            "loglikelihood": -2.857555627822876,
            "mae": 3.0957672595977783
        },
        "predictive_eval": {
            "kl_div_to_data": 239.0406494140625,
            "mean_diff_to_data": 3.1606650352478027,
            "std_diff_to_data": 4.919534206390381
        }
    },
    "test": {
        "error": {
            "rmse": 13.715299606323242,
            "loglikelihood": -4.1555328369140625,
            "mae": 9.352396965026855
        },
        "predictive_eval": {
            "kl_div_to_data": 1357.3447265625,
            "mean_diff_to_data": 9.449214935302734,
            "std_diff_to_data": 6.392510414123535
        }
    },
    "in_domain": {
        "error": {
            "rmse": 4.067471027374268,
            "loglikelihood": -2.8672642707824707,
            "mae": 3.1671433448791504
        },
        "predictive_eval": {
            "kl_div_to_data": 236.0426025390625,
            "mean_diff_to_data": 3.1364262104034424,
            "std_diff_to_data": 4.8877034187316895
        }
    },
    "out_domain": {
        "error": {
            "rmse": 18.988971710205078,
            "loglikelihood": -5.434406757354736,
            "mae": 15.540135383605957
        },
        "predictive_eval": {
            "kl_div_to_data": 2446.879638671875,
            "mean_diff_to_data": 15.540127754211426,
            "std_diff_to_data": 8.401609420776367
        }
    }
}