{
    "train": {
        "error": {
            "rmse": 3.5971567630767822,
            "loglikelihood": -2.7784550189971924,
            "mae": 2.7361972332000732
        },
        "predictive_eval": {
            "kl_div_to_data": 211.0779571533203,
            "mean_diff_to_data": 2.7405364513397217,
            "std_diff_to_data": 4.719059467315674
        }
    },
    "test": {
        "error": {
            "rmse": 16.357624053955078,
            "loglikelihood": -4.792983055114746,
            "mae": 10.711813926696777
        },
        "predictive_eval": {
            "kl_div_to_data": 1716.24853515625,
            "mean_diff_to_data": 10.65046501159668,
            "std_diff_to_data": 6.237791061401367
        }
    },
    "in_domain": {
        "error": {
            "rmse": 3.6821844577789307,
            "loglikelihood": -2.7897520065307617,
            "mae": 2.8105523586273193
        },
        "predictive_eval": {
            "kl_div_to_data": 220.5111846923828,
            "mean_diff_to_data": 2.888925313949585,
            "std_diff_to_data": 4.7335333824157715
        }
    },
    "out_domain": {
        "error": {
            "rmse": 22.895828247070312,
            "loglikelihood": -6.806064128875732,
            "mae": 18.67371940612793
        },
        "predictive_eval": {
            "kl_div_to_data": 3513.790283203125,
            "mean_diff_to_data": 19.502140045166016,
            "std_diff_to_data": 7.876066207885742
        }
    }
}