{
    "train": {
        "error": {
            "rmse": 0.40887174010276794,
            "loglikelihood": -0.5438094139099121,
            "mae": 0.3208204507827759
        },
        "predictive_eval": {
            "kl_div_to_data": 0.8714544177055359,
            "mean_diff_to_data": 0.18046697974205017,
            "std_diff_to_data": 0.24114437401294708
        }
    },
    "test": {
        "error": {
            "rmse": 30.424402236938477,
            "loglikelihood": -2069.109130859375,
            "mae": 17.32175064086914
        },
        "predictive_eval": {
            "kl_div_to_data": 4338.4140625,
            "mean_diff_to_data": 15.09392261505127,
            "std_diff_to_data": 7.218427658081055
        }
    },
    "in_domain": {
        "error": {
            "rmse": 0.47394421696662903,
            "loglikelihood": -0.6723421216011047,
            "mae": 0.3686874806880951
        },
        "predictive_eval": {
            "kl_div_to_data": 3.131355047225952,
            "mean_diff_to_data": 0.21095438301563263,
            "std_diff_to_data": 0.5281461477279663
        }
    },
    "out_domain": {
        "error": {
            "rmse": 39.1998405456543,
            "loglikelihood": -3422.755126953125,
            "mae": 32.243831634521484
        },
        "predictive_eval": {
            "kl_div_to_data": 9459.970703125,
            "mean_diff_to_data": 31.081270217895508,
            "std_diff_to_data": 14.298555374145508
        }
    }
}