{
    "train": {
        "error": {
            "rmse": 1.7808831930160522,
            "loglikelihood": -2.411863088607788,
            "mae": 1.1382235288619995
        },
        "predictive_eval": {
            "kl_div_to_data": 22.83416748046875,
            "mean_diff_to_data": 1.1487656831741333,
            "std_diff_to_data": 0.721712589263916
        }
    },
    "test": {
        "error": {
            "rmse": 13.151711463928223,
            "loglikelihood": -3.8510327339172363,
            "mae": 7.844788551330566
        },
        "predictive_eval": {
            "kl_div_to_data": 1299.941650390625,
            "mean_diff_to_data": 8.555453300476074,
            "std_diff_to_data": 4.8499040603637695
        }
    },
    "in_domain": {
        "error": {
            "rmse": 1.7906004190444946,
            "loglikelihood": -2.4155545234680176,
            "mae": 1.1636918783187866
        },
        "predictive_eval": {
            "kl_div_to_data": 22.076618194580078,
            "mean_diff_to_data": 1.1536681652069092,
            "std_diff_to_data": 0.72007155418396
        }
    },
    "out_domain": {
        "error": {
            "rmse": 18.5013427734375,
            "loglikelihood": -5.294734477996826,
            "mae": 14.501837730407715
        },
        "predictive_eval": {
            "kl_div_to_data": 2289.570556640625,
            "mean_diff_to_data": 14.176239967346191,
            "std_diff_to_data": 8.545580863952637
        }
    }
}