{
    "train": {
        "error": {
            "rmse": 3.896552801132202,
            "loglikelihood": -2.8392369747161865,
            "mae": 3.0015664100646973
        },
        "predictive_eval": {
            "kl_div_to_data": 230.678466796875,
            "mean_diff_to_data": 3.0571670532226562,
            "std_diff_to_data": 4.8686747550964355
        }
    },
    "test": {
        "error": {
            "rmse": 13.603014945983887,
            "loglikelihood": -4.032951354980469,
            "mae": 9.220463752746582
        },
        "predictive_eval": {
            "kl_div_to_data": 1387.3016357421875,
            "mean_diff_to_data": 9.312490463256836,
            "std_diff_to_data": 6.8451008796691895
        }
    },
    "in_domain": {
        "error": {
            "rmse": 3.9709901809692383,
            "loglikelihood": -2.8488574028015137,
            "mae": 3.0736591815948486
        },
        "predictive_eval": {
            "kl_div_to_data": 228.76780700683594,
            "mean_diff_to_data": 3.0175747871398926,
            "std_diff_to_data": 4.853617191314697
        }
    },
    "out_domain": {
        "error": {
            "rmse": 18.826602935791016,
            "loglikelihood": -5.2395782470703125,
            "mae": 15.367029190063477
        },
        "predictive_eval": {
            "kl_div_to_data": 2439.50048828125,
            "mean_diff_to_data": 15.528156280517578,
            "std_diff_to_data": 8.359294891357422
        }
    }
}