{
    "train": {
        "error": {
            "rmse": 0.4131806790828705,
            "loglikelihood": -0.5518485307693481,
            "mae": 0.3202539086341858
        },
        "predictive_eval": {
            "kl_div_to_data": 0.888257622718811,
            "mean_diff_to_data": 0.17970633506774902,
            "std_diff_to_data": 0.24356190860271454
        }
    },
    "test": {
        "error": {
            "rmse": 27.62220001220703,
            "loglikelihood": -1728.655517578125,
            "mae": 16.097858428955078
        },
        "predictive_eval": {
            "kl_div_to_data": 4315.865234375,
            "mean_diff_to_data": 15.156431198120117,
            "std_diff_to_data": 6.910266876220703
        }
    },
    "in_domain": {
        "error": {
            "rmse": 0.4799526631832123,
            "loglikelihood": -0.6849529147148132,
            "mae": 0.37294965982437134
        },
        "predictive_eval": {
            "kl_div_to_data": 1.0570632219314575,
            "mean_diff_to_data": 0.21104413270950317,
            "std_diff_to_data": 0.24926449358463287
        }
    },
    "out_domain": {
        "error": {
            "rmse": 40.11980056762695,
            "loglikelihood": -3587.49267578125,
            "mae": 32.00520324707031
        },
        "predictive_eval": {
            "kl_div_to_data": 9224.708984375,
            "mean_diff_to_data": 30.958059310913086,
            "std_diff_to_data": 13.288907051086426
        }
    }
}