{
    "train": {
        "error": {
            "rmse": 0.4237041771411896,
            "loglikelihood": -0.8143424987792969,
            "mae": 0.33726367354393005
        },
        "predictive_eval": {
            "kl_div_to_data": 2.6753666400909424,
            "mean_diff_to_data": 0.26039230823516846,
            "std_diff_to_data": 0.4818611443042755
        }
    },
    "test": {
        "error": {
            "rmse": 25.944887161254883,
            "loglikelihood": -3.985952138900757,
            "mae": 15.138066291809082
        },
        "predictive_eval": {
            "kl_div_to_data": 5130.140625,
            "mean_diff_to_data": 16.042600631713867,
            "std_diff_to_data": 9.662174224853516
        }
    },
    "in_domain": {
        "error": {
            "rmse": 0.495127409696579,
            "loglikelihood": -0.8599479794502258,
            "mae": 0.3908000886440277
        },
        "predictive_eval": {
            "kl_div_to_data": 2.872882843017578,
            "mean_diff_to_data": 0.29207390546798706,
            "std_diff_to_data": 0.47831469774246216
        }
    },
    "out_domain": {
        "error": {
            "rmse": 36.75869369506836,
            "loglikelihood": -7.084357738494873,
            "mae": 29.936054229736328
        },
        "predictive_eval": {
            "kl_div_to_data": 9651.60546875,
            "mean_diff_to_data": 29.687191009521484,
            "std_diff_to_data": 18.32139778137207
        }
    }
}