{
    "train": {
        "error": {
            "rmse": 3.7925760746002197,
            "loglikelihood": -2.802222967147827,
            "mae": 2.9284298419952393
        },
        "predictive_eval": {
            "kl_div_to_data": 214.37353515625,
            "mean_diff_to_data": 3.0007665157318115,
            "std_diff_to_data": 4.634814262390137
        }
    },
    "test": {
        "error": {
            "rmse": 14.789397239685059,
            "loglikelihood": -4.618721961975098,
            "mae": 9.89224624633789
        },
        "predictive_eval": {
            "kl_div_to_data": 1518.602783203125,
            "mean_diff_to_data": 10.013567924499512,
            "std_diff_to_data": 6.067634582519531
        }
    },
    "in_domain": {
        "error": {
            "rmse": 3.886122941970825,
            "loglikelihood": -2.8150601387023926,
            "mae": 2.9934303760528564
        },
        "predictive_eval": {
            "kl_div_to_data": 211.55657958984375,
            "mean_diff_to_data": 2.913726568222046,
            "std_diff_to_data": 4.6171746253967285
        }
    },
    "out_domain": {
        "error": {
            "rmse": 20.560649871826172,
            "loglikelihood": -6.4147186279296875,
            "mae": 16.78607749938965
        },
        "predictive_eval": {
            "kl_div_to_data": 2728.263916015625,
            "mean_diff_to_data": 17.014144897460938,
            "std_diff_to_data": 7.265113830566406
        }
    }
}