{
    "train": {
        "error": {
            "rmse": 3.6008193492889404,
            "loglikelihood": -2.7796669006347656,
            "mae": 2.740849733352661
        },
        "predictive_eval": {
            "kl_div_to_data": 210.7922821044922,
            "mean_diff_to_data": 2.7368369102478027,
            "std_diff_to_data": 4.7148966789245605
        }
    },
    "test": {
        "error": {
            "rmse": 16.358427047729492,
            "loglikelihood": -4.789356231689453,
            "mae": 10.715250968933105
        },
        "predictive_eval": {
            "kl_div_to_data": 1696.8349609375,
            "mean_diff_to_data": 10.598687171936035,
            "std_diff_to_data": 6.228899002075195
        }
    },
    "in_domain": {
        "error": {
            "rmse": 3.6839253902435303,
            "loglikelihood": -2.7891767024993896,
            "mae": 2.811546564102173
        },
        "predictive_eval": {
            "kl_div_to_data": 220.48562622070312,
            "mean_diff_to_data": 2.898803234100342,
            "std_diff_to_data": 4.724307537078857
        }
    },
    "out_domain": {
        "error": {
            "rmse": 22.884138107299805,
            "loglikelihood": -6.814029216766357,
            "mae": 18.656585693359375
        },
        "predictive_eval": {
            "kl_div_to_data": 3487.089111328125,
            "mean_diff_to_data": 19.417890548706055,
            "std_diff_to_data": 7.880254745483398
        }
    }
}