{
    "train": {
        "error": {
            "rmse": 3.598145008087158,
            "loglikelihood": -2.778585195541382,
            "mae": 2.738301992416382
        },
        "predictive_eval": {
            "kl_div_to_data": 211.657958984375,
            "mean_diff_to_data": 2.7320566177368164,
            "std_diff_to_data": 4.731165885925293
        }
    },
    "test": {
        "error": {
            "rmse": 16.404279708862305,
            "loglikelihood": -4.808735370635986,
            "mae": 10.738693237304688
        },
        "predictive_eval": {
            "kl_div_to_data": 1717.837890625,
            "mean_diff_to_data": 10.657642364501953,
            "std_diff_to_data": 6.239962100982666
        }
    },
    "in_domain": {
        "error": {
            "rmse": 3.6924097537994385,
            "loglikelihood": -2.7909505367279053,
            "mae": 2.8182849884033203
        },
        "predictive_eval": {
            "kl_div_to_data": 218.61366271972656,
            "mean_diff_to_data": 2.899463176727295,
            "std_diff_to_data": 4.69228458404541
        }
    },
    "out_domain": {
        "error": {
            "rmse": 22.875507354736328,
            "loglikelihood": -6.8071184158325195,
            "mae": 18.64875030517578
        },
        "predictive_eval": {
            "kl_div_to_data": 3514.4365234375,
            "mean_diff_to_data": 19.491947174072266,
            "std_diff_to_data": 7.924811363220215
        }
    }
}