{
    "train": {
        "error": {
            "rmse": 3.953011989593506,
            "loglikelihood": -2.854271173477173,
            "mae": 3.0528101921081543
        },
        "predictive_eval": {
            "kl_div_to_data": 240.71292114257812,
            "mean_diff_to_data": 3.109734296798706,
            "std_diff_to_data": 4.992958068847656
        }
    },
    "test": {
        "error": {
            "rmse": 14.207551002502441,
            "loglikelihood": -4.249472141265869,
            "mae": 9.612807273864746
        },
        "predictive_eval": {
            "kl_div_to_data": 1449.1697998046875,
            "mean_diff_to_data": 9.688199043273926,
            "std_diff_to_data": 6.595730304718018
        }
    },
    "in_domain": {
        "error": {
            "rmse": 4.021547794342041,
            "loglikelihood": -2.864313840866089,
            "mae": 3.121856451034546
        },
        "predictive_eval": {
            "kl_div_to_data": 238.3749237060547,
            "mean_diff_to_data": 3.0619823932647705,
            "std_diff_to_data": 4.980457782745361
        }
    },
    "out_domain": {
        "error": {
            "rmse": 19.683094024658203,
            "loglikelihood": -5.613913536071777,
            "mae": 16.103275299072266
        },
        "predictive_eval": {
            "kl_div_to_data": 2584.01025390625,
            "mean_diff_to_data": 16.23417854309082,
            "std_diff_to_data": 8.038976669311523
        }
    }
}