{
    "train_error": {
        "rmse": 0.4789353013038635,
        "loglikelihood": -2.1383447647094727
    },
    "test_error": {
        "rmse": 65.63504028320312,
        "loglikelihood": -39501.05078125
    },
    "in_domain_error": {
        "rmse": 0.48929792642593384,
        "loglikelihood": -2.2625768184661865
    },
    "out_domain_error": {
        "rmse": 92.74517059326172,
        "loglikelihood": -75656.2890625
    },
    "predictive_train": {
        "kl_div": 2.403765916824341,
        "mean_diff": 0.3405534327030182,
        "std_diff": 0.005366550758481026
    },
    "predictive_test": {
        "kl_div": 55805.83984375,
        "mean_diff": 46.18674850463867,
        "std_diff": 0.019712280482053757
    },
    "predictive_in_domain": {
        "kl_div": 2.393980026245117,
        "mean_diff": 0.3547764718532562,
        "std_diff": 0.00560713279992342
    },
    "predictive_out_domain": {
        "kl_div": 107353.8984375,
        "mean_diff": 91.73408508300781,
        "std_diff": 0.036033183336257935
    }
}