{
    "train": {
        "error": {
            "rmse": 0.4147452116012573,
            "loglikelihood": -0.5543999671936035,
            "mae": 0.3234454095363617
        },
        "predictive_eval": {
            "kl_div_to_data": 0.9288936257362366,
            "mean_diff_to_data": 0.17974871397018433,
            "std_diff_to_data": 0.25563785433769226
        }
    },
    "test": {
        "error": {
            "rmse": 27.37102699279785,
            "loglikelihood": -1680.7427978515625,
            "mae": 15.97826862335205
        },
        "predictive_eval": {
            "kl_div_to_data": 4197.7861328125,
            "mean_diff_to_data": 15.109115600585938,
            "std_diff_to_data": 6.383002281188965
        }
    },
    "in_domain": {
        "error": {
            "rmse": 0.47582921385765076,
            "loglikelihood": -0.6763914823532104,
            "mae": 0.368409663438797
        },
        "predictive_eval": {
            "kl_div_to_data": 1.1874529123306274,
            "mean_diff_to_data": 0.21065469086170197,
            "std_diff_to_data": 0.26267531514167786
        }
    },
    "out_domain": {
        "error": {
            "rmse": 37.908756256103516,
            "loglikelihood": -3199.201416015625,
            "mae": 31.36823081970215
        },
        "predictive_eval": {
            "kl_div_to_data": 9268.9541015625,
            "mean_diff_to_data": 31.129009246826172,
            "std_diff_to_data": 13.155726432800293
        }
    }
}