{
    "test_error": {
        "rmse": 0.7842514038085937,
        "mae": 0.6306828141212464
    },
    "in_domain_error": {
        "rmse": 0.6074677288532258,
        "mae": 0.4950530678033829
    },
    "out_domain_error": {
        "rmse": 2.236786925792694,
        "mae": 2.5431228399276735
    },
    "predictive": {
        "kl_div": 16.091201782226562,
        "mean_diff": 0.45163238048553467,
        "std_diff": 2.2286264896392822
    },
    "predictive_in_domain": {
        "kl_div": 2.4727890491485596,
        "mean_diff": 0.25496163964271545,
        "std_diff": 0.855846643447876
    },
    "predictive_out_domain": {
        "kl_div": 115.76863861083984,
        "mean_diff": 1.897194504737854,
        "std_diff": 6.925053596496582
    }
}