{
    "test_error": {
        "rmse": 1.7164786338806153,
        "mae": 1.3701620221138
    },
    "in_domain_error": {
        "rmse": 1.7200352072715759,
        "mae": 1.381259036064148
    },
    "out_domain_error": {
        "rmse": 1.7498785138130188,
        "mae": 1.4119487881660462
    },
    "predictive": {
        "kl_div": 1.1103147268295288,
        "mean_diff": 1.138622760772705,
        "std_diff": 0.3676011860370636
    },
    "predictive_in_domain": {
        "kl_div": 0.9443582892417908,
        "mean_diff": 1.0974247455596924,
        "std_diff": 0.06570132076740265
    },
    "predictive_out_domain": {
        "kl_div": 1.417272925376892,
        "mean_diff": 1.1637946367263794,
        "std_diff": 0.6648011207580566
    }
}