{
    "test_error": {
        "rmse": 1.7121265172958373,
        "mae": 1.3678853869438172
    },
    "in_domain_error": {
        "rmse": 1.7214862704277039,
        "mae": 1.381273353099823
    },
    "out_domain_error": {
        "rmse": 1.7440444350242614,
        "mae": 1.4046343922615052
    },
    "predictive": {
        "kl_div": 1.1103147268295288,
        "standardized_mean_diff": 0.003977571148425341,
        "mean_diff": 0.006919874344021082,
        "std_diff": 0.3676011860370636
    },
    "predictive_in_domain": {
        "kl_div": 0.9443582892417908,
        "standardized_mean_diff": 0.007743606343865395,
        "mean_diff": 0.012521552853286266,
        "std_diff": 0.06569409370422363
    },
    "predictive_out_domain": {
        "kl_div": 1.417272925376892,
        "standardized_mean_diff": -0.009848487563431263,
        "mean_diff": -0.018736891448497772,
        "std_diff": 0.6648011207580566
    }
}