{
    "train_error": {
        "rmse": 2.063002109527588,
        "loglikelihood": -8.737747192382812
    },
    "test_error": {
        "rmse": 143.1318359375,
        "loglikelihood": -40973.6640625
    },
    "in_domain_error": {
        "rmse": 2.2121057510375977,
        "loglikelihood": -10.012613296508789
    },
    "out_domain_error": {
        "rmse": 202.42843627929688,
        "loglikelihood": -81954.765625
    },
    "predictive_train": {
        "kl_div": 6.945009231567383,
        "mean_diff": 1.4802460670471191,
        "std_diff": 0.01489682774990797
    },
    "predictive_test": {
        "kl_div": 42818.85546875,
        "mean_diff": 104.03971862792969,
        "std_diff": 0.037603698670864105
    },
    "predictive_in_domain": {
        "kl_div": 9.615608215332031,
        "mean_diff": 1.70924711227417,
        "std_diff": 0.013403116725385189
    },
    "predictive_out_domain": {
        "kl_div": 84049.3203125,
        "mean_diff": 202.76637268066406,
        "std_diff": 0.06328822672367096
    }
}