{
    "train_error": {
        "rmse": 3.3488101959228516,
        "loglikelihood": -205.5857391357422
    },
    "test_error": {
        "rmse": 33.274417877197266,
        "loglikelihood": -6372.67529296875
    },
    "in_domain_error": {
        "rmse": 12.503183364868164,
        "loglikelihood": -2938.057861328125
    },
    "out_domain_error": {
        "rmse": 45.232486724853516,
        "loglikelihood": -8788.6796875
    },
    "predictive_train": {
        "kl_div": 364.0766296386719,
        "mean_diff": 2.106635808944702,
        "std_diff": 0.06307054311037064
    },
    "predictive_test": {
        "kl_div": 65592.859375,
        "mean_diff": 28.140296936035156,
        "std_diff": 0.16751989722251892
    },
    "predictive_in_domain": {
        "kl_div": 6771.02685546875,
        "mean_diff": 9.510028839111328,
        "std_diff": 0.06555444747209549
    },
    "predictive_out_domain": {
        "kl_div": 100904.0078125,
        "mean_diff": 38.76323699951172,
        "std_diff": 0.26674747467041016
    }
}