{
    "test_error": {
        "rmse": 1.4305214285850525,
        "mae": 1.1608842611312866
    },
    "in_domain_error": {
        "rmse": 1.4370849609375,
        "mae": 1.1609250545501708
    },
    "out_domain_error": {
        "rmse": 1.483918344974518,
        "mae": 1.1971277356147767
    },
    "predictive": {
        "kl_div": 24.05207061767578,
        "mean_diff": 1.1227705478668213,
        "std_diff": 0.9245070219039917
    },
    "predictive_in_domain": {
        "kl_div": 22.75919532775879,
        "mean_diff": 1.1294819116592407,
        "std_diff": 0.7948731780052185
    },
    "predictive_out_domain": {
        "kl_div": 28.194982528686523,
        "mean_diff": 1.1751495599746704,
        "std_diff": 1.048134207725525
    }
}