{
    "test_error": {
        "rmse": 1.336208963394165,
        "mae": 0.9622897744178772
    },
    "in_domain_error": {
        "rmse": 0.9934377312660218,
        "mae": 0.7966023564338685
    },
    "out_domain_error": {
        "rmse": 9.215246677398682,
        "mae": 6.893755292892456
    },
    "predictive": {
        "kl_div": 0.4774993360042572,
        "mean_diff": 0.3755612373352051,
        "std_diff": 0.3184938430786133
    },
    "predictive_in_domain": {
        "kl_div": 0.019976843148469925,
        "mean_diff": 0.10481739789247513,
        "std_diff": 0.08808006346225739
    },
    "predictive_out_domain": {
        "kl_div": 39.8375358581543,
        "mean_diff": 6.294582843780518,
        "std_diff": 0.7094147801399231
    }
}