{
    "test_error": {
        "rmse": 0.5059644043445587,
        "mae": 0.402222603559494
    },
    "in_domain_error": {
        "rmse": 0.4965797573328018,
        "mae": 0.39659786522388457
    },
    "out_domain_error": {
        "rmse": 0.5074121445417404,
        "mae": 0.40478168427944183
    },
    "predictive": {
        "kl_div": 0.014993680641055107,
        "mean_diff": 0.060665275901556015,
        "std_diff": 0.027326833456754684
    },
    "predictive_in_domain": {
        "kl_div": 0.004019756335765123,
        "mean_diff": 0.03212917223572731,
        "std_diff": 0.012975143268704414
    },
    "predictive_out_domain": {
        "kl_div": 0.009253046475350857,
        "mean_diff": 0.029889550060033798,
        "std_diff": 0.0412258617579937
    }
}