{
    "sites": {
        "net_guide.net.0.weight.loc": [
            -1.0010917321778834e-05,
            -0.08144927769899368,
            -0.01850997284054756,
            3.985772132873535,
            -0.032366793602705,
            -0.005358543246984482,
            3.991302967071533,
            0.08747304975986481,
            -0.03868423029780388,
            -0.034173548221588135
        ],
        "net_guide.net.0.weight.scale": [
            0.003912543412297964,
            0.0038561357650905848,
            0.0038920934312045574,
            0.003863860387355089,
            0.003851618617773056,
            0.003777425969019532,
            0.0037888267543166876,
            0.003804125590249896,
            0.0037506846711039543,
            0.0038151233457028866
        ],
        "net_guide.net.0.bias.loc": [
            -0.019294019788503647
        ],
        "net_guide.net.0.bias.scale": [
            0.004280659835785627
        ]
    },
    "mean_weight_scale": 0.0038720997981727123,
    "min_weight_scale": 0.0037506846711039543,
    "max_weight_scale": 0.004280659835785627
}