{
    "test_error": {
        "rmse": 9.704243183135986,
        "mae": 7.819616460800171
    },
    "in_domain_error": {
        "rmse": 9.541700172424317,
        "mae": 7.735654401779175
    },
    "out_domain_error": {
        "rmse": 10.098063468933105,
        "mae": 8.133453226089477
    },
    "predictive": {
        "kl_div": 106.95307922363281,
        "mean_diff": 7.982423305511475,
        "std_diff": 10.053420066833496
    },
    "predictive_in_domain": {
        "kl_div": 95.15727996826172,
        "mean_diff": 7.712791919708252,
        "std_diff": 9.179195404052734
    },
    "predictive_out_domain": {
        "kl_div": 118.48979949951172,
        "mean_diff": 8.13892936706543,
        "std_diff": 10.89712142944336
    }
}