{
    "test_error": {
        "rmse": 2.7561851501464845,
        "mae": 1.9921800374984742
    },
    "in_domain_error": {
        "rmse": 1.5965605854988099,
        "mae": 1.284459412097931
    },
    "out_domain_error": {
        "rmse": 5.614209318161011,
        "mae": 5.032931280136109
    },
    "predictive": {
        "kl_div": 3.586446762084961,
        "mean_diff": 1.7696659564971924,
        "std_diff": 0.620499849319458
    },
    "predictive_in_domain": {
        "kl_div": 1.0704874992370605,
        "mean_diff": 1.0150307416915894,
        "std_diff": 0.5910574197769165
    },
    "predictive_out_domain": {
        "kl_div": 15.550872802734375,
        "mean_diff": 5.05251932144165,
        "std_diff": 0.758943498134613
    }
}