{
    "test_error": {
        "rmse": 1.843290138244629,
        "mae": 1.4859622716903687
    },
    "in_domain_error": {
        "rmse": 1.741472637653351,
        "mae": 1.4043467402458192
    },
    "out_domain_error": {
        "rmse": 2.0122315287590027,
        "mae": 1.6092898368835449
    },
    "predictive": {
        "kl_div": 1.3352540731430054,
        "mean_diff": 1.2230490446090698,
        "std_diff": 0.43605679273605347
    },
    "predictive_in_domain": {
        "kl_div": 1.02363920211792,
        "mean_diff": 1.1508376598358154,
        "std_diff": 0.038685817271471024
    },
    "predictive_out_domain": {
        "kl_div": 2.220432996749878,
        "mean_diff": 1.4729194641113281,
        "std_diff": 0.8591486811637878
    }
}