{
    "test_error": {
        "rmse": 2.2052676916122436,
        "mae": 1.7429904341697693
    },
    "in_domain_error": {
        "rmse": 1.746916902065277,
        "mae": 1.402538239955902
    },
    "out_domain_error": {
        "rmse": 3.4005534172058107,
        "mae": 3.0015985131263734
    },
    "predictive": {
        "kl_div": 93.37112426757812,
        "mean_diff": 1.199945092201233,
        "std_diff": 10.75800609588623
    },
    "predictive_in_domain": {
        "kl_div": 0.9890344142913818,
        "mean_diff": 1.1426268815994263,
        "std_diff": 0.04716450348496437
    },
    "predictive_out_domain": {
        "kl_div": 537.4054565429688,
        "mean_diff": 1.4147676229476929,
        "std_diff": 31.133813858032227
    }
}