{
    "test_error": {
        "rmse": 1.74627925157547,
        "mae": 1.3966823935508728
    },
    "in_domain_error": {
        "rmse": 1.7268498182296752,
        "mae": 1.3880016088485718
    },
    "out_domain_error": {
        "rmse": 1.8175186276435853,
        "mae": 1.4583230018615723
    },
    "predictive": {
        "kl_div": 1.1236763000488281,
        "mean_diff": 1.1855971813201904,
        "std_diff": 0.26434412598609924
    },
    "predictive_in_domain": {
        "kl_div": 0.9531717300415039,
        "mean_diff": 1.1042187213897705,
        "std_diff": 0.050114236772060394
    },
    "predictive_out_domain": {
        "kl_div": 1.4004709720611572,
        "mean_diff": 1.2533085346221924,
        "std_diff": 0.48239994049072266
    }
}