{
    "test_error": {
        "rmse": 4.02936623096466,
        "mae": 3.2023303747177123
    },
    "in_domain_error": {
        "rmse": 3.946482253074646,
        "mae": 3.1494210004806518
    },
    "out_domain_error": {
        "rmse": 4.584900760650635,
        "mae": 3.5968824148178102
    },
    "predictive": {
        "kl_div": 0.3034794330596924,
        "mean_diff": 0.5422338247299194,
        "std_diff": 1.726523995399475
    },
    "predictive_in_domain": {
        "kl_div": 0.6309083104133606,
        "mean_diff": 0.26435911655426025,
        "std_diff": 2.5993828773498535
    },
    "predictive_out_domain": {
        "kl_div": 0.6083955764770508,
        "mean_diff": 1.7473156452178955,
        "std_diff": 2.910397529602051
    }
}