{
    "test_error": {
        "rmse": 3.620014214515686,
        "mae": 2.3962440967559813
    },
    "in_domain_error": {
        "rmse": 1.592945921421051,
        "mae": 1.2767057538032531
    },
    "out_domain_error": {
        "rmse": 9.90456714630127,
        "mae": 9.291085338592529
    },
    "predictive": {
        "kl_div": 23.4753360748291,
        "mean_diff": 2.1631786823272705,
        "std_diff": 3.812234401702881
    },
    "predictive_in_domain": {
        "kl_div": 1.038177251815796,
        "mean_diff": 0.9909552335739136,
        "std_diff": 0.5828611850738525
    },
    "predictive_out_domain": {
        "kl_div": 202.04905700683594,
        "mean_diff": 9.425468444824219,
        "std_diff": 15.665282249450684
    }
}