{
    "test_error": {
        "rmse": 4.210167264938354,
        "mae": 3.3367428541183473
    },
    "in_domain_error": {
        "rmse": 4.179619693756104,
        "mae": 3.3356926918029783
    },
    "out_domain_error": {
        "rmse": 4.278847980499267,
        "mae": 3.4126538753509523
    },
    "predictive": {
        "kl_div": 0.6835471391677856,
        "mean_diff": 1.1710541248321533,
        "std_diff": 2.5511624813079834
    },
    "predictive_in_domain": {
        "kl_div": 0.9060525894165039,
        "mean_diff": 1.1420518159866333,
        "std_diff": 2.9101712703704834
    },
    "predictive_out_domain": {
        "kl_div": 0.551693856716156,
        "mean_diff": 1.1801960468292236,
        "std_diff": 2.356095790863037
    }
}