{"elbo": [812.7829759865999, 786.1194427162409, 802.3050320595503, 762.2514205574989, 739.7091638892889, 733.5899377316236, 709.3682246059179, 724.3547729551792, 681.2029322832823, 704.405611589551, 681.3293677866459, 659.6694831699133, 660.4020907580853, 649.7618786841631, 649.9702775627375, 646.3685238212347, 647.373815447092, 639.5993063151836, 644.685864880681, 626.9252810180187, 634.4341454952955, 621.9698553532362, 618.4010507762432, 627.1804534047842, 609.597820609808, 618.5280376672745, 616.8022334426641, 620.5333379209042, 606.9159920811653, 607.0005167722702, 610.4249378144741, 617.3466568440199, 607.8449161052704, 608.9957476705313, 605.5284289717674, 603.1261463612318, 609.8860997408628, 611.7447938919067, 605.8437068909407, 600.3063110113144, 600.5126968026161, 601.281467705965, 605.1903003305197, 597.1936657428741, 601.3660823702812, 593.975338101387, 599.774711638689, 600.6925253719091, 601.1881791204214, 594.9548344016075], "rmse": [], "val_rmse": [], "time": 9.209535360336304}