{"elbo": [17451.027540392515, 16799.03689299656, 16274.389180353925, 15783.567862682705, 15311.991138419018, 14834.350072045869, 14363.007397158237, 13873.673315940025, 13399.589388862441, 12935.379976355576, 12479.271849095067, 11986.627712091313, 11562.371203790737, 11092.649514131908, 10657.693655087978, 10230.560818809498, 9791.49596835088, 9380.426019285298, 8988.106358888783, 8586.180613834647, 8206.234417651272, 7869.036347932453, 7474.712887400313, 7160.739876795418, 6840.552312952053, 6538.730696065516, 6234.443804300284, 5951.342812741859, 5696.053069929533, 5430.428482870512, 5226.614916911608, 4989.644901826412, 4772.14228519156, 4587.566223014759, 4390.658874914616, 4204.426830750477, 4038.385872098464, 3892.2870940588696, 3746.012928804265, 3608.9969045964976, 3495.4614013599444, 3359.432359463052, 3255.016285502458, 3140.320322332503, 3053.0343333014957, 2934.538978356349, 2855.006241069564, 2758.9373862109605, 2680.0225056575823, 2593.5020073516457, 2545.6089063837558, 2465.660876053798, 2407.604143221167, 2342.3280667564536, 2273.4354870681523, 2246.929086175146, 2178.6302056674717, 2138.950694618346, 2065.5365418029737, 2059.892601281782, 2012.5634564538545, 1980.3630721237087, 1942.5468562343453, 1913.1398046590105, 1872.1796310189404, 1839.2067200775389, 1798.653393564345, 1766.2971819624115, 1733.2821221411982, 1726.3092492079434, 1686.203606596476, 1684.0026506985291, 1662.4304343839235, 1655.5508623515502, 1612.0505053604707, 1591.8473246339001, 1582.413180312024, 1542.397607226915, 1536.08794484561, 1530.8963517569289, 1507.5474731439276, 1495.6276482811456, 1470.485001902037, 1453.5176965496207, 1493.567665009559, 1454.14662960813, 1447.1403893247436, 1406.731913183309, 1427.0756467113013, 1376.585484199886, 1368.7146817883358, 1357.0331336184393, 1365.9173525194578, 1345.4801868396469, 1378.2363285052625, 1334.1767470474485, 1323.6736432147932, 1307.8246278883535, 1335.2725918111921, 1297.7334469270102], "rmse": [], "val_rmse": [], "time": 162.67922496795654}