{
    "test_error": {
        "rmse": 1.1352960109710692,
        "mae": 0.913350647687912
    },
    "in_domain_error": {
        "rmse": 1.0428158700466157,
        "mae": 0.8400510489940644
    },
    "out_domain_error": {
        "rmse": 2.3054615259170532,
        "mae": 2.383868420124054
    },
    "predictive": {
        "kl_div": 2.9702951908111572,
        "mean_diff": 0.43481457233428955,
        "std_diff": 1.6995166540145874
    },
    "predictive_in_domain": {
        "kl_div": 0.23474031686782837,
        "mean_diff": 0.24126935005187988,
        "std_diff": 0.3998938500881195
    },
    "predictive_out_domain": {
        "kl_div": 22.30663299560547,
        "mean_diff": 1.7522940635681152,
        "std_diff": 5.777685642242432
    }
}