{
    "test_error": {
        "rmse": 2.284484255313873,
        "mae": 1.3643475413322448
    },
    "in_domain_error": {
        "rmse": 1.7746466636657714,
        "mae": 1.6861888647079468
    },
    "out_domain_error": {
        "rmse": 1.7872104406356812,
        "mae": 1.660370695590973
    },
    "predictive": {
        "kl_div": 70.47465515136719,
        "mean_diff": 1.1592332124710083,
        "std_diff": 10.840658187866211
    },
    "predictive_in_domain": {
        "kl_div": 9.484397888183594,
        "mean_diff": 1.1327221393585205,
        "std_diff": 3.5465102195739746
    },
    "predictive_out_domain": {
        "kl_div": 271.4600830078125,
        "mean_diff": 1.142270803451538,
        "std_diff": 22.347023010253906
    }
}