{"test_rmse": 707348.69296875, "kl_div_normal_baseline": 122.31208572755484, "kl_div_predictive": 10.030344287052486, "mean_diff_normal_baseline": 358.97723388671875, "mean_diff_predictive": 355340.21875, "var_diff_normal_baseline": 2857.5859375, "var_diff_predictive": 480224575488.0, "std_diff_normal_baseline": 52.47172927856445, "std_diff_predictive": 692928.9375}