{
    "train": {
        "error": {
            "rmse": 0.5217961668968201,
            "loglikelihood": -0.8249636888504028,
            "mae": 0.41592565178871155
        },
        "predictive_eval": {
            "kl_div_to_data": 0.5834364295005798,
            "mean_diff_to_data": 0.37814074754714966,
            "std_diff_to_data": 0.1739763617515564
        }
    },
    "in_domain": {
        "error": {
            "rmse": 0.868651270866394,
            "loglikelihood": -1.350753903388977,
            "mae": 0.6953293085098267
        },
        "predictive_eval": {
            "kl_div_to_data": 1.1534978151321411,
            "mean_diff_to_data": 0.5666378736495972,
            "std_diff_to_data": 0.16857872903347015
        }
    },
    "out_domain": {
        "error": {
            "rmse": 13.567915916442871,
            "loglikelihood": -5.108344554901123,
            "mae": 10.865595817565918
        },
        "predictive_eval": {
            "kl_div_to_data": 10280.8564453125,
            "mean_diff_to_data": 11.248419761657715,
            "std_diff_to_data": 66.79126739501953
        }
    }
}