{
    "train": {
        "error": {
            "rmse": 0.5066375732421875,
            "loglikelihood": -0.8099321722984314,
            "mae": 0.4023644030094147
        },
        "predictive_eval": {
            "kl_div_to_data": 0.5953962206840515,
            "mean_diff_to_data": 0.36291515827178955,
            "std_diff_to_data": 0.18256738781929016
        }
    },
    "in_domain": {
        "error": {
            "rmse": 0.8629284501075745,
            "loglikelihood": -1.3312643766403198,
            "mae": 0.6839959025382996
        },
        "predictive_eval": {
            "kl_div_to_data": 1.0470702648162842,
            "mean_diff_to_data": 0.5469470024108887,
            "std_diff_to_data": 0.15699972212314606
        }
    },
    "out_domain": {
        "error": {
            "rmse": 16.200294494628906,
            "loglikelihood": -5.057822227478027,
            "mae": 12.995353698730469
        },
        "predictive_eval": {
            "kl_div_to_data": 9686.572265625,
            "mean_diff_to_data": 13.670353889465332,
            "std_diff_to_data": 63.800376892089844
        }
    }
}