{
    "train": {
        "error": {
            "rmse": 0.5205790996551514,
            "loglikelihood": -0.823871910572052,
            "mae": 0.4133623540401459
        },
        "predictive_eval": {
            "kl_div_to_data": 0.5592220425605774,
            "mean_diff_to_data": 0.37682098150253296,
            "std_diff_to_data": 0.16810882091522217
        }
    },
    "in_domain": {
        "error": {
            "rmse": 0.8764309883117676,
            "loglikelihood": -1.362779974937439,
            "mae": 0.6985897421836853
        },
        "predictive_eval": {
            "kl_div_to_data": 1.0241278409957886,
            "mean_diff_to_data": 0.5331604480743408,
            "std_diff_to_data": 0.16302883625030518
        }
    },
    "out_domain": {
        "error": {
            "rmse": 14.980911254882812,
            "loglikelihood": -5.025469779968262,
            "mae": 11.9768705368042
        },
        "predictive_eval": {
            "kl_div_to_data": 9117.1357421875,
            "mean_diff_to_data": 12.807581901550293,
            "std_diff_to_data": 61.42176818847656
        }
    }
}