{
    "train": {
        "error": {
            "rmse": 0.5210364460945129,
            "loglikelihood": -0.8224866986274719,
            "mae": 0.41543230414390564
        },
        "predictive_eval": {
            "kl_div_to_data": 0.5588230490684509,
            "mean_diff_to_data": 0.3784796893596649,
            "std_diff_to_data": 0.16355791687965393
        }
    },
    "test": {
        "error": {
            "rmse": 9.738717079162598,
            "loglikelihood": -3.2388710975646973,
            "mae": 5.85407829284668
        },
        "predictive_eval": {
            "kl_div_to_data": 5381.12744140625,
            "mean_diff_to_data": 6.064100742340088,
            "std_diff_to_data": 35.43729019165039
        }
    },
    "in_domain": {
        "error": {
            "rmse": 0.8693088293075562,
            "loglikelihood": -1.368721604347229,
            "mae": 0.6958132982254028
        },
        "predictive_eval": {
            "kl_div_to_data": 1.1277114152908325,
            "mean_diff_to_data": 0.5664228796958923,
            "std_diff_to_data": 0.15720757842063904
        }
    },
    "out_domain": {
        "error": {
            "rmse": 13.551678657531738,
            "loglikelihood": -5.104411602020264,
            "mae": 10.850839614868164
        },
        "predictive_eval": {
            "kl_div_to_data": 10394.68359375,
            "mean_diff_to_data": 11.506710052490234,
            "std_diff_to_data": 66.99296569824219
        }
    }
}