{
    "train": {
        "error": {
            "rmse": 0.5208404660224915,
            "loglikelihood": -0.8242378234863281,
            "mae": 0.4136160910129547
        },
        "predictive_eval": {
            "kl_div_to_data": 0.5556732416152954,
            "mean_diff_to_data": 0.37495526671409607,
            "std_diff_to_data": 0.1628473550081253
        }
    },
    "test": {
        "error": {
            "rmse": 10.718250274658203,
            "loglikelihood": -3.199068784713745,
            "mae": 6.38546085357666
        },
        "predictive_eval": {
            "kl_div_to_data": 4834.0361328125,
            "mean_diff_to_data": 6.792783737182617,
            "std_diff_to_data": 32.73564147949219
        }
    },
    "in_domain": {
        "error": {
            "rmse": 0.8766255378723145,
            "loglikelihood": -1.3707669973373413,
            "mae": 0.6988596320152283
        },
        "predictive_eval": {
            "kl_div_to_data": 1.0257434844970703,
            "mean_diff_to_data": 0.5343969464302063,
            "std_diff_to_data": 0.16528543829917908
        }
    },
    "out_domain": {
        "error": {
            "rmse": 15.138738632202148,
            "loglikelihood": -5.021144390106201,
            "mae": 12.089137077331543
        },
        "predictive_eval": {
            "kl_div_to_data": 9284.40625,
            "mean_diff_to_data": 12.65961742401123,
            "std_diff_to_data": 62.0948371887207
        }
    }
}