{
    "train": {
        "error": {
            "rmse": 0.5066385269165039,
            "loglikelihood": -0.808255672454834,
            "mae": 0.40235719084739685
        },
        "predictive_eval": {
            "kl_div_to_data": 0.5635842084884644,
            "mean_diff_to_data": 0.3643679916858673,
            "std_diff_to_data": 0.16866172850131989
        }
    },
    "test": {
        "error": {
            "rmse": 11.536139488220215,
            "loglikelihood": -3.198080539703369,
            "mae": 6.871514797210693
        },
        "predictive_eval": {
            "kl_div_to_data": 5080.7158203125,
            "mean_diff_to_data": 6.998220920562744,
            "std_diff_to_data": 33.79740524291992
        }
    },
    "in_domain": {
        "error": {
            "rmse": 0.8638694286346436,
            "loglikelihood": -1.3460417985916138,
            "mae": 0.6849031448364258
        },
        "predictive_eval": {
            "kl_div_to_data": 1.0882763862609863,
            "mean_diff_to_data": 0.5465896129608154,
            "std_diff_to_data": 0.1799735426902771
        }
    },
    "out_domain": {
        "error": {
            "rmse": 16.490962982177734,
            "loglikelihood": -5.058096408843994,
            "mae": 13.189605712890625
        },
        "predictive_eval": {
            "kl_div_to_data": 9642.330078125,
            "mean_diff_to_data": 13.85757827758789,
            "std_diff_to_data": 63.502281188964844
        }
    }
}