{
    "train": {
        "error": {
            "rmse": 0.5247042775154114,
            "loglikelihood": -0.8318132758140564,
            "mae": 0.4187662601470947
        },
        "predictive_eval": {
            "kl_div_to_data": 0.5870910882949829,
            "mean_diff_to_data": 0.38405540585517883,
            "std_diff_to_data": 0.16336551308631897
        }
    },
    "in_domain": {
        "error": {
            "rmse": 0.853293240070343,
            "loglikelihood": -1.3213683366775513,
            "mae": 0.6792982816696167
        },
        "predictive_eval": {
            "kl_div_to_data": 0.9875614047050476,
            "mean_diff_to_data": 0.5295236110687256,
            "std_diff_to_data": 0.15189824998378754
        }
    },
    "out_domain": {
        "error": {
            "rmse": 16.695280075073242,
            "loglikelihood": -5.12312126159668,
            "mae": 13.332481384277344
        },
        "predictive_eval": {
            "kl_div_to_data": 10332.92578125,
            "mean_diff_to_data": 14.09974193572998,
            "std_diff_to_data": 66.54606628417969
        }
    }
}