{
    "train": {
        "error": {
            "rmse": 0.5263792276382446,
            "loglikelihood": -0.8277701735496521,
            "mae": 0.4193778932094574
        },
        "predictive_eval": {
            "kl_div_to_data": 0.5926082730293274,
            "mean_diff_to_data": 0.38547948002815247,
            "std_diff_to_data": 0.16704019904136658
        }
    },
    "test": {
        "error": {
            "rmse": 10.563158988952637,
            "loglikelihood": -3.2789039611816406,
            "mae": 6.280365943908691
        },
        "predictive_eval": {
            "kl_div_to_data": 6484.083984375,
            "mean_diff_to_data": 6.53643798828125,
            "std_diff_to_data": 39.2530403137207
        }
    },
    "in_domain": {
        "error": {
            "rmse": 0.851009726524353,
            "loglikelihood": -1.3338426351547241,
            "mae": 0.6776444315910339
        },
        "predictive_eval": {
            "kl_div_to_data": 1.032899022102356,
            "mean_diff_to_data": 0.5416186451911926,
            "std_diff_to_data": 0.1488567441701889
        }
    },
    "out_domain": {
        "error": {
            "rmse": 14.989615440368652,
            "loglikelihood": -5.215403079986572,
            "mae": 11.929001808166504
        },
        "predictive_eval": {
            "kl_div_to_data": 12121.404296875,
            "mean_diff_to_data": 11.770806312561035,
            "std_diff_to_data": 73.43062591552734
        }
    }
}