{
    "train": {
        "error": {
            "rmse": 0.5261148810386658,
            "loglikelihood": -0.8299293518066406,
            "mae": 0.41901159286499023
        },
        "predictive_eval": {
            "kl_div_to_data": 0.5555655360221863,
            "mean_diff_to_data": 0.38498833775520325,
            "std_diff_to_data": 0.1490384340286255
        }
    },
    "in_domain": {
        "error": {
            "rmse": 0.8519478440284729,
            "loglikelihood": -1.32719886302948,
            "mae": 0.6787298321723938
        },
        "predictive_eval": {
            "kl_div_to_data": 1.0446628332138062,
            "mean_diff_to_data": 0.5415983200073242,
            "std_diff_to_data": 0.1530759334564209
        }
    },
    "out_domain": {
        "error": {
            "rmse": 14.689823150634766,
            "loglikelihood": -5.216695308685303,
            "mae": 11.697157859802246
        },
        "predictive_eval": {
            "kl_div_to_data": 12355.814453125,
            "mean_diff_to_data": 11.917534828186035,
            "std_diff_to_data": 74.04793548583984
        }
    }
}