{"elbo": [34624262057739.805, 7568517481812.736, 7359097141280.286, 8287542481111.6455, 9885698354598.828, 2854372142424.3193, 3229032373977.1045, 2724626790824.43, 1556145068102.2915, 2180882804257.9656, 1813954030618.181, 1388372805041.0051, 1636007993562.2498, 1426881122778.8425, 1201594369554.9172, 994995042489.8955, 1201925637366.02, 1030824056057.5378, 952166189870.1414, 994298611355.7314, 760291498729.8873, 645251842515.544, 619083722247.6672, 560289215934.9099, 683735597914.3584, 638612660447.6864, 576026535835.739, 511585798015.275, 555548501290.6888, 483679679586.9994, 461755980197.0418, 413869840301.8708, 413015213016.0019, 374863512615.65326, 382933042268.5516, 358223780373.9431, 371018716715.21375, 395135171877.384, 417447249723.6196, 297283732693.26184, 409781893679.5842, 282319702371.7304, 322542099159.4571, 303780189985.5729, 320846278221.6036, 279696291263.0849, 212442043416.11566, 229063410308.78217, 215920466384.3782, 224295141377.64648, 200905183017.04358, 217078949424.9078, 216768967622.08334, 191267304166.0351, 194643164776.69037, 174294263056.6729, 187012601983.3521, 154019541533.3954, 158232183090.08517, 162229248753.5553, 134868177948.3062, 142622775586.04678, 127024097162.18045, 143148374147.3921, 142197051566.11487, 123489914344.80367, 122510794007.43782, 97757583426.15327, 122537100167.75943, 133157563262.97531, 108990017891.6829, 91690275609.82986, 118640107391.19858, 113012934206.74487, 97674575315.0759, 105399559240.95895, 92309191470.27748, 78782069273.77525, 87017104960.96619, 80274790439.31998, 76001428563.60587, 71037900575.00766, 72107748782.76413, 69352899990.77563, 59676689452.928566, 62630701233.46338, 65265151423.94076, 71086458250.24191, 68648486791.50008, 51499820753.31435, 57567560528.191666, 45535688510.90611, 52315245898.96508, 58816305270.99729, 45715784788.01632, 48413921711.310104, 45618425086.61202, 43540658265.39579, 46348303114.87748, 39730473414.14022], "rmse": [], "val_rmse": [], "time": 84.02948451042175}