{
    "train": {
        "error": {
            "rmse": 0.5961875915527344,
            "loglikelihood": -0.907120406627655,
            "mae": 0.47677984833717346
        },
        "predictive_eval": {
            "kl_div_to_data": 0.37331220507621765,
            "mean_diff_to_data": 0.3350464999675751,
            "std_diff_to_data": 0.05877961590886116
        }
    },
    "in_domain": {
        "error": {
            "rmse": 0.7004439234733582,
            "loglikelihood": -1.1213957071304321,
            "mae": 0.5572636723518372
        },
        "predictive_eval": {
            "kl_div_to_data": 0.48251429200172424,
            "mean_diff_to_data": 0.3785167932510376,
            "std_diff_to_data": 0.05887637659907341
        }
    },
    "out_domain": {
        "error": {
            "rmse": 11.842462539672852,
            "loglikelihood": -71.05823516845703,
            "mae": 9.497779846191406
        },
        "predictive_eval": {
            "kl_div_to_data": 303.0798645019531,
            "mean_diff_to_data": 9.929278373718262,
            "std_diff_to_data": 0.49232980608940125
        }
    }
}