{
    "train": {
        "error": {
            "rmse": 0.6321608424186707,
            "loglikelihood": -1.0248678922653198,
            "mae": 0.505408525466919
        },
        "predictive_eval": {
            "kl_div_to_data": 0.3699195384979248,
            "mean_diff_to_data": 0.32972705364227295,
            "std_diff_to_data": 0.061310820281505585
        }
    },
    "in_domain": {
        "error": {
            "rmse": 0.752037763595581,
            "loglikelihood": -1.3572885990142822,
            "mae": 0.5957088470458984
        },
        "predictive_eval": {
            "kl_div_to_data": 0.495084285736084,
            "mean_diff_to_data": 0.3786662518978119,
            "std_diff_to_data": 0.06182846799492836
        }
    },
    "out_domain": {
        "error": {
            "rmse": 11.594110488891602,
            "loglikelihood": -269.06097412109375,
            "mae": 9.22932243347168
        },
        "predictive_eval": {
            "kl_div_to_data": 287.1617431640625,
            "mean_diff_to_data": 9.592886924743652,
            "std_diff_to_data": 0.4182017743587494
        }
    }
}