{
    "train": {
        "error": {
            "rmse": 0.587668240070343,
            "loglikelihood": -0.8899466395378113,
            "mae": 0.46990546584129333
        },
        "predictive_eval": {
            "kl_div_to_data": 0.3862839639186859,
            "mean_diff_to_data": 0.3384207487106323,
            "std_diff_to_data": 0.06246216222643852
        }
    },
    "in_domain": {
        "error": {
            "rmse": 0.7160881161689758,
            "loglikelihood": -1.1502649784088135,
            "mae": 0.5701305270195007
        },
        "predictive_eval": {
            "kl_div_to_data": 0.5200725793838501,
            "mean_diff_to_data": 0.392143577337265,
            "std_diff_to_data": 0.06384331732988358
        }
    },
    "out_domain": {
        "error": {
            "rmse": 11.75340747833252,
            "loglikelihood": -72.65222930908203,
            "mae": 9.417831420898438
        },
        "predictive_eval": {
            "kl_div_to_data": 295.3876037597656,
            "mean_diff_to_data": 9.82718563079834,
            "std_diff_to_data": 0.4678894281387329
        }
    }
}