{
    "train": {
        "error": {
            "rmse": 0.5903867483139038,
            "loglikelihood": -0.8965640068054199,
            "mae": 0.4689262807369232
        },
        "predictive_eval": {
            "kl_div_to_data": 0.36891400814056396,
            "mean_diff_to_data": 0.3285166323184967,
            "std_diff_to_data": 0.06114107370376587
        }
    },
    "in_domain": {
        "error": {
            "rmse": 0.7046590447425842,
            "loglikelihood": -1.1253126859664917,
            "mae": 0.5620658993721008
        },
        "predictive_eval": {
            "kl_div_to_data": 0.5159360766410828,
            "mean_diff_to_data": 0.39481237530708313,
            "std_diff_to_data": 0.06282233446836472
        }
    },
    "out_domain": {
        "error": {
            "rmse": 12.028383255004883,
            "loglikelihood": -81.9874496459961,
            "mae": 9.64097785949707
        },
        "predictive_eval": {
            "kl_div_to_data": 312.6545104980469,
            "mean_diff_to_data": 10.079687118530273,
            "std_diff_to_data": 0.4451606869697571
        }
    }
}