{
    "train": {
        "error": {
            "rmse": 0.5999903082847595,
            "loglikelihood": -0.9145919680595398,
            "mae": 0.47928759455680847
        },
        "predictive_eval": {
            "kl_div_to_data": 0.3691398799419403,
            "mean_diff_to_data": 0.3245028555393219,
            "std_diff_to_data": 0.056267838925123215
        }
    },
    "in_domain": {
        "error": {
            "rmse": 0.7087286114692688,
            "loglikelihood": -1.1378954648971558,
            "mae": 0.5608638525009155
        },
        "predictive_eval": {
            "kl_div_to_data": 0.5386767387390137,
            "mean_diff_to_data": 0.3968859910964966,
            "std_diff_to_data": 0.058080337941646576
        }
    },
    "out_domain": {
        "error": {
            "rmse": 11.779531478881836,
            "loglikelihood": -77.69957733154297,
            "mae": 9.420573234558105
        },
        "predictive_eval": {
            "kl_div_to_data": 301.0942077636719,
            "mean_diff_to_data": 9.822504043579102,
            "std_diff_to_data": 0.4423114061355591
        }
    }
}