{
    "train": {
        "error": {
            "rmse": 0.5984507203102112,
            "loglikelihood": -0.9120661020278931,
            "mae": 0.47571974992752075
        },
        "predictive_eval": {
            "kl_div_to_data": 0.3900417983531952,
            "mean_diff_to_data": 0.3424539268016815,
            "std_diff_to_data": 0.056785210967063904
        }
    },
    "in_domain": {
        "error": {
            "rmse": 0.7081270217895508,
            "loglikelihood": -1.136146903038025,
            "mae": 0.5597085356712341
        },
        "predictive_eval": {
            "kl_div_to_data": 0.5180396437644958,
            "mean_diff_to_data": 0.38606566190719604,
            "std_diff_to_data": 0.05847136676311493
        }
    },
    "out_domain": {
        "error": {
            "rmse": 11.708353996276855,
            "loglikelihood": -79.52069091796875,
            "mae": 9.36292552947998
        },
        "predictive_eval": {
            "kl_div_to_data": 296.7114562988281,
            "mean_diff_to_data": 9.78646183013916,
            "std_diff_to_data": 0.4313986599445343
        }
    }
}