{
    "train": {
        "error": {
            "rmse": 0.6478171944618225,
            "loglikelihood": -1.0652180910110474,
            "mae": 0.5175697803497314
        },
        "predictive_eval": {
            "kl_div_to_data": 0.3691398799419403,
            "mean_diff_to_data": 0.3245028555393219,
            "std_diff_to_data": 0.056267838925123215
        }
    },
    "in_domain": {
        "error": {
            "rmse": 0.7479836344718933,
            "loglikelihood": -1.3440502882003784,
            "mae": 0.5925499796867371
        },
        "predictive_eval": {
            "kl_div_to_data": 0.5386767387390137,
            "mean_diff_to_data": 0.3968859910964966,
            "std_diff_to_data": 0.058080337941646576
        }
    },
    "out_domain": {
        "error": {
            "rmse": 11.780738830566406,
            "loglikelihood": -277.7850036621094,
            "mae": 9.424674034118652
        },
        "predictive_eval": {
            "kl_div_to_data": 301.0942077636719,
            "mean_diff_to_data": 9.822504043579102,
            "std_diff_to_data": 0.4423114061355591
        }
    }
}