{
    "train": {
        "error": {
            "rmse": 0.6416094303131104,
            "loglikelihood": -1.0490068197250366,
            "mae": 0.5122150778770447
        },
        "predictive_eval": {
            "kl_div_to_data": 0.3862839639186859,
            "mean_diff_to_data": 0.3384207487106323,
            "std_diff_to_data": 0.06246216222643852
        }
    },
    "in_domain": {
        "error": {
            "rmse": 0.7553607821464539,
            "loglikelihood": -1.3676074743270874,
            "mae": 0.6007513999938965
        },
        "predictive_eval": {
            "kl_div_to_data": 0.5200725793838501,
            "mean_diff_to_data": 0.392143577337265,
            "std_diff_to_data": 0.06384331732988358
        }
    },
    "out_domain": {
        "error": {
            "rmse": 11.78572940826416,
            "loglikelihood": -278.1085510253906,
            "mae": 9.450784683227539
        },
        "predictive_eval": {
            "kl_div_to_data": 295.3876037597656,
            "mean_diff_to_data": 9.82718563079834,
            "std_diff_to_data": 0.4678894281387329
        }
    }
}