{
    "train": {
        "error": {
            "rmse": 0.5897077322006226,
            "loglikelihood": -0.8936650156974792,
            "mae": 0.4693007171154022
        },
        "predictive_eval": {
            "kl_div_to_data": 0.3557683229446411,
            "mean_diff_to_data": 0.3252936899662018,
            "std_diff_to_data": 0.06111336871981621
        }
    },
    "in_domain": {
        "error": {
            "rmse": 0.7106379270553589,
            "loglikelihood": -1.1394308805465698,
            "mae": 0.5683951377868652
        },
        "predictive_eval": {
            "kl_div_to_data": 0.5215809345245361,
            "mean_diff_to_data": 0.39199864864349365,
            "std_diff_to_data": 0.06108313053846359
        }
    },
    "out_domain": {
        "error": {
            "rmse": 11.534250259399414,
            "loglikelihood": -75.3456039428711,
            "mae": 9.200347900390625
        },
        "predictive_eval": {
            "kl_div_to_data": 284.22186279296875,
            "mean_diff_to_data": 9.516677856445312,
            "std_diff_to_data": 0.4340673089027405
        }
    }
}