{
    "train": {
        "error": {
            "rmse": 0.5754473209381104,
            "loglikelihood": -0.8692291378974915,
            "mae": 0.4606562554836273
        },
        "predictive_eval": {
            "kl_div_to_data": 0.36449408531188965,
            "mean_diff_to_data": 0.32739776372909546,
            "std_diff_to_data": 0.06049346551299095
        }
    },
    "in_domain": {
        "error": {
            "rmse": 0.6981605887413025,
            "loglikelihood": -1.111133337020874,
            "mae": 0.5541189908981323
        },
        "predictive_eval": {
            "kl_div_to_data": 0.49558836221694946,
            "mean_diff_to_data": 0.38166311383247375,
            "std_diff_to_data": 0.06203596666455269
        }
    },
    "out_domain": {
        "error": {
            "rmse": 11.802884101867676,
            "loglikelihood": -72.16712188720703,
            "mae": 9.450345039367676
        },
        "predictive_eval": {
            "kl_div_to_data": 294.1835632324219,
            "mean_diff_to_data": 9.69459342956543,
            "std_diff_to_data": 0.4762524366378784
        }
    }
}