{
    "train": {
        "error": {
            "rmse": 0.6266423463821411,
            "loglikelihood": -1.0108860731124878,
            "mae": 0.5014323592185974
        },
        "predictive_eval": {
            "kl_div_to_data": 0.36449408531188965,
            "mean_diff_to_data": 0.32739776372909546,
            "std_diff_to_data": 0.06049346551299095
        }
    },
    "in_domain": {
        "error": {
            "rmse": 0.738215446472168,
            "loglikelihood": -1.3158568143844604,
            "mae": 0.5819458365440369
        },
        "predictive_eval": {
            "kl_div_to_data": 0.49558836221694946,
            "mean_diff_to_data": 0.38166311383247375,
            "std_diff_to_data": 0.06203596666455269
        }
    },
    "out_domain": {
        "error": {
            "rmse": 11.827638626098633,
            "loglikelihood": -279.93121337890625,
            "mae": 9.475083351135254
        },
        "predictive_eval": {
            "kl_div_to_data": 294.1835632324219,
            "mean_diff_to_data": 9.69459342956543,
            "std_diff_to_data": 0.4762524366378784
        }
    }
}