{
    "train": {
        "error": {
            "rmse": 0.6409050226211548,
            "loglikelihood": -1.0474199056625366,
            "mae": 0.5118010640144348
        },
        "predictive_eval": {
            "kl_div_to_data": 0.36444684863090515,
            "mean_diff_to_data": 0.3352746069431305,
            "std_diff_to_data": 0.06059008464217186
        }
    },
    "in_domain": {
        "error": {
            "rmse": 0.7454293370246887,
            "loglikelihood": -1.3372960090637207,
            "mae": 0.5928015112876892
        },
        "predictive_eval": {
            "kl_div_to_data": 0.5339226126670837,
            "mean_diff_to_data": 0.39750975370407104,
            "std_diff_to_data": 0.061539337038993835
        }
    },
    "out_domain": {
        "error": {
            "rmse": 11.780372619628906,
            "loglikelihood": -277.9292907714844,
            "mae": 9.418266296386719
        },
        "predictive_eval": {
            "kl_div_to_data": 293.5730895996094,
            "mean_diff_to_data": 9.786222457885742,
            "std_diff_to_data": 0.443032830953598
        }
    }
}