{
    "train": {
        "error": {
            "rmse": 0.647433876991272,
            "loglikelihood": -1.0642622709274292,
            "mae": 0.513195276260376
        },
        "predictive_eval": {
            "kl_div_to_data": 0.3900417983531952,
            "mean_diff_to_data": 0.3424539268016815,
            "std_diff_to_data": 0.056785210967063904
        }
    },
    "in_domain": {
        "error": {
            "rmse": 0.7496089935302734,
            "loglikelihood": -1.3491965532302856,
            "mae": 0.5951254367828369
        },
        "predictive_eval": {
            "kl_div_to_data": 0.5180396437644958,
            "mean_diff_to_data": 0.38606566190719604,
            "std_diff_to_data": 0.05847136676311493
        }
    },
    "out_domain": {
        "error": {
            "rmse": 11.78488540649414,
            "loglikelihood": -277.91485595703125,
            "mae": 9.417830467224121
        },
        "predictive_eval": {
            "kl_div_to_data": 296.7114562988281,
            "mean_diff_to_data": 9.78646183013916,
            "std_diff_to_data": 0.4313986599445343
        }
    }
}