{
    "train": {
        "error": {
            "rmse": 0.6416435241699219,
            "loglikelihood": -1.0489956140518188,
            "mae": 0.5123314261436462
        },
        "predictive_eval": {
            "kl_div_to_data": 0.37331220507621765,
            "mean_diff_to_data": 0.3350464999675751,
            "std_diff_to_data": 0.05877961590886116
        }
    },
    "in_domain": {
        "error": {
            "rmse": 0.7439894676208496,
            "loglikelihood": -1.332614779472351,
            "mae": 0.5894997715950012
        },
        "predictive_eval": {
            "kl_div_to_data": 0.48251429200172424,
            "mean_diff_to_data": 0.3785167932510376,
            "std_diff_to_data": 0.05887637659907341
        }
    },
    "out_domain": {
        "error": {
            "rmse": 11.814568519592285,
            "loglikelihood": -279.3451232910156,
            "mae": 9.46656322479248
        },
        "predictive_eval": {
            "kl_div_to_data": 303.0798645019531,
            "mean_diff_to_data": 9.929278373718262,
            "std_diff_to_data": 0.49232980608940125
        }
    }
}