{
    "train": {
        "error": {
            "rmse": 0.5927816033363342,
            "loglikelihood": -0.8998187184333801,
            "mae": 0.47362491488456726
        },
        "predictive_eval": {
            "kl_div_to_data": 0.36444684863090515,
            "mean_diff_to_data": 0.3352746069431305,
            "std_diff_to_data": 0.06059008464217186
        }
    },
    "in_domain": {
        "error": {
            "rmse": 0.6965898871421814,
            "loglikelihood": -1.1106572151184082,
            "mae": 0.5530853271484375
        },
        "predictive_eval": {
            "kl_div_to_data": 0.5339226126670837,
            "mean_diff_to_data": 0.39750975370407104,
            "std_diff_to_data": 0.061539337038993835
        }
    },
    "out_domain": {
        "error": {
            "rmse": 11.68525218963623,
            "loglikelihood": -76.0416030883789,
            "mae": 9.338316917419434
        },
        "predictive_eval": {
            "kl_div_to_data": 293.5730895996094,
            "mean_diff_to_data": 9.786222457885742,
            "std_diff_to_data": 0.443032830953598
        }
    }
}