{
    "train": {
        "error": {
            "rmse": 0.6444400548934937,
            "loglikelihood": -1.056454062461853,
            "mae": 0.5111013650894165
        },
        "predictive_eval": {
            "kl_div_to_data": 0.36891400814056396,
            "mean_diff_to_data": 0.3285166323184967,
            "std_diff_to_data": 0.06114107370376587
        }
    },
    "in_domain": {
        "error": {
            "rmse": 0.7451745867729187,
            "loglikelihood": -1.3361315727233887,
            "mae": 0.5926436185836792
        },
        "predictive_eval": {
            "kl_div_to_data": 0.5159360766410828,
            "mean_diff_to_data": 0.39481237530708313,
            "std_diff_to_data": 0.06282233446836472
        }
    },
    "out_domain": {
        "error": {
            "rmse": 12.146871566772461,
            "loglikelihood": -295.36767578125,
            "mae": 9.745997428894043
        },
        "predictive_eval": {
            "kl_div_to_data": 312.6545104980469,
            "mean_diff_to_data": 10.079687118530273,
            "std_diff_to_data": 0.4451606869697571
        }
    }
}