{
    "train": {
        "error": {
            "rmse": 0.5933313369750977,
            "loglikelihood": -0.9007131457328796,
            "mae": 0.47400999069213867
        },
        "predictive_eval": {
            "kl_div_to_data": 0.3647286891937256,
            "mean_diff_to_data": 0.3355538845062256,
            "std_diff_to_data": 0.06000050529837608
        }
    },
    "test": {
        "error": {
            "rmse": 8.272926330566406,
            "loglikelihood": -38.4432373046875,
            "mae": 4.942981243133545
        },
        "predictive_eval": {
            "kl_div_to_data": 144.57943725585938,
            "mean_diff_to_data": 5.164180755615234,
            "std_diff_to_data": 0.26454591751098633
        }
    },
    "in_domain": {
        "error": {
            "rmse": 0.6965554356575012,
            "loglikelihood": -1.1100616455078125,
            "mae": 0.5529791712760925
        },
        "predictive_eval": {
            "kl_div_to_data": 0.5339666604995728,
            "mean_diff_to_data": 0.39793524146080017,
            "std_diff_to_data": 0.0608842708170414
        }
    },
    "out_domain": {
        "error": {
            "rmse": 11.696942329406738,
            "loglikelihood": -76.11793518066406,
            "mae": 9.346470832824707
        },
        "predictive_eval": {
            "kl_div_to_data": 293.4211120605469,
            "mean_diff_to_data": 9.78261947631836,
            "std_diff_to_data": 0.4393270015716553
        }
    }
}