{
    "train": {
        "error": {
            "rmse": 0.5877652764320374,
            "loglikelihood": -0.890140175819397,
            "mae": 0.4699536859989166
        },
        "predictive_eval": {
            "kl_div_to_data": 0.38436949253082275,
            "mean_diff_to_data": 0.3374549448490143,
            "std_diff_to_data": 0.06295083463191986
        }
    },
    "test": {
        "error": {
            "rmse": 8.327631950378418,
            "loglikelihood": -36.94111251831055,
            "mae": 4.9966607093811035
        },
        "predictive_eval": {
            "kl_div_to_data": 146.5668487548828,
            "mean_diff_to_data": 5.22506856918335,
            "std_diff_to_data": 0.27846789360046387
        }
    },
    "in_domain": {
        "error": {
            "rmse": 0.7163613438606262,
            "loglikelihood": -1.150193452835083,
            "mae": 0.5705108046531677
        },
        "predictive_eval": {
            "kl_div_to_data": 0.5207500457763672,
            "mean_diff_to_data": 0.3923743963241577,
            "std_diff_to_data": 0.0620306096971035
        }
    },
    "out_domain": {
        "error": {
            "rmse": 11.750432968139648,
            "loglikelihood": -72.60384368896484,
            "mae": 9.415486335754395
        },
        "predictive_eval": {
            "kl_div_to_data": 295.2341003417969,
            "mean_diff_to_data": 9.824867248535156,
            "std_diff_to_data": 0.4688933193683624
        }
    }
}