{
    "train": {
        "error": {
            "rmse": 0.633389413356781,
            "loglikelihood": -1.0281680822372437,
            "mae": 0.5049058794975281
        },
        "predictive_eval": {
            "kl_div_to_data": 0.3557683229446411,
            "mean_diff_to_data": 0.3252936899662018,
            "std_diff_to_data": 0.06111336871981621
        }
    },
    "in_domain": {
        "error": {
            "rmse": 0.7449048757553101,
            "loglikelihood": -1.3356331586837769,
            "mae": 0.5930984616279602
        },
        "predictive_eval": {
            "kl_div_to_data": 0.5215809345245361,
            "mean_diff_to_data": 0.39199864864349365,
            "std_diff_to_data": 0.06108313053846359
        }
    },
    "out_domain": {
        "error": {
            "rmse": 11.58749008178711,
            "loglikelihood": -268.7406921386719,
            "mae": 9.240493774414062
        },
        "predictive_eval": {
            "kl_div_to_data": 284.22186279296875,
            "mean_diff_to_data": 9.516677856445312,
            "std_diff_to_data": 0.4340673089027405
        }
    }
}