{
    "train": {
        "error": {
            "rmse": 0.6315094232559204,
            "loglikelihood": -1.023349404335022,
            "mae": 0.5027488470077515
        },
        "predictive_eval": {
            "kl_div_to_data": 0.3341127932071686,
            "mean_diff_to_data": 0.3126732110977173,
            "std_diff_to_data": 0.05662740767002106
        }
    },
    "in_domain": {
        "error": {
            "rmse": 0.7333400249481201,
            "loglikelihood": -1.3012508153915405,
            "mae": 0.5814582705497742
        },
        "predictive_eval": {
            "kl_div_to_data": 0.47555214166641235,
            "mean_diff_to_data": 0.3763129413127899,
            "std_diff_to_data": 0.05762530118227005
        }
    },
    "out_domain": {
        "error": {
            "rmse": 11.389032363891602,
            "loglikelihood": -259.7721862792969,
            "mae": 9.097214698791504
        },
        "predictive_eval": {
            "kl_div_to_data": 281.127685546875,
            "mean_diff_to_data": 9.483017921447754,
            "std_diff_to_data": 0.4904962480068207
        }
    }
}