{
    "train": {
        "error": {
            "rmse": 0.581503689289093,
            "loglikelihood": -0.8786317706108093,
            "mae": 0.46350184082984924
        },
        "predictive_eval": {
            "kl_div_to_data": 0.3341127932071686,
            "mean_diff_to_data": 0.3126732110977173,
            "std_diff_to_data": 0.05662740767002106
        }
    },
    "in_domain": {
        "error": {
            "rmse": 0.6962257027626038,
            "loglikelihood": -1.110528826713562,
            "mae": 0.5501337051391602
        },
        "predictive_eval": {
            "kl_div_to_data": 0.47555214166641235,
            "mean_diff_to_data": 0.3763129413127899,
            "std_diff_to_data": 0.05762530118227005
        }
    },
    "out_domain": {
        "error": {
            "rmse": 11.409235954284668,
            "loglikelihood": -67.08707427978516,
            "mae": 9.11737060546875
        },
        "predictive_eval": {
            "kl_div_to_data": 281.127685546875,
            "mean_diff_to_data": 9.483017921447754,
            "std_diff_to_data": 0.4904962480068207
        }
    }
}