{
    "train": {
        "error": {
            "rmse": 0.5893950462341309,
            "loglikelihood": -0.8937331438064575,
            "mae": 0.47079458832740784
        },
        "predictive_eval": {
            "kl_div_to_data": 0.3699195384979248,
            "mean_diff_to_data": 0.32972705364227295,
            "std_diff_to_data": 0.061310820281505585
        }
    },
    "in_domain": {
        "error": {
            "rmse": 0.7023522853851318,
            "loglikelihood": -1.1203559637069702,
            "mae": 0.5584425926208496
        },
        "predictive_eval": {
            "kl_div_to_data": 0.495084285736084,
            "mean_diff_to_data": 0.3786662518978119,
            "std_diff_to_data": 0.06182846799492836
        }
    },
    "out_domain": {
        "error": {
            "rmse": 11.547157287597656,
            "loglikelihood": -78.56969451904297,
            "mae": 9.198419570922852
        },
        "predictive_eval": {
            "kl_div_to_data": 287.1617431640625,
            "mean_diff_to_data": 9.592886924743652,
            "std_diff_to_data": 0.4182017743587494
        }
    }
}