{
    "train": {
        "error": {
            "rmse": 0.5928511619567871,
            "loglikelihood": -0.8998989462852478,
            "mae": 0.4737620949745178
        },
        "predictive_eval": {
            "kl_div_to_data": 0.36503902077674866,
            "mean_diff_to_data": 0.3357526957988739,
            "std_diff_to_data": 0.060684289783239365
        }
    },
    "test": {
        "error": {
            "rmse": 8.278897285461426,
            "loglikelihood": -38.499149322509766,
            "mae": 4.951632976531982
        },
        "predictive_eval": {
            "kl_div_to_data": 144.77732849121094,
            "mean_diff_to_data": 5.16670560836792,
            "std_diff_to_data": 0.26913079619407654
        }
    },
    "in_domain": {
        "error": {
            "rmse": 0.6966020464897156,
            "loglikelihood": -1.1108851432800293,
            "mae": 0.5532773733139038
        },
        "predictive_eval": {
            "kl_div_to_data": 0.533963680267334,
            "mean_diff_to_data": 0.39732617139816284,
            "std_diff_to_data": 0.061628859490156174
        }
    },
    "out_domain": {
        "error": {
            "rmse": 11.689582824707031,
            "loglikelihood": -76.50222778320312,
            "mae": 9.343332290649414
        },
        "predictive_eval": {
            "kl_div_to_data": 293.35137939453125,
            "mean_diff_to_data": 9.780193328857422,
            "std_diff_to_data": 0.4476320743560791
        }
    }
}