{
    "train": {
        "error": {
            "rmse": 1.7890925407409668,
            "loglikelihood": -2.705339193344116,
            "mae": 1.3094836473464966
        },
        "predictive_eval": {
            "kl_div_to_data": 67.18203735351562,
            "mean_diff_to_data": 1.2463293075561523,
            "std_diff_to_data": 5.1255598068237305
        }
    },
    "test": {
        "error": {
            "rmse": 10.132156372070312,
            "loglikelihood": -3.6182045936584473,
            "mae": 6.364596366882324
        },
        "predictive_eval": {
            "kl_div_to_data": 313.25994873046875,
            "mean_diff_to_data": 6.520870685577393,
            "std_diff_to_data": 6.556085109710693
        }
    },
    "in_domain": {
        "error": {
            "rmse": 1.8946359157562256,
            "loglikelihood": -2.71997332572937,
            "mae": 1.3929771184921265
        },
        "predictive_eval": {
            "kl_div_to_data": 67.80616760253906,
            "mean_diff_to_data": 1.332780361175537,
            "std_diff_to_data": 5.129295349121094
        }
    },
    "out_domain": {
        "error": {
            "rmse": 14.229899406433105,
            "loglikelihood": -4.5314040184021,
            "mae": 11.367262840270996
        },
        "predictive_eval": {
            "kl_div_to_data": 768.1796264648438,
            "mean_diff_to_data": 11.356554985046387,
            "std_diff_to_data": 9.66639518737793
        }
    }
}