{
    "train": {
        "error": {
            "rmse": 1.7866989374160767,
            "loglikelihood": -2.7090578079223633,
            "mae": 1.3077536821365356
        },
        "predictive_eval": {
            "kl_div_to_data": 67.18203735351562,
            "mean_diff_to_data": 1.2463293075561523,
            "std_diff_to_data": 5.1255598068237305
        }
    },
    "test": {
        "error": {
            "rmse": 10.134769439697266,
            "loglikelihood": -3.6205501556396484,
            "mae": 6.363935947418213
        },
        "predictive_eval": {
            "kl_div_to_data": 313.25994873046875,
            "mean_diff_to_data": 6.520870685577393,
            "std_diff_to_data": 6.556085109710693
        }
    },
    "in_domain": {
        "error": {
            "rmse": 1.8971459865570068,
            "loglikelihood": -2.704986095428467,
            "mae": 1.3946361541748047
        },
        "predictive_eval": {
            "kl_div_to_data": 67.80616760253906,
            "mean_diff_to_data": 1.332780361175537,
            "std_diff_to_data": 5.129295349121094
        }
    },
    "out_domain": {
        "error": {
            "rmse": 14.220492362976074,
            "loglikelihood": -4.530529975891113,
            "mae": 11.358306884765625
        },
        "predictive_eval": {
            "kl_div_to_data": 768.1796264648438,
            "mean_diff_to_data": 11.356554985046387,
            "std_diff_to_data": 9.66639518737793
        }
    }
}