{
    "train": {
        "error": {
            "rmse": 1.9032340049743652,
            "loglikelihood": -2.7269327640533447,
            "mae": 1.4071414470672607
        },
        "predictive_eval": {
            "kl_div_to_data": 71.4769515991211,
            "mean_diff_to_data": 1.3374193906784058,
            "std_diff_to_data": 5.277281761169434
        }
    },
    "in_domain": {
        "error": {
            "rmse": 2.0384292602539062,
            "loglikelihood": -2.7441208362579346,
            "mae": 1.5116809606552124
        },
        "predictive_eval": {
            "kl_div_to_data": 71.06546783447266,
            "mean_diff_to_data": 1.470279574394226,
            "std_diff_to_data": 5.220433235168457
        }
    },
    "out_domain": {
        "error": {
            "rmse": 14.086491584777832,
            "loglikelihood": -4.3021674156188965,
            "mae": 11.290732383728027
        },
        "predictive_eval": {
            "kl_div_to_data": 558.977294921875,
            "mean_diff_to_data": 11.227178573608398,
            "std_diff_to_data": 8.525031089782715
        }
    }
}