{
    "train": {
        "error": {
            "rmse": 2.002884864807129,
            "loglikelihood": -2.740492343902588,
            "mae": 1.4639933109283447
        },
        "predictive_eval": {
            "kl_div_to_data": 69.68694305419922,
            "mean_diff_to_data": 1.3518363237380981,
            "std_diff_to_data": 5.230729579925537
        }
    },
    "in_domain": {
        "error": {
            "rmse": 2.149308443069458,
            "loglikelihood": -2.74678111076355,
            "mae": 1.573443055152893
        },
        "predictive_eval": {
            "kl_div_to_data": 72.26432037353516,
            "mean_diff_to_data": 1.5071345567703247,
            "std_diff_to_data": 5.248408317565918
        }
    },
    "out_domain": {
        "error": {
            "rmse": 14.300949096679688,
            "loglikelihood": -4.399658203125,
            "mae": 11.4406156539917
        },
        "predictive_eval": {
            "kl_div_to_data": 561.7710571289062,
            "mean_diff_to_data": 11.308993339538574,
            "std_diff_to_data": 8.493709564208984
        }
    }
}