{
    "train": {
        "error": {
            "rmse": 1.7355049848556519,
            "loglikelihood": -2.710875988006592,
            "mae": 1.308850884437561
        },
        "predictive_eval": {
            "kl_div_to_data": 70.67457580566406,
            "mean_diff_to_data": 1.2000662088394165,
            "std_diff_to_data": 5.320422172546387
        }
    },
    "in_domain": {
        "error": {
            "rmse": 1.8707916736602783,
            "loglikelihood": -2.715463399887085,
            "mae": 1.4163011312484741
        },
        "predictive_eval": {
            "kl_div_to_data": 69.52645111083984,
            "mean_diff_to_data": 1.3387675285339355,
            "std_diff_to_data": 5.2184600830078125
        }
    },
    "out_domain": {
        "error": {
            "rmse": 14.222359657287598,
            "loglikelihood": -4.425065517425537,
            "mae": 11.394728660583496
        },
        "predictive_eval": {
            "kl_div_to_data": 559.3195190429688,
            "mean_diff_to_data": 11.321054458618164,
            "std_diff_to_data": 8.415566444396973
        }
    }
}