{
    "train": {
        "error": {
            "rmse": 1.9072668552398682,
            "loglikelihood": -2.7236642837524414,
            "mae": 1.4081904888153076
        },
        "predictive_eval": {
            "kl_div_to_data": 69.1806869506836,
            "mean_diff_to_data": 1.328171730041504,
            "std_diff_to_data": 5.21419620513916
        }
    },
    "test": {
        "error": {
            "rmse": 10.081567764282227,
            "loglikelihood": -3.5730018615722656,
            "mae": 6.41391134262085
        },
        "predictive_eval": {
            "kl_div_to_data": 355.7934265136719,
            "mean_diff_to_data": 6.451329231262207,
            "std_diff_to_data": 7.216470241546631
        }
    },
    "in_domain": {
        "error": {
            "rmse": 2.037026882171631,
            "loglikelihood": -2.7347214221954346,
            "mae": 1.511234164237976
        },
        "predictive_eval": {
            "kl_div_to_data": 70.8979721069336,
            "mean_diff_to_data": 1.485384464263916,
            "std_diff_to_data": 5.211032390594482
        }
    },
    "out_domain": {
        "error": {
            "rmse": 14.099968910217285,
            "loglikelihood": -4.422399044036865,
            "mae": 11.295379638671875
        },
        "predictive_eval": {
            "kl_div_to_data": 599.1466064453125,
            "mean_diff_to_data": 11.228759765625,
            "std_diff_to_data": 9.062027931213379
        }
    }
}