{
    "train": {
        "error": {
            "rmse": 1.8315054178237915,
            "loglikelihood": -2.7476210594177246,
            "mae": 1.3710832595825195
        },
        "predictive_eval": {
            "kl_div_to_data": 69.1312026977539,
            "mean_diff_to_data": 1.2936855554580688,
            "std_diff_to_data": 5.22862434387207
        }
    },
    "test": {
        "error": {
            "rmse": 10.042366027832031,
            "loglikelihood": -3.5672576427459717,
            "mae": 6.36194372177124
        },
        "predictive_eval": {
            "kl_div_to_data": 334.9212951660156,
            "mean_diff_to_data": 6.503311634063721,
            "std_diff_to_data": 7.134359836578369
        }
    },
    "in_domain": {
        "error": {
            "rmse": 1.9639043807983398,
            "loglikelihood": -2.7249817848205566,
            "mae": 1.4673913717269897
        },
        "predictive_eval": {
            "kl_div_to_data": 71.62725830078125,
            "mean_diff_to_data": 1.4368693828582764,
            "std_diff_to_data": 5.264707088470459
        }
    },
    "out_domain": {
        "error": {
            "rmse": 14.078203201293945,
            "loglikelihood": -4.404467582702637,
            "mae": 11.273971557617188
        },
        "predictive_eval": {
            "kl_div_to_data": 544.65576171875,
            "mean_diff_to_data": 11.225726127624512,
            "std_diff_to_data": 8.253501892089844
        }
    }
}