{
    "train": {
        "error": {
            "rmse": 1.7859039306640625,
            "loglikelihood": -2.7194788455963135,
            "mae": 1.3072221279144287
        },
        "predictive_eval": {
            "kl_div_to_data": 66.68061065673828,
            "mean_diff_to_data": 1.2335925102233887,
            "std_diff_to_data": 5.115074157714844
        }
    },
    "in_domain": {
        "error": {
            "rmse": 1.8957972526550293,
            "loglikelihood": -2.7161991596221924,
            "mae": 1.3936476707458496
        },
        "predictive_eval": {
            "kl_div_to_data": 69.85053253173828,
            "mean_diff_to_data": 1.337497353553772,
            "std_diff_to_data": 5.158242225646973
        }
    },
    "out_domain": {
        "error": {
            "rmse": 14.21855640411377,
            "loglikelihood": -4.4642333984375,
            "mae": 11.357498168945312
        },
        "predictive_eval": {
            "kl_div_to_data": 538.5775146484375,
            "mean_diff_to_data": 11.358651161193848,
            "std_diff_to_data": 7.784315586090088
        }
    }
}