{
    "train": {
        "error": {
            "rmse": 1.8274781703948975,
            "loglikelihood": -2.7275869846343994,
            "mae": 1.3691102266311646
        },
        "predictive_eval": {
            "kl_div_to_data": 69.40077209472656,
            "mean_diff_to_data": 1.2950475215911865,
            "std_diff_to_data": 5.228801250457764
        }
    },
    "in_domain": {
        "error": {
            "rmse": 1.9587727785110474,
            "loglikelihood": -2.742798328399658,
            "mae": 1.4640170335769653
        },
        "predictive_eval": {
            "kl_div_to_data": 70.03146362304688,
            "mean_diff_to_data": 1.4258798360824585,
            "std_diff_to_data": 5.2108612060546875
        }
    },
    "out_domain": {
        "error": {
            "rmse": 14.068984031677246,
            "loglikelihood": -4.33549690246582,
            "mae": 11.265870094299316
        },
        "predictive_eval": {
            "kl_div_to_data": 566.8818969726562,
            "mean_diff_to_data": 11.234774589538574,
            "std_diff_to_data": 8.658543586730957
        }
    }
}