{
    "train": {
        "error": {
            "rmse": 1.7405060529708862,
            "loglikelihood": -2.7047555446624756,
            "mae": 1.3121289014816284
        },
        "predictive_eval": {
            "kl_div_to_data": 66.2856216430664,
            "mean_diff_to_data": 1.1923655271530151,
            "std_diff_to_data": 5.165417671203613
        }
    },
    "test": {
        "error": {
            "rmse": 10.168984413146973,
            "loglikelihood": -3.592853307723999,
            "mae": 6.419811248779297
        },
        "predictive_eval": {
            "kl_div_to_data": 314.2129821777344,
            "mean_diff_to_data": 6.540093421936035,
            "std_diff_to_data": 6.654346466064453
        }
    },
    "in_domain": {
        "error": {
            "rmse": 1.874100923538208,
            "loglikelihood": -2.7110579013824463,
            "mae": 1.4173351526260376
        },
        "predictive_eval": {
            "kl_div_to_data": 68.83241271972656,
            "mean_diff_to_data": 1.3466098308563232,
            "std_diff_to_data": 5.188459396362305
        }
    },
    "out_domain": {
        "error": {
            "rmse": 14.25890827178955,
            "loglikelihood": -4.48273229598999,
            "mae": 11.419987678527832
        },
        "predictive_eval": {
            "kl_div_to_data": 547.9957275390625,
            "mean_diff_to_data": 11.3280668258667,
            "std_diff_to_data": 8.172722816467285
        }
    }
}