{
    "train": {
        "error": {
            "rmse": 1.3803826570510864,
            "loglikelihood": -2.2431061267852783,
            "mae": 1.0020713806152344
        },
        "predictive_eval": {
            "kl_div_to_data": 76.51361846923828,
            "mean_diff_to_data": 0.9694345593452454,
            "std_diff_to_data": 3.215055465698242
        }
    },
    "test": {
        "error": {
            "rmse": 12.344874382019043,
            "loglikelihood": -3.3993935585021973,
            "mae": 7.5291056632995605
        },
        "predictive_eval": {
            "kl_div_to_data": 4877.0927734375,
            "mean_diff_to_data": 8.222465515136719,
            "std_diff_to_data": 19.602691650390625
        }
    },
    "in_domain": {
        "error": {
            "rmse": 1.4607182741165161,
            "loglikelihood": -2.2485063076019287,
            "mae": 1.040169596672058
        },
        "predictive_eval": {
            "kl_div_to_data": 80.57579040527344,
            "mean_diff_to_data": 1.0824185609817505,
            "std_diff_to_data": 3.2466063499450684
        }
    },
    "out_domain": {
        "error": {
            "rmse": 17.435007095336914,
            "loglikelihood": -4.558147430419922,
            "mae": 14.051849365234375
        },
        "predictive_eval": {
            "kl_div_to_data": 8842.181640625,
            "mean_diff_to_data": 14.535957336425781,
            "std_diff_to_data": 33.38235092163086
        }
    }
}