{
    "train": {
        "error": {
            "rmse": 1.3225631713867188,
            "loglikelihood": -2.2361137866973877,
            "mae": 0.9634340405464172
        },
        "predictive_eval": {
            "kl_div_to_data": 75.90111541748047,
            "mean_diff_to_data": 0.9357595443725586,
            "std_diff_to_data": 3.2133800983428955
        }
    },
    "in_domain": {
        "error": {
            "rmse": 1.4149153232574463,
            "loglikelihood": -2.244009017944336,
            "mae": 1.0128614902496338
        },
        "predictive_eval": {
            "kl_div_to_data": 80.65823364257812,
            "mean_diff_to_data": 1.037185788154602,
            "std_diff_to_data": 3.259437084197998
        }
    },
    "out_domain": {
        "error": {
            "rmse": 18.35939598083496,
            "loglikelihood": -4.739863872528076,
            "mae": 14.641021728515625
        },
        "predictive_eval": {
            "kl_div_to_data": 12689.087890625,
            "mean_diff_to_data": 14.90733814239502,
            "std_diff_to_data": 41.795467376708984
        }
    }
}