{
    "train": {
        "error": {
            "rmse": 1.2758538722991943,
            "loglikelihood": -2.223543405532837,
            "mae": 0.9274823069572449
        },
        "predictive_eval": {
            "kl_div_to_data": 73.53282165527344,
            "mean_diff_to_data": 0.8845338225364685,
            "std_diff_to_data": 3.17655611038208
        }
    },
    "test": {
        "error": {
            "rmse": 13.023728370666504,
            "loglikelihood": -3.4978699684143066,
            "mae": 7.8759684562683105
        },
        "predictive_eval": {
            "kl_div_to_data": 7952.88916015625,
            "mean_diff_to_data": 8.519458770751953,
            "std_diff_to_data": 25.412723541259766
        }
    },
    "in_domain": {
        "error": {
            "rmse": 1.3564183712005615,
            "loglikelihood": -2.229379177093506,
            "mae": 0.9692063331604004
        },
        "predictive_eval": {
            "kl_div_to_data": 77.75469970703125,
            "mean_diff_to_data": 1.017554759979248,
            "std_diff_to_data": 3.2141544818878174
        }
    },
    "out_domain": {
        "error": {
            "rmse": 18.439136505126953,
            "loglikelihood": -4.766254425048828,
            "mae": 14.837654113769531
        },
        "predictive_eval": {
            "kl_div_to_data": 13773.076171875,
            "mean_diff_to_data": 15.363402366638184,
            "std_diff_to_data": 43.098445892333984
        }
    }
}