{
    "train": {
        "error": {
            "rmse": 1.356260895729065,
            "loglikelihood": -2.2353360652923584,
            "mae": 1.0017741918563843
        },
        "predictive_eval": {
            "kl_div_to_data": 75.88898468017578,
            "mean_diff_to_data": 0.9939243793487549,
            "std_diff_to_data": 3.1876885890960693
        }
    },
    "in_domain": {
        "error": {
            "rmse": 1.469521164894104,
            "loglikelihood": -2.245245933532715,
            "mae": 1.065483570098877
        },
        "predictive_eval": {
            "kl_div_to_data": 80.04130554199219,
            "mean_diff_to_data": 1.1161030530929565,
            "std_diff_to_data": 3.2248330116271973
        }
    },
    "out_domain": {
        "error": {
            "rmse": 18.438905715942383,
            "loglikelihood": -4.883709907531738,
            "mae": 14.77868366241455
        },
        "predictive_eval": {
            "kl_div_to_data": 17535.35546875,
            "mean_diff_to_data": 15.036456108093262,
            "std_diff_to_data": 49.873077392578125
        }
    }
}