{
    "train": {
        "error": {
            "rmse": 2.1697888374328613,
            "loglikelihood": -2.2791459560394287,
            "mae": 1.6025480031967163
        },
        "predictive_eval": {
            "kl_div_to_data": 75.47746276855469,
            "mean_diff_to_data": 0.9129862189292908,
            "std_diff_to_data": 3.218228578567505
        }
    },
    "in_domain": {
        "error": {
            "rmse": 2.3605916500091553,
            "loglikelihood": -2.326960802078247,
            "mae": 1.7462409734725952
        },
        "predictive_eval": {
            "kl_div_to_data": 78.80428314208984,
            "mean_diff_to_data": 1.0130119323730469,
            "std_diff_to_data": 3.2431578636169434
        }
    },
    "out_domain": {
        "error": {
            "rmse": 57.5543098449707,
            "loglikelihood": -186.23959350585938,
            "mae": 39.100460052490234
        },
        "predictive_eval": {
            "kl_div_to_data": 10324.625,
            "mean_diff_to_data": 16.032325744628906,
            "std_diff_to_data": 36.10628890991211
        }
    }
}