{
    "train": {
        "error": {
            "rmse": 1.2233688831329346,
            "loglikelihood": -2.214150905609131,
            "mae": 0.8901993632316589
        },
        "predictive_eval": {
            "kl_div_to_data": 72.0775146484375,
            "mean_diff_to_data": 0.8445248007774353,
            "std_diff_to_data": 3.1649272441864014
        }
    },
    "in_domain": {
        "error": {
            "rmse": 1.316096544265747,
            "loglikelihood": -2.2208251953125,
            "mae": 0.9409899711608887
        },
        "predictive_eval": {
            "kl_div_to_data": 75.47152709960938,
            "mean_diff_to_data": 0.9733098149299622,
            "std_diff_to_data": 3.1763651371002197
        }
    },
    "out_domain": {
        "error": {
            "rmse": 18.410154342651367,
            "loglikelihood": -4.836556911468506,
            "mae": 14.818074226379395
        },
        "predictive_eval": {
            "kl_div_to_data": 17244.72265625,
            "mean_diff_to_data": 15.257186889648438,
            "std_diff_to_data": 48.609561920166016
        }
    }
}