{
    "train": {
        "error": {
            "rmse": 2.3032150268554688,
            "loglikelihood": -2.3123013973236084,
            "mae": 1.700028419494629
        },
        "predictive_eval": {
            "kl_div_to_data": 75.88898468017578,
            "mean_diff_to_data": 0.9939243793487549,
            "std_diff_to_data": 3.1876885890960693
        }
    },
    "in_domain": {
        "error": {
            "rmse": 2.1886308193206787,
            "loglikelihood": -2.2835559844970703,
            "mae": 1.6201305389404297
        },
        "predictive_eval": {
            "kl_div_to_data": 80.04130554199219,
            "mean_diff_to_data": 1.1161030530929565,
            "std_diff_to_data": 3.2248330116271973
        }
    },
    "out_domain": {
        "error": {
            "rmse": 54.75556182861328,
            "loglikelihood": -168.76914978027344,
            "mae": 38.943878173828125
        },
        "predictive_eval": {
            "kl_div_to_data": 17535.35546875,
            "mean_diff_to_data": 15.036456108093262,
            "std_diff_to_data": 49.873077392578125
        }
    }
}