{
    "train": {
        "error": {
            "rmse": 2.5002589225769043,
            "loglikelihood": -2.364983081817627,
            "mae": 1.7038792371749878
        },
        "predictive_eval": {
            "kl_div_to_data": 75.31596374511719,
            "mean_diff_to_data": 0.9283421635627747,
            "std_diff_to_data": 3.204723358154297
        }
    },
    "in_domain": {
        "error": {
            "rmse": 2.2917044162750244,
            "loglikelihood": -2.309314012527466,
            "mae": 1.6761702299118042
        },
        "predictive_eval": {
            "kl_div_to_data": 80.05461120605469,
            "mean_diff_to_data": 1.0294932126998901,
            "std_diff_to_data": 3.255953550338745
        }
    },
    "out_domain": {
        "error": {
            "rmse": 39.56702423095703,
            "loglikelihood": -89.02473449707031,
            "mae": 26.969940185546875
        },
        "predictive_eval": {
            "kl_div_to_data": 11584.3232421875,
            "mean_diff_to_data": 14.679577827453613,
            "std_diff_to_data": 39.47246551513672
        }
    }
}