{
    "train": {
        "error": {
            "rmse": 2.1638331413269043,
            "loglikelihood": -2.2776405811309814,
            "mae": 1.621150255203247
        },
        "predictive_eval": {
            "kl_div_to_data": 77.25125885009766,
            "mean_diff_to_data": 0.9694063663482666,
            "std_diff_to_data": 3.233236312866211
        }
    },
    "in_domain": {
        "error": {
            "rmse": 2.4288620948791504,
            "loglikelihood": -2.345128297805786,
            "mae": 1.8064699172973633
        },
        "predictive_eval": {
            "kl_div_to_data": 80.55866241455078,
            "mean_diff_to_data": 1.0768134593963623,
            "std_diff_to_data": 3.2476868629455566
        }
    },
    "out_domain": {
        "error": {
            "rmse": 39.52582550048828,
            "loglikelihood": -88.84188079833984,
            "mae": 26.482852935791016
        },
        "predictive_eval": {
            "kl_div_to_data": 8845.6240234375,
            "mean_diff_to_data": 14.418267250061035,
            "std_diff_to_data": 33.43217468261719
        }
    }
}