{
    "train": {
        "error": {
            "rmse": 1.3263152837753296,
            "loglikelihood": -2.2369141578674316,
            "mae": 0.9656614661216736
        },
        "predictive_eval": {
            "kl_div_to_data": 76.0540771484375,
            "mean_diff_to_data": 0.9337913393974304,
            "std_diff_to_data": 3.218613862991333
        }
    },
    "test": {
        "error": {
            "rmse": 13.149153709411621,
            "loglikelihood": -3.4925694465637207,
            "mae": 7.905255317687988
        },
        "predictive_eval": {
            "kl_div_to_data": 7126.05615234375,
            "mean_diff_to_data": 8.57137680053711,
            "std_diff_to_data": 24.32327651977539
        }
    },
    "in_domain": {
        "error": {
            "rmse": 1.4158130884170532,
            "loglikelihood": -2.2439258098602295,
            "mae": 1.0165928602218628
        },
        "predictive_eval": {
            "kl_div_to_data": 79.80024719238281,
            "mean_diff_to_data": 1.0357511043548584,
            "std_diff_to_data": 3.2437167167663574
        }
    },
    "out_domain": {
        "error": {
            "rmse": 18.26792335510254,
            "loglikelihood": -4.732464790344238,
            "mae": 14.572588920593262
        },
        "predictive_eval": {
            "kl_div_to_data": 12928.0576171875,
            "mean_diff_to_data": 15.151979446411133,
            "std_diff_to_data": 42.14494705200195
        }
    }
}