{
    "train": {
        "error": {
            "rmse": 1.2801605463027954,
            "loglikelihood": -2.229440212249756,
            "mae": 0.9431802034378052
        },
        "predictive_eval": {
            "kl_div_to_data": 75.47746276855469,
            "mean_diff_to_data": 0.9129862189292908,
            "std_diff_to_data": 3.218228578567505
        }
    },
    "in_domain": {
        "error": {
            "rmse": 1.3608487844467163,
            "loglikelihood": -2.2358157634735107,
            "mae": 0.9807085394859314
        },
        "predictive_eval": {
            "kl_div_to_data": 78.80428314208984,
            "mean_diff_to_data": 1.0130119323730469,
            "std_diff_to_data": 3.2431578636169434
        }
    },
    "out_domain": {
        "error": {
            "rmse": 19.691999435424805,
            "loglikelihood": -4.6463189125061035,
            "mae": 15.780364990234375
        },
        "predictive_eval": {
            "kl_div_to_data": 10324.625,
            "mean_diff_to_data": 16.032325744628906,
            "std_diff_to_data": 36.10628890991211
        }
    }
}