{
    "train": {
        "error": {
            "rmse": 1.3257628679275513,
            "loglikelihood": -2.237386465072632,
            "mae": 0.9650129675865173
        },
        "predictive_eval": {
            "kl_div_to_data": 76.15117645263672,
            "mean_diff_to_data": 0.9295972585678101,
            "std_diff_to_data": 3.2230889797210693
        }
    },
    "test": {
        "error": {
            "rmse": 13.01669979095459,
            "loglikelihood": -3.4933552742004395,
            "mae": 7.8154296875
        },
        "predictive_eval": {
            "kl_div_to_data": 6941.4833984375,
            "mean_diff_to_data": 8.59941291809082,
            "std_diff_to_data": 23.97795295715332
        }
    },
    "in_domain": {
        "error": {
            "rmse": 1.416839599609375,
            "loglikelihood": -2.2452406883239746,
            "mae": 1.0154783725738525
        },
        "predictive_eval": {
            "kl_div_to_data": 80.87419128417969,
            "mean_diff_to_data": 1.039171576499939,
            "std_diff_to_data": 3.269533157348633
        }
    },
    "out_domain": {
        "error": {
            "rmse": 18.510847091674805,
            "loglikelihood": -4.74562931060791,
            "mae": 14.752476692199707
        },
        "predictive_eval": {
            "kl_div_to_data": 12477.6181640625,
            "mean_diff_to_data": 15.147809982299805,
            "std_diff_to_data": 41.226924896240234
        }
    }
}