{
    "train": {
        "error": {
            "rmse": 1.3692606687545776,
            "loglikelihood": -2.246675968170166,
            "mae": 0.9882279634475708
        },
        "predictive_eval": {
            "kl_div_to_data": 77.81686401367188,
            "mean_diff_to_data": 0.972184956073761,
            "std_diff_to_data": 3.243241786956787
        }
    },
    "test": {
        "error": {
            "rmse": 12.407828330993652,
            "loglikelihood": -3.4395554065704346,
            "mae": 7.548509120941162
        },
        "predictive_eval": {
            "kl_div_to_data": 5555.90185546875,
            "mean_diff_to_data": 7.98052453994751,
            "std_diff_to_data": 21.491098403930664
        }
    },
    "in_domain": {
        "error": {
            "rmse": 1.4645260572433472,
            "loglikelihood": -2.2562310695648193,
            "mae": 1.0433980226516724
        },
        "predictive_eval": {
            "kl_div_to_data": 83.07044982910156,
            "mean_diff_to_data": 1.0979987382888794,
            "std_diff_to_data": 3.296924352645874
        }
    },
    "out_domain": {
        "error": {
            "rmse": 17.345510482788086,
            "loglikelihood": -4.619749069213867,
            "mae": 13.942590713500977
        },
        "predictive_eval": {
            "kl_div_to_data": 10019.759765625,
            "mean_diff_to_data": 14.471778869628906,
            "std_diff_to_data": 36.5500373840332
        }
    }
}