{
    "train": {
        "error": {
            "rmse": 1.3098808526992798,
            "loglikelihood": -2.2271134853363037,
            "mae": 0.9702086448669434
        },
        "predictive_eval": {
            "kl_div_to_data": 74.61227416992188,
            "mean_diff_to_data": 0.938021719455719,
            "std_diff_to_data": 3.1877758502960205
        }
    },
    "in_domain": {
        "error": {
            "rmse": 1.3830429315567017,
            "loglikelihood": -2.2342281341552734,
            "mae": 1.0074106454849243
        },
        "predictive_eval": {
            "kl_div_to_data": 78.27680206298828,
            "mean_diff_to_data": 1.050931692123413,
            "std_diff_to_data": 3.210517644882202
        }
    },
    "out_domain": {
        "error": {
            "rmse": 20.234880447387695,
            "loglikelihood": -4.763976097106934,
            "mae": 16.22471809387207
        },
        "predictive_eval": {
            "kl_div_to_data": 13160.099609375,
            "mean_diff_to_data": 17.081058502197266,
            "std_diff_to_data": 41.53754425048828
        }
    }
}