{
    "train": {
        "error": {
            "rmse": 2.1962432861328125,
            "loglikelihood": -2.2854228019714355,
            "mae": 1.645816445350647
        },
        "predictive_eval": {
            "kl_div_to_data": 73.83857727050781,
            "mean_diff_to_data": 0.8745769262313843,
            "std_diff_to_data": 3.1870481967926025
        }
    },
    "in_domain": {
        "error": {
            "rmse": 2.142596483230591,
            "loglikelihood": -2.2724595069885254,
            "mae": 1.5983644723892212
        },
        "predictive_eval": {
            "kl_div_to_data": 78.92506408691406,
            "mean_diff_to_data": 0.9837625622749329,
            "std_diff_to_data": 3.250169277191162
        }
    },
    "out_domain": {
        "error": {
            "rmse": 46.86442947387695,
            "loglikelihood": -124.14161682128906,
            "mae": 31.405500411987305
        },
        "predictive_eval": {
            "kl_div_to_data": 11363.5830078125,
            "mean_diff_to_data": 14.849486351013184,
            "std_diff_to_data": 38.55693817138672
        }
    }
}