{
    "train": {
        "error": {
            "rmse": 1.3196803331375122,
            "loglikelihood": -2.233203649520874,
            "mae": 0.9604045748710632
        },
        "predictive_eval": {
            "kl_div_to_data": 75.31596374511719,
            "mean_diff_to_data": 0.9283421635627747,
            "std_diff_to_data": 3.204723358154297
        }
    },
    "in_domain": {
        "error": {
            "rmse": 1.4165350198745728,
            "loglikelihood": -2.242173433303833,
            "mae": 1.0145474672317505
        },
        "predictive_eval": {
            "kl_div_to_data": 80.05461120605469,
            "mean_diff_to_data": 1.0294932126998901,
            "std_diff_to_data": 3.255953550338745
        }
    },
    "out_domain": {
        "error": {
            "rmse": 17.838987350463867,
            "loglikelihood": -4.680599689483643,
            "mae": 14.310885429382324
        },
        "predictive_eval": {
            "kl_div_to_data": 11584.3232421875,
            "mean_diff_to_data": 14.679577827453613,
            "std_diff_to_data": 39.47246551513672
        }
    }
}