{
    "train": {
        "error": {
            "rmse": 1.3710391521453857,
            "loglikelihood": -2.2484776973724365,
            "mae": 0.9892693758010864
        },
        "predictive_eval": {
            "kl_div_to_data": 77.67752838134766,
            "mean_diff_to_data": 0.968849241733551,
            "std_diff_to_data": 3.2430295944213867
        }
    },
    "in_domain": {
        "error": {
            "rmse": 1.4668081998825073,
            "loglikelihood": -2.256450891494751,
            "mae": 1.0440902709960938
        },
        "predictive_eval": {
            "kl_div_to_data": 82.6094741821289,
            "mean_diff_to_data": 1.0933325290679932,
            "std_diff_to_data": 3.2909302711486816
        }
    },
    "out_domain": {
        "error": {
            "rmse": 17.3950252532959,
            "loglikelihood": -4.621917724609375,
            "mae": 13.98127269744873
        },
        "predictive_eval": {
            "kl_div_to_data": 9708.1630859375,
            "mean_diff_to_data": 14.560644149780273,
            "std_diff_to_data": 35.74615478515625
        }
    }
}