{
    "train": {
        "error": {
            "rmse": 2.329146385192871,
            "loglikelihood": -2.31892991065979,
            "mae": 1.7026258707046509
        },
        "predictive_eval": {
            "kl_div_to_data": 75.90111541748047,
            "mean_diff_to_data": 0.9357595443725586,
            "std_diff_to_data": 3.2133800983428955
        }
    },
    "in_domain": {
        "error": {
            "rmse": 2.4174692630767822,
            "loglikelihood": -2.3422980308532715,
            "mae": 1.7311220169067383
        },
        "predictive_eval": {
            "kl_div_to_data": 80.65823364257812,
            "mean_diff_to_data": 1.037185788154602,
            "std_diff_to_data": 3.259437084197998
        }
    },
    "out_domain": {
        "error": {
            "rmse": 44.33612823486328,
            "loglikelihood": -111.27815246582031,
            "mae": 32.35027313232422
        },
        "predictive_eval": {
            "kl_div_to_data": 12689.087890625,
            "mean_diff_to_data": 14.90733814239502,
            "std_diff_to_data": 41.795467376708984
        }
    }
}