{
    "train": {
        "error": {
            "rmse": 2.2315311431884766,
            "loglikelihood": -2.2941603660583496,
            "mae": 1.6634362936019897
        },
        "predictive_eval": {
            "kl_div_to_data": 73.79229736328125,
            "mean_diff_to_data": 0.8908596038818359,
            "std_diff_to_data": 3.181844711303711
        }
    },
    "in_domain": {
        "error": {
            "rmse": 2.2250585556030273,
            "loglikelihood": -2.2926976680755615,
            "mae": 1.6920661926269531
        },
        "predictive_eval": {
            "kl_div_to_data": 83.78142547607422,
            "mean_diff_to_data": 1.0145001411437988,
            "std_diff_to_data": 3.3577005863189697
        }
    },
    "out_domain": {
        "error": {
            "rmse": 47.942588806152344,
            "loglikelihood": -129.75265502929688,
            "mae": 33.30186080932617
        },
        "predictive_eval": {
            "kl_div_to_data": 13720.5458984375,
            "mean_diff_to_data": 15.201435089111328,
            "std_diff_to_data": 43.174835205078125
        }
    }
}