{
    "train": {
        "error": {
            "rmse": 2.3979132175445557,
            "loglikelihood": -2.3369030952453613,
            "mae": 1.7383488416671753
        },
        "predictive_eval": {
            "kl_div_to_data": 77.67752838134766,
            "mean_diff_to_data": 0.968849241733551,
            "std_diff_to_data": 3.2430295944213867
        }
    },
    "in_domain": {
        "error": {
            "rmse": 2.4199740886688232,
            "loglikelihood": -2.342838764190674,
            "mae": 1.8179386854171753
        },
        "predictive_eval": {
            "kl_div_to_data": 82.6094741821289,
            "mean_diff_to_data": 1.0933325290679932,
            "std_diff_to_data": 3.2909302711486816
        }
    },
    "out_domain": {
        "error": {
            "rmse": 49.2872428894043,
            "loglikelihood": -137.1155242919922,
            "mae": 34.18695831298828
        },
        "predictive_eval": {
            "kl_div_to_data": 9708.1630859375,
            "mean_diff_to_data": 14.560644149780273,
            "std_diff_to_data": 35.74615478515625
        }
    }
}