{
    "train": {
        "error": {
            "rmse": 2.0639560222625732,
            "loglikelihood": -2.2541844844818115,
            "mae": 1.5430339574813843
        },
        "predictive_eval": {
            "kl_div_to_data": 72.0775146484375,
            "mean_diff_to_data": 0.8445248007774353,
            "std_diff_to_data": 3.1649272441864014
        }
    },
    "in_domain": {
        "error": {
            "rmse": 2.2453813552856445,
            "loglikelihood": -2.2977359294891357,
            "mae": 1.6583813428878784
        },
        "predictive_eval": {
            "kl_div_to_data": 75.47152709960938,
            "mean_diff_to_data": 0.9733098149299622,
            "std_diff_to_data": 3.1763651371002197
        }
    },
    "out_domain": {
        "error": {
            "rmse": 52.705482482910156,
            "loglikelihood": -156.44259643554688,
            "mae": 33.361751556396484
        },
        "predictive_eval": {
            "kl_div_to_data": 17244.72265625,
            "mean_diff_to_data": 15.257186889648438,
            "std_diff_to_data": 48.609561920166016
        }
    }
}