{
    "train": {
        "error": {
            "rmse": 1.3764066696166992,
            "loglikelihood": -2.243684768676758,
            "mae": 0.9997366070747375
        },
        "predictive_eval": {
            "kl_div_to_data": 77.25125885009766,
            "mean_diff_to_data": 0.9694063663482666,
            "std_diff_to_data": 3.233236312866211
        }
    },
    "in_domain": {
        "error": {
            "rmse": 1.462100863456726,
            "loglikelihood": -2.2499983310699463,
            "mae": 1.0406684875488281
        },
        "predictive_eval": {
            "kl_div_to_data": 80.55866241455078,
            "mean_diff_to_data": 1.0768134593963623,
            "std_diff_to_data": 3.2476868629455566
        }
    },
    "out_domain": {
        "error": {
            "rmse": 17.414453506469727,
            "loglikelihood": -4.555853843688965,
            "mae": 14.040842056274414
        },
        "predictive_eval": {
            "kl_div_to_data": 8845.6240234375,
            "mean_diff_to_data": 14.418267250061035,
            "std_diff_to_data": 33.43217468261719
        }
    }
}