{
    "train": {
        "error": {
            "rmse": 2.274383783340454,
            "loglikelihood": -2.304619073867798,
            "mae": 1.6194756031036377
        },
        "predictive_eval": {
            "kl_div_to_data": 74.61227416992188,
            "mean_diff_to_data": 0.938021719455719,
            "std_diff_to_data": 3.1877758502960205
        }
    },
    "in_domain": {
        "error": {
            "rmse": 3.8592562675476074,
            "loglikelihood": -2.8458545207977295,
            "mae": 2.2773261070251465
        },
        "predictive_eval": {
            "kl_div_to_data": 78.27680206298828,
            "mean_diff_to_data": 1.050931692123413,
            "std_diff_to_data": 3.210517644882202
        }
    },
    "out_domain": {
        "error": {
            "rmse": 52.398555755615234,
            "loglikelihood": -154.52346801757812,
            "mae": 37.96540451049805
        },
        "predictive_eval": {
            "kl_div_to_data": 13160.099609375,
            "mean_diff_to_data": 17.081058502197266,
            "std_diff_to_data": 41.53754425048828
        }
    }
}