{
    "train": {
        "error": {
            "rmse": 1.2597095966339111,
            "loglikelihood": -2.2250332832336426,
            "mae": 0.9180469512939453
        },
        "predictive_eval": {
            "kl_div_to_data": 73.83857727050781,
            "mean_diff_to_data": 0.8745769262313843,
            "std_diff_to_data": 3.1870481967926025
        }
    },
    "in_domain": {
        "error": {
            "rmse": 1.347740650177002,
            "loglikelihood": -2.233535051345825,
            "mae": 0.9669603705406189
        },
        "predictive_eval": {
            "kl_div_to_data": 78.92506408691406,
            "mean_diff_to_data": 0.9837625622749329,
            "std_diff_to_data": 3.250169277191162
        }
    },
    "out_domain": {
        "error": {
            "rmse": 17.792593002319336,
            "loglikelihood": -4.6524481773376465,
            "mae": 14.236720085144043
        },
        "predictive_eval": {
            "kl_div_to_data": 11363.5830078125,
            "mean_diff_to_data": 14.849486351013184,
            "std_diff_to_data": 38.55693817138672
        }
    }
}