{
    "train": {
        "error": {
            "rmse": 1.274570107460022,
            "loglikelihood": -2.2226595878601074,
            "mae": 0.9267860651016235
        },
        "predictive_eval": {
            "kl_div_to_data": 73.79229736328125,
            "mean_diff_to_data": 0.8908596038818359,
            "std_diff_to_data": 3.181844711303711
        }
    },
    "in_domain": {
        "error": {
            "rmse": 1.3577635288238525,
            "loglikelihood": -2.2303969860076904,
            "mae": 0.9691175818443298
        },
        "predictive_eval": {
            "kl_div_to_data": 83.78142547607422,
            "mean_diff_to_data": 1.0145001411437988,
            "std_diff_to_data": 3.3577005863189697
        }
    },
    "out_domain": {
        "error": {
            "rmse": 18.416095733642578,
            "loglikelihood": -4.770134449005127,
            "mae": 14.838347434997559
        },
        "predictive_eval": {
            "kl_div_to_data": 13720.5458984375,
            "mean_diff_to_data": 15.201435089111328,
            "std_diff_to_data": 43.174835205078125
        }
    }
}