{
    "train": {
        "error": {
            "rmse": 1.1945672035217285,
            "loglikelihood": -2.5983033180236816,
            "mae": 0.9290689826011658
        },
        "predictive_eval": {
            "kl_div_to_data": 54.21444320678711,
            "mean_diff_to_data": 0.8163785338401794,
            "std_diff_to_data": 4.723123073577881
        }
    },
    "in_domain": {
        "error": {
            "rmse": 1.251294493675232,
            "loglikelihood": -2.600465774536133,
            "mae": 0.9684123396873474
        },
        "predictive_eval": {
            "kl_div_to_data": 54.911800384521484,
            "mean_diff_to_data": 0.9241362810134888,
            "std_diff_to_data": 4.734804630279541
        }
    },
    "out_domain": {
        "error": {
            "rmse": 9.383077621459961,
            "loglikelihood": -3.8533732891082764,
            "mae": 7.528388500213623
        },
        "predictive_eval": {
            "kl_div_to_data": 248.63168334960938,
            "mean_diff_to_data": 7.285326957702637,
            "std_diff_to_data": 5.847075939178467
        }
    }
}