{
    "train": {
        "error": {
            "rmse": 1.2479362487792969,
            "loglikelihood": -2.611978769302368,
            "mae": 0.9708681106567383
        },
        "predictive_eval": {
            "kl_div_to_data": 56.10065460205078,
            "mean_diff_to_data": 0.8818936944007874,
            "std_diff_to_data": 4.7911295890808105
        }
    },
    "in_domain": {
        "error": {
            "rmse": 1.3130179643630981,
            "loglikelihood": -2.6145436763763428,
            "mae": 1.0068475008010864
        },
        "predictive_eval": {
            "kl_div_to_data": 56.46772003173828,
            "mean_diff_to_data": 0.9605764746665955,
            "std_diff_to_data": 4.792247772216797
        }
    },
    "out_domain": {
        "error": {
            "rmse": 9.577740669250488,
            "loglikelihood": -3.82415771484375,
            "mae": 7.694834232330322
        },
        "predictive_eval": {
            "kl_div_to_data": 264.41400146484375,
            "mean_diff_to_data": 7.4249677658081055,
            "std_diff_to_data": 6.191408157348633
        }
    }
}