{
    "train": {
        "error": {
            "rmse": 1.2269313335418701,
            "loglikelihood": -2.604219675064087,
            "mae": 0.9495133757591248
        },
        "predictive_eval": {
            "kl_div_to_data": 55.512962341308594,
            "mean_diff_to_data": 0.8636814951896667,
            "std_diff_to_data": 4.769076347351074
        }
    },
    "test": {
        "error": {
            "rmse": 6.708400249481201,
            "loglikelihood": -3.214428663253784,
            "mae": 4.267236709594727
        },
        "predictive_eval": {
            "kl_div_to_data": 162.94090270996094,
            "mean_diff_to_data": 4.510197162628174,
            "std_diff_to_data": 5.409574508666992
        }
    },
    "in_domain": {
        "error": {
            "rmse": 1.2967774868011475,
            "loglikelihood": -2.606879949569702,
            "mae": 0.9969763159751892
        },
        "predictive_eval": {
            "kl_div_to_data": 55.50038528442383,
            "mean_diff_to_data": 0.9559383988380432,
            "std_diff_to_data": 4.7517619132995605
        }
    },
    "out_domain": {
        "error": {
            "rmse": 9.393051147460938,
            "loglikelihood": -3.820068836212158,
            "mae": 7.535661220550537
        },
        "predictive_eval": {
            "kl_div_to_data": 252.51171875,
            "mean_diff_to_data": 7.256246089935303,
            "std_diff_to_data": 6.014955997467041
        }
    }
}