{
    "train": {
        "error": {
            "rmse": 1.2301851511001587,
            "loglikelihood": -2.6024081707000732,
            "mae": 0.9549819827079773
        },
        "predictive_eval": {
            "kl_div_to_data": 54.97967529296875,
            "mean_diff_to_data": 0.87130206823349,
            "std_diff_to_data": 4.741117477416992
        }
    },
    "in_domain": {
        "error": {
            "rmse": 1.294981837272644,
            "loglikelihood": -2.6050891876220703,
            "mae": 0.9972416758537292
        },
        "predictive_eval": {
            "kl_div_to_data": 57.970130920410156,
            "mean_diff_to_data": 0.9644401669502258,
            "std_diff_to_data": 4.855627536773682
        }
    },
    "out_domain": {
        "error": {
            "rmse": 9.520770072937012,
            "loglikelihood": -3.8646938800811768,
            "mae": 7.647402286529541
        },
        "predictive_eval": {
            "kl_div_to_data": 253.9676513671875,
            "mean_diff_to_data": 7.357784748077393,
            "std_diff_to_data": 5.920097827911377
        }
    }
}