{
    "train": {
        "error": {
            "rmse": 1.2028428316116333,
            "loglikelihood": -2.5990567207336426,
            "mae": 0.9425737261772156
        },
        "predictive_eval": {
            "kl_div_to_data": 54.25263595581055,
            "mean_diff_to_data": 0.8626706004142761,
            "std_diff_to_data": 4.7178802490234375
        }
    },
    "in_domain": {
        "error": {
            "rmse": 1.2551413774490356,
            "loglikelihood": -2.601217031478882,
            "mae": 0.9770442247390747
        },
        "predictive_eval": {
            "kl_div_to_data": 54.71631622314453,
            "mean_diff_to_data": 0.9248760938644409,
            "std_diff_to_data": 4.722103118896484
        }
    },
    "out_domain": {
        "error": {
            "rmse": 9.495647430419922,
            "loglikelihood": -3.8722004890441895,
            "mae": 7.62114953994751
        },
        "predictive_eval": {
            "kl_div_to_data": 250.80516052246094,
            "mean_diff_to_data": 7.345742225646973,
            "std_diff_to_data": 5.85456657409668
        }
    }
}