{
    "train": {
        "error": {
            "rmse": 1.9282793998718262,
            "loglikelihood": -2.6028242111206055,
            "mae": 1.5209029912948608
        },
        "predictive_eval": {
            "kl_div_to_data": 54.712249755859375,
            "mean_diff_to_data": 0.8540244102478027,
            "std_diff_to_data": 4.735793590545654
        }
    },
    "in_domain": {
        "error": {
            "rmse": 1.9373637437820435,
            "loglikelihood": -2.6034762859344482,
            "mae": 1.5173391103744507
        },
        "predictive_eval": {
            "kl_div_to_data": 55.21936798095703,
            "mean_diff_to_data": 0.941675066947937,
            "std_diff_to_data": 4.738146781921387
        }
    },
    "out_domain": {
        "error": {
            "rmse": 10.909893989562988,
            "loglikelihood": -4.910714626312256,
            "mae": 8.414432525634766
        },
        "predictive_eval": {
            "kl_div_to_data": 253.46865844726562,
            "mean_diff_to_data": 7.359613418579102,
            "std_diff_to_data": 5.933282375335693
        }
    }
}