{
    "train": {
        "error": {
            "rmse": 1.9482167959213257,
            "loglikelihood": -2.6043925285339355,
            "mae": 1.5208911895751953
        },
        "predictive_eval": {
            "kl_div_to_data": 54.892459869384766,
            "mean_diff_to_data": 0.8702327609062195,
            "std_diff_to_data": 4.739910125732422
        }
    },
    "in_domain": {
        "error": {
            "rmse": 1.9062445163726807,
            "loglikelihood": -2.6009769439697266,
            "mae": 1.5092339515686035
        },
        "predictive_eval": {
            "kl_div_to_data": 55.04704666137695,
            "mean_diff_to_data": 0.9695839881896973,
            "std_diff_to_data": 4.7283430099487305
        }
    },
    "out_domain": {
        "error": {
            "rmse": 10.464476585388184,
            "loglikelihood": -4.718923568725586,
            "mae": 8.386360168457031
        },
        "predictive_eval": {
            "kl_div_to_data": 253.417724609375,
            "mean_diff_to_data": 7.377317428588867,
            "std_diff_to_data": 5.8614959716796875
        }
    }
}