{
    "train": {
        "error": {
            "rmse": 2.024273157119751,
            "loglikelihood": -2.610253095626831,
            "mae": 1.5816612243652344
        },
        "predictive_eval": {
            "kl_div_to_data": 54.21444320678711,
            "mean_diff_to_data": 0.8163785338401794,
            "std_diff_to_data": 4.723123073577881
        }
    },
    "in_domain": {
        "error": {
            "rmse": 2.041926145553589,
            "loglikelihood": -2.6116483211517334,
            "mae": 1.554913878440857
        },
        "predictive_eval": {
            "kl_div_to_data": 54.911800384521484,
            "mean_diff_to_data": 0.9241362810134888,
            "std_diff_to_data": 4.734804630279541
        }
    },
    "out_domain": {
        "error": {
            "rmse": 10.086085319519043,
            "loglikelihood": -4.563602924346924,
            "mae": 8.08203411102295
        },
        "predictive_eval": {
            "kl_div_to_data": 248.63168334960938,
            "mean_diff_to_data": 7.285326957702637,
            "std_diff_to_data": 5.847075939178467
        }
    }
}