{
    "train": {
        "error": {
            "rmse": 1.2057743072509766,
            "loglikelihood": -2.601687431335449,
            "mae": 0.9389091730117798
        },
        "predictive_eval": {
            "kl_div_to_data": 54.712249755859375,
            "mean_diff_to_data": 0.8540244102478027,
            "std_diff_to_data": 4.735793590545654
        }
    },
    "in_domain": {
        "error": {
            "rmse": 1.2827612161636353,
            "loglikelihood": -2.605323553085327,
            "mae": 0.988305389881134
        },
        "predictive_eval": {
            "kl_div_to_data": 55.21936798095703,
            "mean_diff_to_data": 0.941675066947937,
            "std_diff_to_data": 4.738146781921387
        }
    },
    "out_domain": {
        "error": {
            "rmse": 9.496848106384277,
            "loglikelihood": -3.8565196990966797,
            "mae": 7.631392002105713
        },
        "predictive_eval": {
            "kl_div_to_data": 253.46865844726562,
            "mean_diff_to_data": 7.359613418579102,
            "std_diff_to_data": 5.933282375335693
        }
    }
}