{
    "train": {
        "error": {
            "rmse": 1.2273364067077637,
            "loglikelihood": -2.6039881706237793,
            "mae": 0.9491012692451477
        },
        "predictive_eval": {
            "kl_div_to_data": 54.899532318115234,
            "mean_diff_to_data": 0.8504347205162048,
            "std_diff_to_data": 4.742456436157227
        }
    },
    "in_domain": {
        "error": {
            "rmse": 1.2974021434783936,
            "loglikelihood": -2.60699462890625,
            "mae": 0.9982532858848572
        },
        "predictive_eval": {
            "kl_div_to_data": 55.37413024902344,
            "mean_diff_to_data": 0.9718002080917358,
            "std_diff_to_data": 4.741952896118164
        }
    },
    "out_domain": {
        "error": {
            "rmse": 9.391974449157715,
            "loglikelihood": -3.8162314891815186,
            "mae": 7.5342864990234375
        },
        "predictive_eval": {
            "kl_div_to_data": 254.41403198242188,
            "mean_diff_to_data": 7.262881755828857,
            "std_diff_to_data": 6.074855804443359
        }
    }
}