{
    "train": {
        "error": {
            "rmse": 1.228631854057312,
            "loglikelihood": -2.60201096534729,
            "mae": 0.9531092047691345
        },
        "predictive_eval": {
            "kl_div_to_data": 54.699710845947266,
            "mean_diff_to_data": 0.8781792521476746,
            "std_diff_to_data": 4.725405216217041
        }
    },
    "test": {
        "error": {
            "rmse": 6.786096572875977,
            "loglikelihood": -3.235795736312866,
            "mae": 4.319112777709961
        },
        "predictive_eval": {
            "kl_div_to_data": 164.3407745361328,
            "mean_diff_to_data": 4.569807529449463,
            "std_diff_to_data": 5.369348049163818
        }
    },
    "in_domain": {
        "error": {
            "rmse": 1.2957252264022827,
            "loglikelihood": -2.605356216430664,
            "mae": 0.9982460141181946
        },
        "predictive_eval": {
            "kl_div_to_data": 55.36737823486328,
            "mean_diff_to_data": 0.9497314691543579,
            "std_diff_to_data": 4.74293851852417
        }
    },
    "out_domain": {
        "error": {
            "rmse": 9.512195587158203,
            "loglikelihood": -3.8673629760742188,
            "mae": 7.637641906738281
        },
        "predictive_eval": {
            "kl_div_to_data": 255.3076934814453,
            "mean_diff_to_data": 7.3419904708862305,
            "std_diff_to_data": 5.987778186798096
        }
    }
}