{
    "train": {
        "error": {
            "rmse": 1.1925883293151855,
            "loglikelihood": -2.5974056720733643,
            "mae": 0.9270211458206177
        },
        "predictive_eval": {
            "kl_div_to_data": 54.14957809448242,
            "mean_diff_to_data": 0.8173900246620178,
            "std_diff_to_data": 4.720132827758789
        }
    },
    "test": {
        "error": {
            "rmse": 6.696227073669434,
            "loglikelihood": -3.2278945446014404,
            "mae": 4.246053218841553
        },
        "predictive_eval": {
            "kl_div_to_data": 159.96102905273438,
            "mean_diff_to_data": 4.4862470626831055,
            "std_diff_to_data": 5.3227128982543945
        }
    },
    "in_domain": {
        "error": {
            "rmse": 1.2485793828964233,
            "loglikelihood": -2.6007168292999268,
            "mae": 0.9663333296775818
        },
        "predictive_eval": {
            "kl_div_to_data": 54.659446716308594,
            "mean_diff_to_data": 0.9218082427978516,
            "std_diff_to_data": 4.721934795379639
        }
    },
    "out_domain": {
        "error": {
            "rmse": 9.382452011108398,
            "loglikelihood": -3.859288454055786,
            "mae": 7.531388282775879
        },
        "predictive_eval": {
            "kl_div_to_data": 248.17172241210938,
            "mean_diff_to_data": 7.291919708251953,
            "std_diff_to_data": 5.824679851531982
        }
    }
}