{
    "train": {
        "error": {
            "rmse": 2.2065794467926025,
            "loglikelihood": -2.625722885131836,
            "mae": 1.6238993406295776
        },
        "predictive_eval": {
            "kl_div_to_data": 54.97967529296875,
            "mean_diff_to_data": 0.87130206823349,
            "std_diff_to_data": 4.741117477416992
        }
    },
    "in_domain": {
        "error": {
            "rmse": 2.0767269134521484,
            "loglikelihood": -2.6146881580352783,
            "mae": 1.552768349647522
        },
        "predictive_eval": {
            "kl_div_to_data": 57.970130920410156,
            "mean_diff_to_data": 0.9644401669502258,
            "std_diff_to_data": 4.855627536773682
        }
    },
    "out_domain": {
        "error": {
            "rmse": 10.585890769958496,
            "loglikelihood": -4.770308017730713,
            "mae": 8.467523574829102
        },
        "predictive_eval": {
            "kl_div_to_data": 253.9676513671875,
            "mean_diff_to_data": 7.357784748077393,
            "std_diff_to_data": 5.920097827911377
        }
    }
}