{
    "train": {
        "error": {
            "rmse": 2.0673561096191406,
            "loglikelihood": -2.613870143890381,
            "mae": 1.6254570484161377
        },
        "predictive_eval": {
            "kl_div_to_data": 56.10065460205078,
            "mean_diff_to_data": 0.8818936944007874,
            "std_diff_to_data": 4.7911295890808105
        }
    },
    "in_domain": {
        "error": {
            "rmse": 6.120067119598389,
            "loglikelihood": -3.2747814655303955,
            "mae": 2.4620015621185303
        },
        "predictive_eval": {
            "kl_div_to_data": 56.46772003173828,
            "mean_diff_to_data": 0.9605764746665955,
            "std_diff_to_data": 4.792247772216797
        }
    },
    "out_domain": {
        "error": {
            "rmse": 10.932074546813965,
            "loglikelihood": -4.920248985290527,
            "mae": 8.549178123474121
        },
        "predictive_eval": {
            "kl_div_to_data": 264.41400146484375,
            "mean_diff_to_data": 7.4249677658081055,
            "std_diff_to_data": 6.191408157348633
        }
    }
}