{
    "train": {
        "error": {
            "rmse": 1.2012077569961548,
            "loglikelihood": -2.6010262966156006,
            "mae": 0.9353479743003845
        },
        "predictive_eval": {
            "kl_div_to_data": 54.63033676147461,
            "mean_diff_to_data": 0.8561213612556458,
            "std_diff_to_data": 4.731038570404053
        }
    },
    "test": {
        "error": {
            "rmse": 6.763906002044678,
            "loglikelihood": -3.2315309047698975,
            "mae": 4.301678657531738
        },
        "predictive_eval": {
            "kl_div_to_data": 163.81405639648438,
            "mean_diff_to_data": 4.539633274078369,
            "std_diff_to_data": 5.373328685760498
        }
    },
    "in_domain": {
        "error": {
            "rmse": 1.279170036315918,
            "loglikelihood": -2.6053528785705566,
            "mae": 0.9866337180137634
        },
        "predictive_eval": {
            "kl_div_to_data": 55.54893493652344,
            "mean_diff_to_data": 0.9523115158081055,
            "std_diff_to_data": 4.750290870666504
        }
    },
    "out_domain": {
        "error": {
            "rmse": 9.498476028442383,
            "loglikelihood": -3.863699436187744,
            "mae": 7.63189697265625
        },
        "predictive_eval": {
            "kl_div_to_data": 253.9718475341797,
            "mean_diff_to_data": 7.358170986175537,
            "std_diff_to_data": 5.951724052429199
        }
    }
}