{
    "train": {
        "error": {
            "rmse": 1.2275817394256592,
            "loglikelihood": -2.6019277572631836,
            "mae": 0.9551109671592712
        },
        "predictive_eval": {
            "kl_div_to_data": 54.892459869384766,
            "mean_diff_to_data": 0.8702327609062195,
            "std_diff_to_data": 4.739910125732422
        }
    },
    "in_domain": {
        "error": {
            "rmse": 1.290844440460205,
            "loglikelihood": -2.604538679122925,
            "mae": 1.0043286085128784
        },
        "predictive_eval": {
            "kl_div_to_data": 55.04704666137695,
            "mean_diff_to_data": 0.9695839881896973,
            "std_diff_to_data": 4.7283430099487305
        }
    },
    "out_domain": {
        "error": {
            "rmse": 9.563728332519531,
            "loglikelihood": -3.8811423778533936,
            "mae": 7.684220790863037
        },
        "predictive_eval": {
            "kl_div_to_data": 253.417724609375,
            "mean_diff_to_data": 7.377317428588867,
            "std_diff_to_data": 5.8614959716796875
        }
    }
}