{
    "train": {
        "error": {
            "rmse": 1.8475500345230103,
            "loglikelihood": -2.596546173095703,
            "mae": 1.4483627080917358
        },
        "predictive_eval": {
            "kl_div_to_data": 54.25263595581055,
            "mean_diff_to_data": 0.8626706004142761,
            "std_diff_to_data": 4.7178802490234375
        }
    },
    "in_domain": {
        "error": {
            "rmse": 1.9013512134552002,
            "loglikelihood": -2.6005916595458984,
            "mae": 1.4846526384353638
        },
        "predictive_eval": {
            "kl_div_to_data": 54.71631622314453,
            "mean_diff_to_data": 0.9248760938644409,
            "std_diff_to_data": 4.722103118896484
        }
    },
    "out_domain": {
        "error": {
            "rmse": 10.192760467529297,
            "loglikelihood": -4.606444358825684,
            "mae": 8.161288261413574
        },
        "predictive_eval": {
            "kl_div_to_data": 250.80516052246094,
            "mean_diff_to_data": 7.345742225646973,
            "std_diff_to_data": 5.85456657409668
        }
    }
}