{
    "train": {
        "error": {
            "rmse": 1.1969075202941895,
            "loglikelihood": -2.601649522781372,
            "mae": 0.929447591304779
        },
        "predictive_eval": {
            "kl_div_to_data": 55.07894515991211,
            "mean_diff_to_data": 0.8348358869552612,
            "std_diff_to_data": 4.755979537963867
        }
    },
    "in_domain": {
        "error": {
            "rmse": 1.2695542573928833,
            "loglikelihood": -2.6046738624572754,
            "mae": 0.9732902646064758
        },
        "predictive_eval": {
            "kl_div_to_data": 55.185882568359375,
            "mean_diff_to_data": 0.9140371680259705,
            "std_diff_to_data": 4.741538047790527
        }
    },
    "out_domain": {
        "error": {
            "rmse": 9.430194854736328,
            "loglikelihood": -3.836928606033325,
            "mae": 7.56683349609375
        },
        "predictive_eval": {
            "kl_div_to_data": 254.91360473632812,
            "mean_diff_to_data": 7.368616580963135,
            "std_diff_to_data": 5.958832263946533
        }
    }
}