{
    "train": {
        "error": {
            "rmse": 2.000009775161743,
            "loglikelihood": -2.608341932296753,
            "mae": 1.578277349472046
        },
        "predictive_eval": {
            "kl_div_to_data": 54.899532318115234,
            "mean_diff_to_data": 0.8504347205162048,
            "std_diff_to_data": 4.742456436157227
        }
    },
    "in_domain": {
        "error": {
            "rmse": 1.8692957162857056,
            "loglikelihood": -2.598264455795288,
            "mae": 1.4630701541900635
        },
        "predictive_eval": {
            "kl_div_to_data": 55.37413024902344,
            "mean_diff_to_data": 0.9718002080917358,
            "std_diff_to_data": 4.741952896118164
        }
    },
    "out_domain": {
        "error": {
            "rmse": 10.31091022491455,
            "loglikelihood": -4.655819416046143,
            "mae": 8.286295890808105
        },
        "predictive_eval": {
            "kl_div_to_data": 254.41403198242188,
            "mean_diff_to_data": 7.262881755828857,
            "std_diff_to_data": 6.074855804443359
        }
    }
}