{
    "train": {
        "error": {
            "rmse": 1.1871856451034546,
            "loglikelihood": -2.6005446910858154,
            "mae": 0.9202704429626465
        },
        "predictive_eval": {
            "kl_div_to_data": 54.59743118286133,
            "mean_diff_to_data": 0.8279455304145813,
            "std_diff_to_data": 4.738644123077393
        }
    },
    "in_domain": {
        "error": {
            "rmse": 1.2599366903305054,
            "loglikelihood": -2.6042239665985107,
            "mae": 0.9667792320251465
        },
        "predictive_eval": {
            "kl_div_to_data": 54.923152923583984,
            "mean_diff_to_data": 0.9102291464805603,
            "std_diff_to_data": 4.735747814178467
        }
    },
    "out_domain": {
        "error": {
            "rmse": 9.464792251586914,
            "loglikelihood": -3.8553521633148193,
            "mae": 7.600833415985107
        },
        "predictive_eval": {
            "kl_div_to_data": 251.23800659179688,
            "mean_diff_to_data": 7.3335137367248535,
            "std_diff_to_data": 5.919978618621826
        }
    }
}