{
    "train": {
        "error": {
            "rmse": 1.2262011766433716,
            "loglikelihood": -2.599181890487671,
            "mae": 0.9553676843643188
        },
        "predictive_eval": {
            "kl_div_to_data": 54.14644241333008,
            "mean_diff_to_data": 0.8434808254241943,
            "std_diff_to_data": 4.710940361022949
        }
    },
    "in_domain": {
        "error": {
            "rmse": 1.2948031425476074,
            "loglikelihood": -2.602311134338379,
            "mae": 1.0018432140350342
        },
        "predictive_eval": {
            "kl_div_to_data": 54.920875549316406,
            "mean_diff_to_data": 0.9311361312866211,
            "std_diff_to_data": 4.729203224182129
        }
    },
    "out_domain": {
        "error": {
            "rmse": 9.445359230041504,
            "loglikelihood": -3.8607089519500732,
            "mae": 7.591382026672363
        },
        "predictive_eval": {
            "kl_div_to_data": 250.5644989013672,
            "mean_diff_to_data": 7.307260513305664,
            "std_diff_to_data": 5.853263854980469
        }
    }
}