{
    "train": {
        "error": {
            "rmse": 1.962807536125183,
            "loglikelihood": -2.6053831577301025,
            "mae": 1.5529252290725708
        },
        "predictive_eval": {
            "kl_div_to_data": 55.07894515991211,
            "mean_diff_to_data": 0.8348358869552612,
            "std_diff_to_data": 4.755979537963867
        }
    },
    "in_domain": {
        "error": {
            "rmse": 2.081073045730591,
            "loglikelihood": -2.614875316619873,
            "mae": 1.6223200559616089
        },
        "predictive_eval": {
            "kl_div_to_data": 55.185882568359375,
            "mean_diff_to_data": 0.9140371680259705,
            "std_diff_to_data": 4.741538047790527
        }
    },
    "out_domain": {
        "error": {
            "rmse": 10.268697738647461,
            "loglikelihood": -4.637486934661865,
            "mae": 8.146446228027344
        },
        "predictive_eval": {
            "kl_div_to_data": 254.91360473632812,
            "mean_diff_to_data": 7.368616580963135,
            "std_diff_to_data": 5.958832263946533
        }
    }
}