{
    "train": {
        "error": {
            "rmse": 1.8975430727005005,
            "loglikelihood": -2.6003220081329346,
            "mae": 1.497481107711792
        },
        "predictive_eval": {
            "kl_div_to_data": 54.59743118286133,
            "mean_diff_to_data": 0.8279455304145813,
            "std_diff_to_data": 4.738644123077393
        }
    },
    "in_domain": {
        "error": {
            "rmse": 1.9870024919509888,
            "loglikelihood": -2.6071982383728027,
            "mae": 1.5347405672073364
        },
        "predictive_eval": {
            "kl_div_to_data": 54.923152923583984,
            "mean_diff_to_data": 0.9102291464805603,
            "std_diff_to_data": 4.735747814178467
        }
    },
    "out_domain": {
        "error": {
            "rmse": 10.29082202911377,
            "loglikelihood": -4.6471405029296875,
            "mae": 8.228170394897461
        },
        "predictive_eval": {
            "kl_div_to_data": 251.23800659179688,
            "mean_diff_to_data": 7.3335137367248535,
            "std_diff_to_data": 5.919978618621826
        }
    }
}