{
    "train": {
        "error": {
            "rmse": 1.8960574865341187,
            "loglikelihood": -2.600208044052124,
            "mae": 1.4730322360992432
        },
        "predictive_eval": {
            "kl_div_to_data": 54.14644241333008,
            "mean_diff_to_data": 0.8434808254241943,
            "std_diff_to_data": 4.710940361022949
        }
    },
    "in_domain": {
        "error": {
            "rmse": 1.9705798625946045,
            "loglikelihood": -2.605888843536377,
            "mae": 1.545379638671875
        },
        "predictive_eval": {
            "kl_div_to_data": 54.920875549316406,
            "mean_diff_to_data": 0.9311361312866211,
            "std_diff_to_data": 4.729203224182129
        }
    },
    "out_domain": {
        "error": {
            "rmse": 10.178826332092285,
            "loglikelihood": -4.6023077964782715,
            "mae": 8.165114402770996
        },
        "predictive_eval": {
            "kl_div_to_data": 250.5644989013672,
            "mean_diff_to_data": 7.307260513305664,
            "std_diff_to_data": 5.853263854980469
        }
    }
}