{
    "train": {
        "error": {
            "rmse": 1.244235873222351,
            "loglikelihood": -2.61145281791687,
            "mae": 0.9681891798973083
        },
        "predictive_eval": {
            "kl_div_to_data": 55.95589065551758,
            "mean_diff_to_data": 0.8861492276191711,
            "std_diff_to_data": 4.785160064697266
        }
    },
    "test": {
        "error": {
            "rmse": 6.8399338722229,
            "loglikelihood": -3.221193313598633,
            "mae": 4.355616569519043
        },
        "predictive_eval": {
            "kl_div_to_data": 170.34315490722656,
            "mean_diff_to_data": 4.592355728149414,
            "std_diff_to_data": 5.587183952331543
        }
    },
    "in_domain": {
        "error": {
            "rmse": 1.3131482601165771,
            "loglikelihood": -2.614368438720703,
            "mae": 1.0076065063476562
        },
        "predictive_eval": {
            "kl_div_to_data": 56.452056884765625,
            "mean_diff_to_data": 0.9738982319831848,
            "std_diff_to_data": 4.789788246154785
        }
    },
    "out_domain": {
        "error": {
            "rmse": 9.5748291015625,
            "loglikelihood": -3.8285255432128906,
            "mae": 7.695518493652344
        },
        "predictive_eval": {
            "kl_div_to_data": 267.613525390625,
            "mean_diff_to_data": 7.423989295959473,
            "std_diff_to_data": 6.3016767501831055
        }
    }
}