{
    "train_error": {
        "rmse": 1.3198992013931274,
        "loglikelihood": -61.411739349365234
    },
    "test_error": {
        "rmse": 132.68177795410156,
        "loglikelihood": -173341.375
    },
    "in_domain_error": {
        "rmse": 2.5768706798553467,
        "loglikelihood": -235.68373107910156
    },
    "out_domain_error": {
        "rmse": 187.7935028076172,
        "loglikelihood": -369582.25
    },
    "predictive_train": {
        "kl_div": 78.18342590332031,
        "mean_diff": 0.9275717735290527,
        "std_diff": 0.017689643427729607
    },
    "predictive_test": {
        "kl_div": 907900.8125,
        "mean_diff": 96.00145721435547,
        "std_diff": 0.2006247490644455
    },
    "predictive_in_domain": {
        "kl_div": 368.6244812011719,
        "mean_diff": 2.1228253841400146,
        "std_diff": 0.018191467970609665
    },
    "predictive_out_domain": {
        "kl_div": 1803636.75,
        "mean_diff": 187.75599670410156,
        "std_diff": 0.30696260929107666
    }
}