{
    "test_error": {
        "rmse": 1.9899706602096559,
        "mae": 1.580774462223053
    },
    "in_domain_error": {
        "rmse": 1.970626437664032,
        "mae": 1.5744209289550781
    },
    "out_domain_error": {
        "rmse": 2.0179204821586607,
        "mae": 1.6082001090049745
    },
    "predictive": {
        "kl_div": 0.2909928560256958,
        "mean_diff": 0.057418737560510635,
        "std_diff": 0.9614244103431702
    },
    "predictive_in_domain": {
        "kl_div": 0.31105682253837585,
        "mean_diff": 0.03629859536886215,
        "std_diff": 0.9898128509521484
    },
    "predictive_out_domain": {
        "kl_div": 0.2721409797668457,
        "mean_diff": 0.05357033386826515,
        "std_diff": 0.9343684911727905
    }
}