{
    "test_error": {
        "rmse": 1.4227486729621888,
        "mae": 1.1492770075798036
    },
    "in_domain_error": {
        "rmse": 1.4663610339164734,
        "mae": 1.1557457447052002
    },
    "out_domain_error": {
        "rmse": 1.440903663635254,
        "mae": 1.1860451340675353
    },
    "predictive": {
        "kl_div": 29.82927703857422,
        "mean_diff": 1.132452130317688,
        "std_diff": 1.0928032398223877
    },
    "predictive_in_domain": {
        "kl_div": 24.976015090942383,
        "mean_diff": 1.112550973892212,
        "std_diff": 0.9536306262016296
    },
    "predictive_out_domain": {
        "kl_div": 94.03434753417969,
        "mean_diff": 1.1499590873718262,
        "std_diff": 2.561333179473877
    }
}