{
    "test_error": {
        "rmse": 1.0881998777389525,
        "mae": 0.8609351754188538
    },
    "in_domain_error": {
        "rmse": 0.9992291748523712,
        "mae": 0.7948117971420288
    },
    "out_domain_error": {
        "rmse": 1.797427248954773,
        "mae": 1.4197233617305756
    },
    "predictive": {
        "kl_div": 2.171358346939087,
        "mean_diff": 0.2844908535480499,
        "std_diff": 1.4292428493499756
    },
    "predictive_in_domain": {
        "kl_div": 0.07172500342130661,
        "mean_diff": 0.10831863433122635,
        "std_diff": 0.23535260558128357
    },
    "predictive_out_domain": {
        "kl_div": 8.11279582977295,
        "mean_diff": 1.0910558700561523,
        "std_diff": 3.3382768630981445
    }
}