{"test_rmse": 309.5589542388916, "kl_div_normal_baseline": 123.83434163623276, "kl_div_predictive": 7.6895507101785014, "mean_diff_normal_baseline": 391.2145690917969, "mean_diff_predictive": 65.2254409790039, "var_diff_normal_baseline": 1734.0458984375, "var_diff_predictive": 86837.1953125, "std_diff_normal_baseline": 40.680179595947266, "std_diff_predictive": 250.10325622558594}