{
    "test_error": {
        "rmse": 1.0765321493148803,
        "mae": 0.8524357736110687
    },
    "in_domain_error": {
        "rmse": 1.0000592172145844,
        "mae": 0.8017978727817535
    },
    "out_domain_error": {
        "rmse": 1.2793626070022583,
        "mae": 1.0273600816726685
    },
    "predictive": {
        "kl_div": 0.07526010274887085,
        "mean_diff": 0.2997264266014099,
        "std_diff": 0.023168638348579407
    },
    "predictive_in_domain": {
        "kl_div": 0.01569153554737568,
        "mean_diff": 0.1386040449142456,
        "std_diff": 0.018311571329832077
    },
    "predictive_out_domain": {
        "kl_div": 0.283945769071579,
        "mean_diff": 0.6870405077934265,
        "std_diff": 0.029950669035315514
    }
}