{
    "train": {
        "error": {
            "rmse": 6.73392915725708,
            "loglikelihood": -90.71773529052734,
            "mae": 5.2877960205078125
        },
        "predictive_eval": {
            "kl_div_to_data": 91.17620086669922,
            "mean_diff_to_data": 5.27932596206665,
            "std_diff_to_data": 0.013147948309779167
        }
    },
    "in_domain": {
        "error": {
            "rmse": 6.794344425201416,
            "loglikelihood": -92.3541030883789,
            "mae": 5.2894697189331055
        },
        "predictive_eval": {
            "kl_div_to_data": 99.423583984375,
            "mean_diff_to_data": 5.475488185882568,
            "std_diff_to_data": 0.012309698387980461
        }
    },
    "out_domain": {
        "error": {
            "rmse": 19.41359519958496,
            "loglikelihood": -743.7805786132812,
            "mae": 15.668489456176758
        },
        "predictive_eval": {
            "kl_div_to_data": 770.9199829101562,
            "mean_diff_to_data": 15.873446464538574,
            "std_diff_to_data": 0.01227750163525343
        }
    }
}