{
    "train": {
        "error": {
            "rmse": 6.735646724700928,
            "loglikelihood": -90.98253631591797,
            "mae": 5.287988185882568
        },
        "predictive_eval": {
            "kl_div_to_data": 91.19912719726562,
            "mean_diff_to_data": 5.2802510261535645,
            "std_diff_to_data": 0.012572532519698143
        }
    },
    "in_domain": {
        "error": {
            "rmse": 6.798981666564941,
            "loglikelihood": -92.68553924560547,
            "mae": 5.291831016540527
        },
        "predictive_eval": {
            "kl_div_to_data": 99.41698455810547,
            "mean_diff_to_data": 5.475208759307861,
            "std_diff_to_data": 0.012290514074265957
        }
    },
    "out_domain": {
        "error": {
            "rmse": 19.399150848388672,
            "loglikelihood": -753.1487426757812,
            "mae": 15.656725883483887
        },
        "predictive_eval": {
            "kl_div_to_data": 770.911865234375,
            "mean_diff_to_data": 15.873847961425781,
            "std_diff_to_data": 0.01280342135578394
        }
    }
}