{
    "train": {
        "error": {
            "rmse": 6.734476566314697,
            "loglikelihood": -90.70806121826172,
            "mae": 5.289542198181152
        },
        "predictive_eval": {
            "kl_div_to_data": 91.17565155029297,
            "mean_diff_to_data": 5.2795186042785645,
            "std_diff_to_data": 0.012507269158959389
        }
    },
    "test": {
        "error": {
            "rmse": 14.550987243652344,
            "loglikelihood": -418.3544921875,
            "mae": 10.484292030334473
        },
        "predictive_eval": {
            "kl_div_to_data": 466.8563537597656,
            "mean_diff_to_data": 11.161727905273438,
            "std_diff_to_data": 0.012883439660072327
        }
    },
    "in_domain": {
        "error": {
            "rmse": 6.7979936599731445,
            "loglikelihood": -92.41989135742188,
            "mae": 5.2889323234558105
        },
        "predictive_eval": {
            "kl_div_to_data": 99.39315032958984,
            "mean_diff_to_data": 5.474003791809082,
            "std_diff_to_data": 0.01259540393948555
        }
    },
    "out_domain": {
        "error": {
            "rmse": 19.41676902770996,
            "loglikelihood": -743.7730712890625,
            "mae": 15.670585632324219
        },
        "predictive_eval": {
            "kl_div_to_data": 770.9051513671875,
            "mean_diff_to_data": 15.873406410217285,
            "std_diff_to_data": 0.012647068127989769
        }
    }
}