{
    "train": {
        "error": {
            "rmse": 6.727988243103027,
            "loglikelihood": -90.76249694824219,
            "mae": 5.283315181732178
        },
        "predictive_eval": {
            "kl_div_to_data": 91.19667053222656,
            "mean_diff_to_data": 5.280645847320557,
            "std_diff_to_data": 0.012520764954388142
        }
    },
    "in_domain": {
        "error": {
            "rmse": 6.798169136047363,
            "loglikelihood": -92.68712615966797,
            "mae": 5.291721343994141
        },
        "predictive_eval": {
            "kl_div_to_data": 99.4212875366211,
            "mean_diff_to_data": 5.4752068519592285,
            "std_diff_to_data": 0.012387908063828945
        }
    },
    "out_domain": {
        "error": {
            "rmse": 19.429466247558594,
            "loglikelihood": -755.1177368164062,
            "mae": 15.684325218200684
        },
        "predictive_eval": {
            "kl_div_to_data": 770.9420776367188,
            "mean_diff_to_data": 15.873719215393066,
            "std_diff_to_data": 0.01261846162378788
        }
    }
}