{
    "train": {
        "error": {
            "rmse": 6.731921195983887,
            "loglikelihood": -90.90508270263672,
            "mae": 5.288430690765381
        },
        "predictive_eval": {
            "kl_div_to_data": 91.17779541015625,
            "mean_diff_to_data": 5.280475616455078,
            "std_diff_to_data": 0.01266483310610056
        }
    },
    "in_domain": {
        "error": {
            "rmse": 6.803281307220459,
            "loglikelihood": -92.84505462646484,
            "mae": 5.294183254241943
        },
        "predictive_eval": {
            "kl_div_to_data": 99.41096496582031,
            "mean_diff_to_data": 5.474512577056885,
            "std_diff_to_data": 0.012528854422271252
        }
    },
    "out_domain": {
        "error": {
            "rmse": 19.420345306396484,
            "loglikelihood": -755.1275634765625,
            "mae": 15.679697036743164
        },
        "predictive_eval": {
            "kl_div_to_data": 770.962158203125,
            "mean_diff_to_data": 15.873915672302246,
            "std_diff_to_data": 0.013018338941037655
        }
    }
}