{
    "train": {
        "error": {
            "rmse": 6.7331342697143555,
            "loglikelihood": -90.6559829711914,
            "mae": 5.288013458251953
        },
        "predictive_eval": {
            "kl_div_to_data": 91.20781707763672,
            "mean_diff_to_data": 5.280749797821045,
            "std_diff_to_data": 0.012004941701889038
        }
    },
    "in_domain": {
        "error": {
            "rmse": 6.795505046844482,
            "loglikelihood": -92.46782684326172,
            "mae": 5.287452220916748
        },
        "predictive_eval": {
            "kl_div_to_data": 99.42564392089844,
            "mean_diff_to_data": 5.474996089935303,
            "std_diff_to_data": 0.012432843446731567
        }
    },
    "out_domain": {
        "error": {
            "rmse": 19.414066314697266,
            "loglikelihood": -743.3942260742188,
            "mae": 15.66624641418457
        },
        "predictive_eval": {
            "kl_div_to_data": 770.9683227539062,
            "mean_diff_to_data": 15.87397289276123,
            "std_diff_to_data": 0.012953315861523151
        }
    }
}