{
    "train": {
        "error": {
            "rmse": 6.736964702606201,
            "loglikelihood": -90.7734146118164,
            "mae": 5.289573669433594
        },
        "predictive_eval": {
            "kl_div_to_data": 91.19768524169922,
            "mean_diff_to_data": 5.280472278594971,
            "std_diff_to_data": 0.012638499960303307
        }
    },
    "test": {
        "error": {
            "rmse": 14.531400680541992,
            "loglikelihood": -417.2008972167969,
            "mae": 10.468681335449219
        },
        "predictive_eval": {
            "kl_div_to_data": 466.8693542480469,
            "mean_diff_to_data": 11.161526679992676,
            "std_diff_to_data": 0.012885425239801407
        }
    },
    "in_domain": {
        "error": {
            "rmse": 6.798774719238281,
            "loglikelihood": -92.43917083740234,
            "mae": 5.290316104888916
        },
        "predictive_eval": {
            "kl_div_to_data": 99.42396545410156,
            "mean_diff_to_data": 5.474842548370361,
            "std_diff_to_data": 0.012678909115493298
        }
    },
    "out_domain": {
        "error": {
            "rmse": 19.41153335571289,
            "loglikelihood": -743.33984375,
            "mae": 15.662406921386719
        },
        "predictive_eval": {
            "kl_div_to_data": 770.9232788085938,
            "mean_diff_to_data": 15.873814582824707,
            "std_diff_to_data": 0.012814538553357124
        }
    }
}