{
    "train": {
        "error": {
            "rmse": 6.733913421630859,
            "loglikelihood": -90.93830871582031,
            "mae": 5.287952899932861
        },
        "predictive_eval": {
            "kl_div_to_data": 91.17620086669922,
            "mean_diff_to_data": 5.27932596206665,
            "std_diff_to_data": 0.013147948309779167
        }
    },
    "in_domain": {
        "error": {
            "rmse": 6.794848918914795,
            "loglikelihood": -92.6010971069336,
            "mae": 5.289844036102295
        },
        "predictive_eval": {
            "kl_div_to_data": 99.423583984375,
            "mean_diff_to_data": 5.475488185882568,
            "std_diff_to_data": 0.012309698387980461
        }
    },
    "out_domain": {
        "error": {
            "rmse": 19.413835525512695,
            "loglikelihood": -754.3619995117188,
            "mae": 15.668695449829102
        },
        "predictive_eval": {
            "kl_div_to_data": 770.9199829101562,
            "mean_diff_to_data": 15.873446464538574,
            "std_diff_to_data": 0.01227750163525343
        }
    }
}