{
    "train": {
        "error": {
            "rmse": 6.730961799621582,
            "loglikelihood": -90.60818481445312,
            "mae": 5.286500453948975
        },
        "predictive_eval": {
            "kl_div_to_data": 91.21427917480469,
            "mean_diff_to_data": 5.2805891036987305,
            "std_diff_to_data": 0.012638567015528679
        }
    },
    "in_domain": {
        "error": {
            "rmse": 6.801396369934082,
            "loglikelihood": -92.552001953125,
            "mae": 5.294775485992432
        },
        "predictive_eval": {
            "kl_div_to_data": 99.41744232177734,
            "mean_diff_to_data": 5.475089073181152,
            "std_diff_to_data": 0.012825359590351582
        }
    },
    "out_domain": {
        "error": {
            "rmse": 19.401674270629883,
            "loglikelihood": -742.4955444335938,
            "mae": 15.6587553024292
        },
        "predictive_eval": {
            "kl_div_to_data": 770.8724975585938,
            "mean_diff_to_data": 15.873236656188965,
            "std_diff_to_data": 0.012866603210568428
        }
    }
}