{
    "train": {
        "error": {
            "rmse": 6.730784893035889,
            "loglikelihood": -90.83987426757812,
            "mae": 5.2858500480651855
        },
        "predictive_eval": {
            "kl_div_to_data": 91.21427917480469,
            "mean_diff_to_data": 5.2805891036987305,
            "std_diff_to_data": 0.012638567015528679
        }
    },
    "in_domain": {
        "error": {
            "rmse": 6.8020124435424805,
            "loglikelihood": -92.80900573730469,
            "mae": 5.295485019683838
        },
        "predictive_eval": {
            "kl_div_to_data": 99.41744232177734,
            "mean_diff_to_data": 5.475089073181152,
            "std_diff_to_data": 0.012825359590351582
        }
    },
    "out_domain": {
        "error": {
            "rmse": 19.402111053466797,
            "loglikelihood": -753.4464721679688,
            "mae": 15.658914566040039
        },
        "predictive_eval": {
            "kl_div_to_data": 770.8724975585938,
            "mean_diff_to_data": 15.873236656188965,
            "std_diff_to_data": 0.012866603210568428
        }
    }
}