{
    "train": {
        "error": {
            "rmse": 6.732997417449951,
            "loglikelihood": -90.91258239746094,
            "mae": 5.286118507385254
        },
        "predictive_eval": {
            "kl_div_to_data": 91.20136260986328,
            "mean_diff_to_data": 5.280637741088867,
            "std_diff_to_data": 0.012922233901917934
        }
    },
    "in_domain": {
        "error": {
            "rmse": 6.791586399078369,
            "loglikelihood": -92.4738540649414,
            "mae": 5.284872531890869
        },
        "predictive_eval": {
            "kl_div_to_data": 99.41020202636719,
            "mean_diff_to_data": 5.474931716918945,
            "std_diff_to_data": 0.012713449075818062
        }
    },
    "out_domain": {
        "error": {
            "rmse": 19.413253784179688,
            "loglikelihood": -754.2623901367188,
            "mae": 15.670926094055176
        },
        "predictive_eval": {
            "kl_div_to_data": 770.9009399414062,
            "mean_diff_to_data": 15.873429298400879,
            "std_diff_to_data": 0.012178673408925533
        }
    }
}