{
    "train": {
        "error": {
            "rmse": 6.731858730316162,
            "loglikelihood": -90.88142395019531,
            "mae": 5.284887790679932
        },
        "predictive_eval": {
            "kl_div_to_data": 91.21442413330078,
            "mean_diff_to_data": 5.2809529304504395,
            "std_diff_to_data": 0.01246039941906929
        }
    },
    "in_domain": {
        "error": {
            "rmse": 6.801512718200684,
            "loglikelihood": -92.82518768310547,
            "mae": 5.293384552001953
        },
        "predictive_eval": {
            "kl_div_to_data": 99.41555786132812,
            "mean_diff_to_data": 5.474843978881836,
            "std_diff_to_data": 0.012728145346045494
        }
    },
    "out_domain": {
        "error": {
            "rmse": 19.4215087890625,
            "loglikelihood": -754.6823120117188,
            "mae": 15.680127143859863
        },
        "predictive_eval": {
            "kl_div_to_data": 770.9535522460938,
            "mean_diff_to_data": 15.873990058898926,
            "std_diff_to_data": 0.012899438850581646
        }
    }
}