{
    "train": {
        "error": {
            "rmse": 6.728483200073242,
            "loglikelihood": -90.54386138916016,
            "mae": 5.285042762756348
        },
        "predictive_eval": {
            "kl_div_to_data": 91.2179183959961,
            "mean_diff_to_data": 5.281200885772705,
            "std_diff_to_data": 0.012385555543005466
        }
    },
    "test": {
        "error": {
            "rmse": 14.530115127563477,
            "loglikelihood": -417.0218200683594,
            "mae": 10.468873023986816
        },
        "predictive_eval": {
            "kl_div_to_data": 466.8553161621094,
            "mean_diff_to_data": 11.161066055297852,
            "std_diff_to_data": 0.01285107433795929
        }
    },
    "in_domain": {
        "error": {
            "rmse": 6.795867919921875,
            "loglikelihood": -92.35906219482422,
            "mae": 5.288739204406738
        },
        "predictive_eval": {
            "kl_div_to_data": 99.39764404296875,
            "mean_diff_to_data": 5.474062442779541,
            "std_diff_to_data": 0.012425506487488747
        }
    },
    "out_domain": {
        "error": {
            "rmse": 19.419225692749023,
            "loglikelihood": -743.8336791992188,
            "mae": 15.674005508422852
        },
        "predictive_eval": {
            "kl_div_to_data": 770.9080200195312,
            "mean_diff_to_data": 15.87302303314209,
            "std_diff_to_data": 0.012834201566874981
        }
    }
}