{
    "train": {
        "error": {
            "rmse": 6.730878829956055,
            "loglikelihood": -90.63951110839844,
            "mae": 5.286616325378418
        },
        "predictive_eval": {
            "kl_div_to_data": 91.20231628417969,
            "mean_diff_to_data": 5.280872821807861,
            "std_diff_to_data": 0.01278045866638422
        }
    },
    "in_domain": {
        "error": {
            "rmse": 6.794436454772949,
            "loglikelihood": -92.37899017333984,
            "mae": 5.287332057952881
        },
        "predictive_eval": {
            "kl_div_to_data": 99.4048843383789,
            "mean_diff_to_data": 5.474829196929932,
            "std_diff_to_data": 0.012154203839600086
        }
    },
    "out_domain": {
        "error": {
            "rmse": 19.422889709472656,
            "loglikelihood": -743.8507690429688,
            "mae": 15.681549072265625
        },
        "predictive_eval": {
            "kl_div_to_data": 770.9351806640625,
            "mean_diff_to_data": 15.873863220214844,
            "std_diff_to_data": 0.012446422129869461
        }
    }
}