{
    "train": {
        "error": {
            "rmse": 6.735951900482178,
            "loglikelihood": -90.74516296386719,
            "mae": 5.288591384887695
        },
        "predictive_eval": {
            "kl_div_to_data": 91.19285583496094,
            "mean_diff_to_data": 5.280333042144775,
            "std_diff_to_data": 0.013051405549049377
        }
    },
    "in_domain": {
        "error": {
            "rmse": 6.79392147064209,
            "loglikelihood": -92.35112762451172,
            "mae": 5.288633823394775
        },
        "predictive_eval": {
            "kl_div_to_data": 99.40459442138672,
            "mean_diff_to_data": 5.474577903747559,
            "std_diff_to_data": 0.012604143470525742
        }
    },
    "out_domain": {
        "error": {
            "rmse": 19.39520263671875,
            "loglikelihood": -742.3238525390625,
            "mae": 15.655427932739258
        },
        "predictive_eval": {
            "kl_div_to_data": 770.8807983398438,
            "mean_diff_to_data": 15.873512268066406,
            "std_diff_to_data": 0.012782078236341476
        }
    }
}