{
    "train": {
        "error": {
            "rmse": 6.7309722900390625,
            "loglikelihood": -90.86699676513672,
            "mae": 5.2865309715271
        },
        "predictive_eval": {
            "kl_div_to_data": 91.20231628417969,
            "mean_diff_to_data": 5.280872821807861,
            "std_diff_to_data": 0.01278045866638422
        }
    },
    "in_domain": {
        "error": {
            "rmse": 6.794090270996094,
            "loglikelihood": -92.60688018798828,
            "mae": 5.2868194580078125
        },
        "predictive_eval": {
            "kl_div_to_data": 99.4048843383789,
            "mean_diff_to_data": 5.474829196929932,
            "std_diff_to_data": 0.012154203839600086
        }
    },
    "out_domain": {
        "error": {
            "rmse": 19.423303604125977,
            "loglikelihood": -754.6168212890625,
            "mae": 15.681757926940918
        },
        "predictive_eval": {
            "kl_div_to_data": 770.9351806640625,
            "mean_diff_to_data": 15.873863220214844,
            "std_diff_to_data": 0.012446422129869461
        }
    }
}