{
    "train": {
        "error": {
            "rmse": 6.73103141784668,
            "loglikelihood": -90.61573791503906,
            "mae": 5.28623104095459
        },
        "predictive_eval": {
            "kl_div_to_data": 91.21700286865234,
            "mean_diff_to_data": 5.281102657318115,
            "std_diff_to_data": 0.012860864400863647
        }
    },
    "test": {
        "error": {
            "rmse": 14.536724090576172,
            "loglikelihood": -417.44952392578125,
            "mae": 10.46923828125
        },
        "predictive_eval": {
            "kl_div_to_data": 466.9210510253906,
            "mean_diff_to_data": 11.162169456481934,
            "std_diff_to_data": 0.013293175958096981
        }
    },
    "in_domain": {
        "error": {
            "rmse": 6.794987678527832,
            "loglikelihood": -92.33654022216797,
            "mae": 5.285701274871826
        },
        "predictive_eval": {
            "kl_div_to_data": 99.40499877929688,
            "mean_diff_to_data": 5.474330425262451,
            "std_diff_to_data": 0.012169277295470238
        }
    },
    "out_domain": {
        "error": {
            "rmse": 19.391263961791992,
            "loglikelihood": -741.697998046875,
            "mae": 15.646669387817383
        },
        "predictive_eval": {
            "kl_div_to_data": 770.9214477539062,
            "mean_diff_to_data": 15.873671531677246,
            "std_diff_to_data": 0.012812239117920399
        }
    }
}