{
    "train": {
        "error": {
            "rmse": 6.732848167419434,
            "loglikelihood": -90.87606048583984,
            "mae": 5.287726879119873
        },
        "predictive_eval": {
            "kl_div_to_data": 91.20781707763672,
            "mean_diff_to_data": 5.280749797821045,
            "std_diff_to_data": 0.012004941701889038
        }
    },
    "in_domain": {
        "error": {
            "rmse": 6.794503688812256,
            "loglikelihood": -92.67583465576172,
            "mae": 5.286823272705078
        },
        "predictive_eval": {
            "kl_div_to_data": 99.42564392089844,
            "mean_diff_to_data": 5.474996089935303,
            "std_diff_to_data": 0.012432843446731567
        }
    },
    "out_domain": {
        "error": {
            "rmse": 19.414052963256836,
            "loglikelihood": -754.0906372070312,
            "mae": 15.666041374206543
        },
        "predictive_eval": {
            "kl_div_to_data": 770.9683227539062,
            "mean_diff_to_data": 15.87397289276123,
            "std_diff_to_data": 0.012953315861523151
        }
    }
}