{
    "train": {
        "error": {
            "rmse": 6.7281951904296875,
            "loglikelihood": -90.54148864746094,
            "mae": 5.283484935760498
        },
        "predictive_eval": {
            "kl_div_to_data": 91.19667053222656,
            "mean_diff_to_data": 5.280645847320557,
            "std_diff_to_data": 0.012520764954388142
        }
    },
    "in_domain": {
        "error": {
            "rmse": 6.797964572906494,
            "loglikelihood": -92.44664001464844,
            "mae": 5.29152250289917
        },
        "predictive_eval": {
            "kl_div_to_data": 99.4212875366211,
            "mean_diff_to_data": 5.4752068519592285,
            "std_diff_to_data": 0.012387908063828945
        }
    },
    "out_domain": {
        "error": {
            "rmse": 19.429058074951172,
            "loglikelihood": -744.4622192382812,
            "mae": 15.684038162231445
        },
        "predictive_eval": {
            "kl_div_to_data": 770.9420776367188,
            "mean_diff_to_data": 15.873719215393066,
            "std_diff_to_data": 0.01261846162378788
        }
    }
}