{
    "train": {
        "error": {
            "rmse": 6.731703758239746,
            "loglikelihood": -90.65474700927734,
            "mae": 5.284997940063477
        },
        "predictive_eval": {
            "kl_div_to_data": 91.21442413330078,
            "mean_diff_to_data": 5.2809529304504395,
            "std_diff_to_data": 0.01246039941906929
        }
    },
    "in_domain": {
        "error": {
            "rmse": 6.801097869873047,
            "loglikelihood": -92.58024597167969,
            "mae": 5.2933173179626465
        },
        "predictive_eval": {
            "kl_div_to_data": 99.41555786132812,
            "mean_diff_to_data": 5.474843978881836,
            "std_diff_to_data": 0.012728145346045494
        }
    },
    "out_domain": {
        "error": {
            "rmse": 19.42243003845215,
            "loglikelihood": -744.3178100585938,
            "mae": 15.68028450012207
        },
        "predictive_eval": {
            "kl_div_to_data": 770.9535522460938,
            "mean_diff_to_data": 15.873990058898926,
            "std_diff_to_data": 0.012899438850581646
        }
    }
}