{
    "train": {
        "error": {
            "rmse": 6.735520362854004,
            "loglikelihood": -90.95852661132812,
            "mae": 5.288176536560059
        },
        "predictive_eval": {
            "kl_div_to_data": 91.19285583496094,
            "mean_diff_to_data": 5.280333042144775,
            "std_diff_to_data": 0.013051405549049377
        }
    },
    "in_domain": {
        "error": {
            "rmse": 6.794167995452881,
            "loglikelihood": -92.59048461914062,
            "mae": 5.288796901702881
        },
        "predictive_eval": {
            "kl_div_to_data": 99.40459442138672,
            "mean_diff_to_data": 5.474577903747559,
            "std_diff_to_data": 0.012604143470525742
        }
    },
    "out_domain": {
        "error": {
            "rmse": 19.394824981689453,
            "loglikelihood": -752.7550659179688,
            "mae": 15.656023025512695
        },
        "predictive_eval": {
            "kl_div_to_data": 770.8807983398438,
            "mean_diff_to_data": 15.873512268066406,
            "std_diff_to_data": 0.012782078236341476
        }
    }
}