{
    "train": {
        "error": {
            "rmse": 6.735772132873535,
            "loglikelihood": -90.7632064819336,
            "mae": 5.288298606872559
        },
        "predictive_eval": {
            "kl_div_to_data": 91.19912719726562,
            "mean_diff_to_data": 5.2802510261535645,
            "std_diff_to_data": 0.012572532519698143
        }
    },
    "in_domain": {
        "error": {
            "rmse": 6.7983479499816895,
            "loglikelihood": -92.43804168701172,
            "mae": 5.291438102722168
        },
        "predictive_eval": {
            "kl_div_to_data": 99.41698455810547,
            "mean_diff_to_data": 5.475208759307861,
            "std_diff_to_data": 0.012290514074265957
        }
    },
    "out_domain": {
        "error": {
            "rmse": 19.39830207824707,
            "loglikelihood": -742.6008911132812,
            "mae": 15.656193733215332
        },
        "predictive_eval": {
            "kl_div_to_data": 770.911865234375,
            "mean_diff_to_data": 15.873847961425781,
            "std_diff_to_data": 0.01280342135578394
        }
    }
}