{
    "train": {
        "error": {
            "rmse": 6.73221492767334,
            "loglikelihood": -90.68653869628906,
            "mae": 5.28879976272583
        },
        "predictive_eval": {
            "kl_div_to_data": 91.17779541015625,
            "mean_diff_to_data": 5.280475616455078,
            "std_diff_to_data": 0.01266483310610056
        }
    },
    "in_domain": {
        "error": {
            "rmse": 6.802896022796631,
            "loglikelihood": -92.60320281982422,
            "mae": 5.293778419494629
        },
        "predictive_eval": {
            "kl_div_to_data": 99.41096496582031,
            "mean_diff_to_data": 5.474512577056885,
            "std_diff_to_data": 0.012528854422271252
        }
    },
    "out_domain": {
        "error": {
            "rmse": 19.41914939880371,
            "loglikelihood": -744.4557495117188,
            "mae": 15.67857551574707
        },
        "predictive_eval": {
            "kl_div_to_data": 770.962158203125,
            "mean_diff_to_data": 15.873915672302246,
            "std_diff_to_data": 0.013018338941037655
        }
    }
}