{
    "train": {
        "error": {
            "rmse": 6.733231544494629,
            "loglikelihood": -90.6974105834961,
            "mae": 5.286373138427734
        },
        "predictive_eval": {
            "kl_div_to_data": 91.20136260986328,
            "mean_diff_to_data": 5.280637741088867,
            "std_diff_to_data": 0.012922233901917934
        }
    },
    "in_domain": {
        "error": {
            "rmse": 6.791653156280518,
            "loglikelihood": -92.2493667602539,
            "mae": 5.2845282554626465
        },
        "predictive_eval": {
            "kl_div_to_data": 99.41020202636719,
            "mean_diff_to_data": 5.474931716918945,
            "std_diff_to_data": 0.012713449075818062
        }
    },
    "out_domain": {
        "error": {
            "rmse": 19.414960861206055,
            "loglikelihood": -744.0259399414062,
            "mae": 15.672021865844727
        },
        "predictive_eval": {
            "kl_div_to_data": 770.9009399414062,
            "mean_diff_to_data": 15.873429298400879,
            "std_diff_to_data": 0.012178673408925533
        }
    }
}