{
    "sites": {
        "net_guide.net.0.weight.loc": [
            -0.026564786210656166,
            -0.00956105999648571,
            -0.023983510211110115,
            -0.018394527956843376,
            0.07164447754621506,
            -0.03186141327023506,
            0.1356257200241089,
            -0.019543664529919624,
            0.045298632234334946,
            -0.025368737056851387
        ],
        "net_guide.net.0.weight.scale": [
            0.004141340497881174,
            0.004132492933422327,
            0.004122215788811445,
            0.004140505101531744,
            0.004171187058091164,
            0.004114354960620403,
            0.0041606188751757145,
            0.004133813548833132,
            0.004093818366527557,
            0.004044997040182352
        ],
        "net_guide.net.0.bias.loc": [
            0.027549641206860542
        ],
        "net_guide.net.0.bias.scale": [
            0.007140974514186382
        ]
    },
    "mean_weight_scale": 0.004399665335023945,
    "min_weight_scale": 0.004044997040182352,
    "max_weight_scale": 0.007140974514186382,
    "likelihood_scale": {
        "mean": 0.5,
        "std": 0.0
    }
}