{
    "sites": {
        "net_guide.net.0.weight.loc": [
            -0.02641131356358528,
            -0.0095903929322958,
            -0.02391393668949604,
            -0.018207449465990067,
            0.07150404155254364,
            -0.031730398535728455,
            0.135825514793396,
            -0.019558198750019073,
            0.04520706459879875,
            -0.025275936350226402
        ],
        "net_guide.net.0.weight.scale": [
            0.00415668124333024,
            0.004104523919522762,
            0.004088654648512602,
            0.004024939611554146,
            0.0041712564416229725,
            0.004100265447050333,
            0.004128697793930769,
            0.004125188570469618,
            0.00411266041919589,
            0.003996135201305151
        ],
        "net_guide.net.0.bias.loc": [
            0.02745412290096283
        ],
        "net_guide.net.0.bias.scale": [
            0.007062961347401142
        ]
    },
    "mean_weight_scale": 0.004370178603990512,
    "min_weight_scale": 0.003996135201305151,
    "max_weight_scale": 0.007062961347401142,
    "likelihood_scale": {
        "mean": 0.5,
        "std": 0.0
    }
}