{
    "sites": {
        "net_guide.net.0.weight.loc": [
            -0.026516810059547424,
            -0.009573026560246944,
            -0.02401352860033512,
            -0.018299682065844536,
            0.07157894968986511,
            -0.03180206939578056,
            0.13567323982715607,
            -0.019497044384479523,
            0.045250680297613144,
            -0.025218090042471886
        ],
        "net_guide.net.0.weight.scale": [
            0.004090793430805206,
            0.004093870986253023,
            0.004124417435377836,
            0.00409142579883337,
            0.004076494835317135,
            0.00411455100402236,
            0.004173377528786659,
            0.004095239564776421,
            0.004108222667127848,
            0.004126029089093208
        ],
        "net_guide.net.0.bias.loc": [
            0.02757653221487999
        ],
        "net_guide.net.0.bias.scale": [
            0.007098720408976078
        ]
    },
    "mean_weight_scale": 0.004381194795397195,
    "min_weight_scale": 0.004076494835317135,
    "max_weight_scale": 0.007098720408976078,
    "likelihood_scale": {
        "mean": 0.5,
        "std": 0.0
    }
}