{
    "sites": {
        "net_guide.net.0.weight.loc": [
            -0.02659401297569275,
            -0.009564963169395924,
            -0.0241111908107996,
            -0.01842234469950199,
            0.07141526788473129,
            -0.03184225410223007,
            0.13569869101047516,
            -0.01944325678050518,
            0.04518749564886093,
            -0.0253923200070858
        ],
        "net_guide.net.0.weight.scale": [
            0.004088691435754299,
            0.004134142771363258,
            0.00413654837757349,
            0.004106044769287109,
            0.00412142975255847,
            0.00409043300896883,
            0.004102434031665325,
            0.004101602826267481,
            0.004018381237983704,
            0.0040590399876236916
        ],
        "net_guide.net.0.bias.loc": [
            0.02755635231733322
        ],
        "net_guide.net.0.bias.scale": [
            0.007075308356434107
        ]
    },
    "mean_weight_scale": 0.004366732414134524,
    "min_weight_scale": 0.004018381237983704,
    "max_weight_scale": 0.007075308356434107,
    "likelihood_scale": {
        "mean": 0.5,
        "std": 0.0
    }
}