{
    "sites": {
        "net_guide.net.0.weight.loc": [
            -0.026478087529540062,
            -0.00956111028790474,
            -0.023961933329701424,
            -0.018232615664601326,
            0.071355439722538,
            -0.03176163509488106,
            0.1356981098651886,
            -0.01956840604543686,
            0.04523244872689247,
            -0.025222864001989365
        ],
        "net_guide.net.0.weight.scale": [
            0.004084324464201927,
            0.004058401565998793,
            0.004076302517205477,
            0.004026123788207769,
            0.004084473010152578,
            0.004036561585962772,
            0.0040776170790195465,
            0.0041214884258806705,
            0.0040220655500888824,
            0.0040511819534003735
        ],
        "net_guide.net.0.bias.loc": [
            0.027637531980872154
        ],
        "net_guide.net.0.bias.scale": [
            0.00699020829051733
        ]
    },
    "mean_weight_scale": 0.004329886202785102,
    "min_weight_scale": 0.0040220655500888824,
    "max_weight_scale": 0.00699020829051733,
    "likelihood_scale": {
        "mean": 0.5,
        "std": 0.0
    }
}