{
    "sites": {
        "net_guide.net.0.weight.loc": [
            -0.02646668441593647,
            -0.00960622075945139,
            -0.024123139679431915,
            -0.01849323883652687,
            0.07140384614467621,
            -0.03178427740931511,
            0.1357589066028595,
            -0.019482599571347237,
            0.04530961066484451,
            -0.025337420403957367
        ],
        "net_guide.net.0.weight.scale": [
            0.00410179840400815,
            0.004082190804183483,
            0.004102244507521391,
            0.00407016696408391,
            0.004111922811716795,
            0.004166285041719675,
            0.004164910409599543,
            0.004137637559324503,
            0.00409617880359292,
            0.004045074339956045
        ],
        "net_guide.net.0.bias.loc": [
            0.027527909725904465
        ],
        "net_guide.net.0.bias.scale": [
            0.007079736329615116
        ]
    },
    "mean_weight_scale": 0.004378013270483775,
    "min_weight_scale": 0.004045074339956045,
    "max_weight_scale": 0.007079736329615116,
    "likelihood_scale": {
        "mean": 0.5,
        "std": 0.0
    }
}