{
    "sites": {
        "net_guide.net.0.weight.loc": [
            -0.026606786996126175,
            -0.009644822217524052,
            -0.024002060294151306,
            -0.018303511664271355,
            0.07152704894542694,
            -0.03175775334239006,
            0.1357148289680481,
            -0.019659817218780518,
            0.045099105685949326,
            -0.025123219937086105
        ],
        "net_guide.net.0.weight.scale": [
            0.004119470715522766,
            0.0041611073538661,
            0.00411888537928462,
            0.004096751566976309,
            0.004077724181115627,
            0.004108107183128595,
            0.004185202531516552,
            0.004091301001608372,
            0.004085843916982412,
            0.004135905299335718
        ],
        "net_guide.net.0.bias.loc": [
            0.027636194601655006
        ],
        "net_guide.net.0.bias.scale": [
            0.007088109850883484
        ]
    },
    "mean_weight_scale": 0.004388037180020051,
    "min_weight_scale": 0.004077724181115627,
    "max_weight_scale": 0.007088109850883484
}