{
    "sites": {
        "net_guide.net.0.weight.loc": [
            -0.02652774192392826,
            -0.009507998824119568,
            -0.02389664389193058,
            -0.018278682604432106,
            0.07148240506649017,
            -0.031723104417324066,
            0.13591131567955017,
            -0.01942947693169117,
            0.0450998991727829,
            -0.025305895134806633
        ],
        "net_guide.net.0.weight.scale": [
            0.004166809841990471,
            0.004232893697917461,
            0.0042398422956466675,
            0.004171268083155155,
            0.0042420122772455215,
            0.0041376687586307526,
            0.004189939238131046,
            0.004227755591273308,
            0.004162111319601536,
            0.0041949208825826645
        ],
        "net_guide.net.0.bias.loc": [
            0.02752760984003544
        ],
        "net_guide.net.0.bias.scale": [
            0.00721302954480052
        ]
    },
    "mean_weight_scale": 0.004470750139179555,
    "min_weight_scale": 0.0041376687586307526,
    "max_weight_scale": 0.00721302954480052
}