{
    "sites": {
        "net_guide.net.0.weight.loc": [
            -0.02649005874991417,
            -0.00955964345484972,
            -0.024061521515250206,
            -0.018318424001336098,
            0.07150030136108398,
            -0.031792592257261276,
            0.13571062684059143,
            -0.019637705758213997,
            0.04504160210490227,
            -0.02526821382343769
        ],
        "net_guide.net.0.weight.scale": [
            0.004119454883038998,
            0.004094439093023539,
            0.004189318045973778,
            0.004139273427426815,
            0.004129837732762098,
            0.004116593860089779,
            0.004151978064328432,
            0.004158829804509878,
            0.004024467431008816,
            0.0041103544645011425
        ],
        "net_guide.net.0.bias.loc": [
            0.02754560299217701
        ],
        "net_guide.net.0.bias.scale": [
            0.007111981511116028
        ]
    },
    "mean_weight_scale": 0.004395138937979937,
    "min_weight_scale": 0.004024467431008816,
    "max_weight_scale": 0.007111981511116028
}