{
    "sites": {
        "net_guide.net.0.weight.loc": [
            -0.026619644835591316,
            -0.009492249228060246,
            -0.023941388353705406,
            -0.018211666494607925,
            0.07152020186185837,
            -0.031727466732263565,
            0.135740265250206,
            -0.019490817561745644,
            0.0451727993786335,
            -0.025323960930109024
        ],
        "net_guide.net.0.weight.scale": [
            0.0041129072196781635,
            0.004109607543796301,
            0.00410857331007719,
            0.0040709939785301685,
            0.004088003188371658,
            0.0040942770428955555,
            0.0040818736888468266,
            0.004134097136557102,
            0.004062552470713854,
            0.004115208517760038
        ],
        "net_guide.net.0.bias.loc": [
            0.02754918672144413
        ],
        "net_guide.net.0.bias.scale": [
            0.0070325881242752075
        ]
    },
    "mean_weight_scale": 0.004364607474682006,
    "min_weight_scale": 0.004062552470713854,
    "max_weight_scale": 0.0070325881242752075
}