{
    "train_rmse": 1.7784008955468937,
    "time": 10589.859510183334
}