{
    "test_error": {
        "rmse": 1.4151394844055176,
        "mae": 1.143805456161499
    },
    "in_domain_error": {
        "rmse": 1.4330064058303833,
        "mae": 1.1571921944618224
    },
    "out_domain_error": {
        "rmse": 1.4338757753372193,
        "mae": 1.1589969992637634
    },
    "predictive": {
        "kl_div": 22.103918075561523,
        "standardized_mean_diff": 0.025090759620070457,
        "mean_diff": 0.02629830688238144,
        "std_diff": 0.7873812317848206
    },
    "predictive_in_domain": {
        "kl_div": 22.9494571685791,
        "standardized_mean_diff": 0.01818140409886837,
        "mean_diff": 0.018592510372400284,
        "std_diff": 0.7586534023284912
    },
    "predictive_out_domain": {
        "kl_div": 22.969104766845703,
        "standardized_mean_diff": 0.0009514961275272071,
        "mean_diff": 0.0007891540299169719,
        "std_diff": 0.8147251009941101
    }
}