{
    "test_error": {
        "rmse": 1.4186933636665344,
        "mae": 1.1432592630386353
    },
    "in_domain_error": {
        "rmse": 1.4338644027709961,
        "mae": 1.1600979089736938
    },
    "out_domain_error": {
        "rmse": 1.4361232757568358,
        "mae": 1.1588659405708313
    },
    "predictive": {
        "kl_div": 22.054431915283203,
        "mean_diff": 1.1200217008590698,
        "std_diff": 0.7872323393821716
    },
    "predictive_in_domain": {
        "kl_div": 22.92109489440918,
        "mean_diff": 1.1652971506118774,
        "std_diff": 0.7585904598236084
    },
    "predictive_out_domain": {
        "kl_div": 22.9754695892334,
        "mean_diff": 1.1291362047195435,
        "std_diff": 0.8144708275794983
    }
}