{
    "test_error": {
        "rmse": 1.2775991320610047,
        "mae": 1.011658602952957
    },
    "in_domain_error": {
        "rmse": 1.0747970342636108,
        "mae": 0.862243378162384
    },
    "out_domain_error": {
        "rmse": 2.822965919971466,
        "mae": 3.0292317152023314
    },
    "predictive": {
        "kl_div": 10.170745849609375,
        "mean_diff": 0.5746545791625977,
        "std_diff": 3.661597967147827
    },
    "predictive_in_domain": {
        "kl_div": 2.235924482345581,
        "mean_diff": 0.2607573866844177,
        "std_diff": 1.6888113021850586
    },
    "predictive_out_domain": {
        "kl_div": 65.39163970947266,
        "mean_diff": 2.374359369277954,
        "std_diff": 10.236078262329102
    }
}