{
    "test_error": {
        "rmse": 2.4505076885223387,
        "mae": 2.0138309359550477
    },
    "in_domain_error": {
        "rmse": 1.2649312257766723,
        "mae": 0.9638540863990783
    },
    "out_domain_error": {
        "rmse": 4.869916582107544,
        "mae": 4.201047134399414
    },
    "predictive": {
        "kl_div": 2.6270155906677246,
        "mean_diff": 1.9108659029006958,
        "std_diff": 0.2444772571325302
    },
    "predictive_in_domain": {
        "kl_div": 0.8224087357521057,
        "mean_diff": 0.5595119595527649,
        "std_diff": 0.2306685447692871
    },
    "predictive_out_domain": {
        "kl_div": 11.835504531860352,
        "mean_diff": 4.274216651916504,
        "std_diff": 0.22912776470184326
    }
}