{
    "train_error": {
        "rmse": 0.43977096676826477,
        "loglikelihood": -1.6246105432510376
    },
    "test_error": {
        "rmse": 71.8302001953125,
        "loglikelihood": -4.07999324798584
    },
    "in_domain_error": {
        "rmse": 0.4524407684803009,
        "loglikelihood": -1.7754311561584473
    },
    "out_domain_error": {
        "rmse": 100.2950439453125,
        "loglikelihood": -6.403982162475586
    },
    "predictive_train": {
        "kl_div": 1.9502272605895996,
        "mean_diff": 0.3155660927295685,
        "std_diff": 0.013857974670827389
    },
    "predictive_test": {
        "kl_div": 375560.03125,
        "mean_diff": 39.979591369628906,
        "std_diff": 100.67131042480469
    },
    "predictive_in_domain": {
        "kl_div": 2.8101816177368164,
        "mean_diff": 0.3735194504261017,
        "std_diff": 0.034340180456638336
    },
    "predictive_out_domain": {
        "kl_div": 609052.25,
        "mean_diff": 86.31338500976562,
        "std_diff": 172.8953094482422
    }
}