{
    "train": {
        "error": {
            "rmse": 0.670398473739624,
            "loglikelihood": -1.019606351852417,
            "mae": 0.5321570634841919
        },
        "predictive_eval": {
            "kl_div_to_data": 0.5503041744232178,
            "mean_diff_to_data": 0.328190416097641,
            "std_diff_to_data": 0.236556738615036
        }
    },
    "in_domain": {
        "error": {
            "rmse": 0.7691022753715515,
            "loglikelihood": -1.178613305091858,
            "mae": 0.6064294576644897
        },
        "predictive_eval": {
            "kl_div_to_data": 0.6619598269462585,
            "mean_diff_to_data": 0.3711347281932831,
            "std_diff_to_data": 0.23729440569877625
        }
    },
    "out_domain": {
        "error": {
            "rmse": 12.30868911743164,
            "loglikelihood": -167.1540985107422,
            "mae": 9.875835418701172
        },
        "predictive_eval": {
            "kl_div_to_data": 321.9519348144531,
            "mean_diff_to_data": 10.25703239440918,
            "std_diff_to_data": 0.7526600360870361
        }
    }
}