{
    "train": {
        "error": {
            "rmse": 0.6097515821456909,
            "loglikelihood": -0.957790195941925,
            "mae": 0.48878249526023865
        },
        "predictive_eval": {
            "kl_div_to_data": 0.549287736415863,
            "mean_diff_to_data": 0.32308992743492126,
            "std_diff_to_data": 0.2417885810136795
        }
    },
    "in_domain": {
        "error": {
            "rmse": 0.6878935098648071,
            "loglikelihood": -1.0484193563461304,
            "mae": 0.546858549118042
        },
        "predictive_eval": {
            "kl_div_to_data": 0.6635582447052002,
            "mean_diff_to_data": 0.37696126103401184,
            "std_diff_to_data": 0.24276494979858398
        }
    },
    "out_domain": {
        "error": {
            "rmse": 11.770042419433594,
            "loglikelihood": -43.140380859375,
            "mae": 9.4236478805542
        },
        "predictive_eval": {
            "kl_div_to_data": 300.9336242675781,
            "mean_diff_to_data": 9.824297904968262,
            "std_diff_to_data": 0.7805867791175842
        }
    }
}