{
    "train": {
        "error": {
            "rmse": 0.675558865070343,
            "loglikelihood": -1.0268185138702393,
            "mae": 0.537799060344696
        },
        "predictive_eval": {
            "kl_div_to_data": 0.5964778661727905,
            "mean_diff_to_data": 0.3469705581665039,
            "std_diff_to_data": 0.24086295068264008
        }
    },
    "in_domain": {
        "error": {
            "rmse": 0.7663931250572205,
            "loglikelihood": -1.172506332397461,
            "mae": 0.6069301962852478
        },
        "predictive_eval": {
            "kl_div_to_data": 0.6904548406600952,
            "mean_diff_to_data": 0.3853590190410614,
            "std_diff_to_data": 0.2443954199552536
        }
    },
    "out_domain": {
        "error": {
            "rmse": 12.132193565368652,
            "loglikelihood": -156.78225708007812,
            "mae": 9.712653160095215
        },
        "predictive_eval": {
            "kl_div_to_data": 323.4225769042969,
            "mean_diff_to_data": 10.28316593170166,
            "std_diff_to_data": 0.7792809009552002
        }
    }
}