{
    "train": {
        "error": {
            "rmse": 0.6352159380912781,
            "loglikelihood": -0.9939072728157043,
            "mae": 0.5052222013473511
        },
        "predictive_eval": {
            "kl_div_to_data": 0.6675140261650085,
            "mean_diff_to_data": 0.36186614632606506,
            "std_diff_to_data": 0.26090753078460693
        }
    },
    "in_domain": {
        "error": {
            "rmse": 0.7245785593986511,
            "loglikelihood": -1.0959323644638062,
            "mae": 0.572225034236908
        },
        "predictive_eval": {
            "kl_div_to_data": 0.8064143657684326,
            "mean_diff_to_data": 0.41721978783607483,
            "std_diff_to_data": 0.26309314370155334
        }
    },
    "out_domain": {
        "error": {
            "rmse": 11.921086311340332,
            "loglikelihood": -50.75063705444336,
            "mae": 9.57209300994873
        },
        "predictive_eval": {
            "kl_div_to_data": 309.77020263671875,
            "mean_diff_to_data": 9.977673530578613,
            "std_diff_to_data": 0.6946519613265991
        }
    }
}