{
    "train": {
        "error": {
            "rmse": 0.7081905007362366,
            "loglikelihood": -1.0740376710891724,
            "mae": 0.5616888403892517
        },
        "predictive_eval": {
            "kl_div_to_data": 0.6855024695396423,
            "mean_diff_to_data": 0.362580806016922,
            "std_diff_to_data": 0.2733379602432251
        }
    },
    "in_domain": {
        "error": {
            "rmse": 0.7741400003433228,
            "loglikelihood": -1.169364094734192,
            "mae": 0.6143400073051453
        },
        "predictive_eval": {
            "kl_div_to_data": 0.7757888436317444,
            "mean_diff_to_data": 0.399014949798584,
            "std_diff_to_data": 0.2733611464500427
        }
    },
    "out_domain": {
        "error": {
            "rmse": 11.853763580322266,
            "loglikelihood": -134.67520141601562,
            "mae": 9.495116233825684
        },
        "predictive_eval": {
            "kl_div_to_data": 298.8083190917969,
            "mean_diff_to_data": 9.80711841583252,
            "std_diff_to_data": 0.7416129112243652
        }
    }
}