{
    "train": {
        "error": {
            "rmse": 0.6502600908279419,
            "loglikelihood": -1.0143824815750122,
            "mae": 0.5165950655937195
        },
        "predictive_eval": {
            "kl_div_to_data": 0.6813954710960388,
            "mean_diff_to_data": 0.3602902889251709,
            "std_diff_to_data": 0.2728237807750702
        }
    },
    "test": {
        "error": {
            "rmse": 8.310502052307129,
            "loglikelihood": -23.276891708374023,
            "mae": 4.982362747192383
        },
        "predictive_eval": {
            "kl_div_to_data": 144.10972595214844,
            "mean_diff_to_data": 5.1942009925842285,
            "std_diff_to_data": 0.5292502641677856
        }
    },
    "in_domain": {
        "error": {
            "rmse": 0.7134426832199097,
            "loglikelihood": -1.0841350555419922,
            "mae": 0.5658301711082458
        },
        "predictive_eval": {
            "kl_div_to_data": 0.7734350562095642,
            "mean_diff_to_data": 0.39725202322006226,
            "std_diff_to_data": 0.2741281986236572
        }
    },
    "out_domain": {
        "error": {
            "rmse": 11.742559432983398,
            "loglikelihood": -45.73585891723633,
            "mae": 9.41201400756836
        },
        "predictive_eval": {
            "kl_div_to_data": 298.3175354003906,
            "mean_diff_to_data": 9.799777030944824,
            "std_diff_to_data": 0.737112283706665
        }
    }
}