{
    "train": {
        "error": {
            "rmse": 0.6037155985832214,
            "loglikelihood": -0.9503669142723083,
            "mae": 0.48203983902931213
        },
        "predictive_eval": {
            "kl_div_to_data": 0.5951850414276123,
            "mean_diff_to_data": 0.3459849953651428,
            "std_diff_to_data": 0.24075087904930115
        }
    },
    "in_domain": {
        "error": {
            "rmse": 0.7011784315109253,
            "loglikelihood": -1.0647659301757812,
            "mae": 0.5554539561271667
        },
        "predictive_eval": {
            "kl_div_to_data": 0.686909019947052,
            "mean_diff_to_data": 0.38535332679748535,
            "std_diff_to_data": 0.2422662377357483
        }
    },
    "out_domain": {
        "error": {
            "rmse": 12.132608413696289,
            "loglikelihood": -45.0552864074707,
            "mae": 9.73121166229248
        },
        "predictive_eval": {
            "kl_div_to_data": 323.262451171875,
            "mean_diff_to_data": 10.27883243560791,
            "std_diff_to_data": 0.7943804264068604
        }
    }
}