{
    "train": {
        "error": {
            "rmse": 0.6030741333961487,
            "loglikelihood": -0.9495899081230164,
            "mae": 0.48157578706741333
        },
        "predictive_eval": {
            "kl_div_to_data": 0.5976155996322632,
            "mean_diff_to_data": 0.3459841310977936,
            "std_diff_to_data": 0.2415999472141266
        }
    },
    "test": {
        "error": {
            "rmse": 8.587027549743652,
            "loglikelihood": -23.20543670654297,
            "mae": 5.14148473739624
        },
        "predictive_eval": {
            "kl_div_to_data": 162.25628662109375,
            "mean_diff_to_data": 5.400805950164795,
            "std_diff_to_data": 0.5358087420463562
        }
    },
    "in_domain": {
        "error": {
            "rmse": 0.7018076181411743,
            "loglikelihood": -1.0654659271240234,
            "mae": 0.5559332370758057
        },
        "predictive_eval": {
            "kl_div_to_data": 0.684971809387207,
            "mean_diff_to_data": 0.38535216450691223,
            "std_diff_to_data": 0.24087655544281006
        }
    },
    "out_domain": {
        "error": {
            "rmse": 12.137648582458496,
            "loglikelihood": -45.42949295043945,
            "mae": 9.739165306091309
        },
        "predictive_eval": {
            "kl_div_to_data": 323.3504943847656,
            "mean_diff_to_data": 10.28173828125,
            "std_diff_to_data": 0.7833678722381592
        }
    }
}