{
    "train": {
        "error": {
            "rmse": 0.6175388693809509,
            "loglikelihood": -0.9754282832145691,
            "mae": 0.49215927720069885
        },
        "predictive_eval": {
            "kl_div_to_data": 0.6123712062835693,
            "mean_diff_to_data": 0.33602359890937805,
            "std_diff_to_data": 0.26396727561950684
        }
    },
    "in_domain": {
        "error": {
            "rmse": 0.6999881267547607,
            "loglikelihood": -1.0677762031555176,
            "mae": 0.5530619621276855
        },
        "predictive_eval": {
            "kl_div_to_data": 0.7358925938606262,
            "mean_diff_to_data": 0.38843676447868347,
            "std_diff_to_data": 0.2664336562156677
        }
    },
    "out_domain": {
        "error": {
            "rmse": 11.844330787658691,
            "loglikelihood": -40.561187744140625,
            "mae": 9.471813201904297
        },
        "predictive_eval": {
            "kl_div_to_data": 304.7618713378906,
            "mean_diff_to_data": 9.922752380371094,
            "std_diff_to_data": 0.8129891157150269
        }
    }
}