{
    "train": {
        "error": {
            "rmse": 0.6921480894088745,
            "loglikelihood": -1.0514425039291382,
            "mae": 0.5522834658622742
        },
        "predictive_eval": {
            "kl_div_to_data": 0.6122884154319763,
            "mean_diff_to_data": 0.34808069467544556,
            "std_diff_to_data": 0.25361043214797974
        }
    },
    "in_domain": {
        "error": {
            "rmse": 0.7811697125434875,
            "loglikelihood": -1.1949522495269775,
            "mae": 0.6164789199829102
        },
        "predictive_eval": {
            "kl_div_to_data": 0.7449667453765869,
            "mean_diff_to_data": 0.39479967951774597,
            "std_diff_to_data": 0.2522018551826477
        }
    },
    "out_domain": {
        "error": {
            "rmse": 11.793973922729492,
            "loglikelihood": -147.8535614013672,
            "mae": 9.469200134277344
        },
        "predictive_eval": {
            "kl_div_to_data": 302.9658203125,
            "mean_diff_to_data": 9.95314884185791,
            "std_diff_to_data": 0.7582634091377258
        }
    }
}