{
    "train": {
        "error": {
            "rmse": 0.6509252190589905,
            "loglikelihood": -1.015148639678955,
            "mae": 0.5171427726745605
        },
        "predictive_eval": {
            "kl_div_to_data": 0.6793831586837769,
            "mean_diff_to_data": 0.35916846990585327,
            "std_diff_to_data": 0.273959219455719
        }
    },
    "test": {
        "error": {
            "rmse": 8.308687210083008,
            "loglikelihood": -23.325082778930664,
            "mae": 4.984762668609619
        },
        "predictive_eval": {
            "kl_div_to_data": 144.148681640625,
            "mean_diff_to_data": 5.19343376159668,
            "std_diff_to_data": 0.530605137348175
        }
    },
    "in_domain": {
        "error": {
            "rmse": 0.7131169438362122,
            "loglikelihood": -1.0839763879776,
            "mae": 0.5656167268753052
        },
        "predictive_eval": {
            "kl_div_to_data": 0.7749702334403992,
            "mean_diff_to_data": 0.39770129323005676,
            "std_diff_to_data": 0.274138480424881
        }
    },
    "out_domain": {
        "error": {
            "rmse": 11.744523048400879,
            "loglikelihood": -45.91743087768555,
            "mae": 9.414108276367188
        },
        "predictive_eval": {
            "kl_div_to_data": 297.81304931640625,
            "mean_diff_to_data": 9.792180061340332,
            "std_diff_to_data": 0.7324110865592957
        }
    }
}