{
    "train": {
        "error": {
            "rmse": 0.6506698131561279,
            "loglikelihood": -1.015415072441101,
            "mae": 0.516964852809906
        },
        "predictive_eval": {
            "kl_div_to_data": 0.6819742321968079,
            "mean_diff_to_data": 0.3608478903770447,
            "std_diff_to_data": 0.2730979025363922
        }
    },
    "in_domain": {
        "error": {
            "rmse": 0.714533805847168,
            "loglikelihood": -1.0859073400497437,
            "mae": 0.5661181807518005
        },
        "predictive_eval": {
            "kl_div_to_data": 0.7711970210075378,
            "mean_diff_to_data": 0.39629480242729187,
            "std_diff_to_data": 0.2730540633201599
        }
    },
    "out_domain": {
        "error": {
            "rmse": 11.738009452819824,
            "loglikelihood": -45.65617752075195,
            "mae": 9.408068656921387
        },
        "predictive_eval": {
            "kl_div_to_data": 298.3179931640625,
            "mean_diff_to_data": 9.797789573669434,
            "std_diff_to_data": 0.7453149557113647
        }
    }
}