{
    "train": {
        "error": {
            "rmse": 0.6499386429786682,
            "loglikelihood": -1.0140694379806519,
            "mae": 0.5164010524749756
        },
        "predictive_eval": {
            "kl_div_to_data": 0.6809359788894653,
            "mean_diff_to_data": 0.3608372211456299,
            "std_diff_to_data": 0.27254655957221985
        }
    },
    "in_domain": {
        "error": {
            "rmse": 0.7142856121063232,
            "loglikelihood": -1.0854008197784424,
            "mae": 0.566344141960144
        },
        "predictive_eval": {
            "kl_div_to_data": 0.7744821310043335,
            "mean_diff_to_data": 0.39894914627075195,
            "std_diff_to_data": 0.2726640999317169
        }
    },
    "out_domain": {
        "error": {
            "rmse": 11.74062442779541,
            "loglikelihood": -45.595863342285156,
            "mae": 9.410906791687012
        },
        "predictive_eval": {
            "kl_div_to_data": 298.1761474609375,
            "mean_diff_to_data": 9.798384666442871,
            "std_diff_to_data": 0.742616593837738
        }
    }
}