{
    "train": {
        "error": {
            "rmse": 0.6360178589820862,
            "loglikelihood": -0.9988222122192383,
            "mae": 0.5082787871360779
        },
        "predictive_eval": {
            "kl_div_to_data": 0.6712164878845215,
            "mean_diff_to_data": 0.3574725389480591,
            "std_diff_to_data": 0.26918530464172363
        }
    },
    "in_domain": {
        "error": {
            "rmse": 0.7175145149230957,
            "loglikelihood": -1.0891873836517334,
            "mae": 0.5693444609642029
        },
        "predictive_eval": {
            "kl_div_to_data": 0.7785400152206421,
            "mean_diff_to_data": 0.40069499611854553,
            "std_diff_to_data": 0.272335946559906
        }
    },
    "out_domain": {
        "error": {
            "rmse": 11.790772438049316,
            "loglikelihood": -43.910335540771484,
            "mae": 9.444829940795898
        },
        "predictive_eval": {
            "kl_div_to_data": 304.3389587402344,
            "mean_diff_to_data": 9.885848045349121,
            "std_diff_to_data": 0.7613023519515991
        }
    }
}