{
    "train": {
        "error": {
            "rmse": 0.6361424922943115,
            "loglikelihood": -0.9949504733085632,
            "mae": 0.5058557987213135
        },
        "predictive_eval": {
            "kl_div_to_data": 0.6704594492912292,
            "mean_diff_to_data": 0.3621169924736023,
            "std_diff_to_data": 0.2621663808822632
        }
    },
    "in_domain": {
        "error": {
            "rmse": 0.7246382832527161,
            "loglikelihood": -1.096718192100525,
            "mae": 0.5722743272781372
        },
        "predictive_eval": {
            "kl_div_to_data": 0.8069878220558167,
            "mean_diff_to_data": 0.41791632771492004,
            "std_diff_to_data": 0.263771116733551
        }
    },
    "out_domain": {
        "error": {
            "rmse": 11.921553611755371,
            "loglikelihood": -50.93424987792969,
            "mae": 9.572260856628418
        },
        "predictive_eval": {
            "kl_div_to_data": 309.91180419921875,
            "mean_diff_to_data": 9.98000431060791,
            "std_diff_to_data": 0.6923618316650391
        }
    }
}