{
    "train": {
        "error": {
            "rmse": 0.6921014785766602,
            "loglikelihood": -1.0516784191131592,
            "mae": 0.5481072664260864
        },
        "predictive_eval": {
            "kl_div_to_data": 0.6675463318824768,
            "mean_diff_to_data": 0.3618290424346924,
            "std_diff_to_data": 0.2608846426010132
        }
    },
    "in_domain": {
        "error": {
            "rmse": 0.780139684677124,
            "loglikelihood": -1.1763986349105835,
            "mae": 0.614469051361084
        },
        "predictive_eval": {
            "kl_div_to_data": 0.8062730431556702,
            "mean_diff_to_data": 0.4172210097312927,
            "std_diff_to_data": 0.26296287775039673
        }
    },
    "out_domain": {
        "error": {
            "rmse": 11.997232437133789,
            "loglikelihood": -156.03321838378906,
            "mae": 9.63100814819336
        },
        "predictive_eval": {
            "kl_div_to_data": 309.7960205078125,
            "mean_diff_to_data": 9.97812271118164,
            "std_diff_to_data": 0.6944898366928101
        }
    }
}