{
    "train": {
        "error": {
            "rmse": 0.7058238983154297,
            "loglikelihood": -1.0706828832626343,
            "mae": 0.5610453486442566
        },
        "predictive_eval": {
            "kl_div_to_data": 0.6123281121253967,
            "mean_diff_to_data": 0.33709388971328735,
            "std_diff_to_data": 0.26328587532043457
        }
    },
    "in_domain": {
        "error": {
            "rmse": 0.7632347941398621,
            "loglikelihood": -1.154133677482605,
            "mae": 0.6037123799324036
        },
        "predictive_eval": {
            "kl_div_to_data": 0.7323195338249207,
            "mean_diff_to_data": 0.38719651103019714,
            "std_diff_to_data": 0.2653684914112091
        }
    },
    "out_domain": {
        "error": {
            "rmse": 11.8306884765625,
            "loglikelihood": -143.95616149902344,
            "mae": 9.45728588104248
        },
        "predictive_eval": {
            "kl_div_to_data": 304.75299072265625,
            "mean_diff_to_data": 9.9223051071167,
            "std_diff_to_data": 0.82606041431427
        }
    }
}