{
    "train": {
        "error": {
            "rmse": 0.6149883270263672,
            "loglikelihood": -0.9729663133621216,
            "mae": 0.4886553883552551
        },
        "predictive_eval": {
            "kl_div_to_data": 0.6326248645782471,
            "mean_diff_to_data": 0.3459371030330658,
            "std_diff_to_data": 0.26266372203826904
        }
    },
    "in_domain": {
        "error": {
            "rmse": 0.7068068385124207,
            "loglikelihood": -1.0744653940200806,
            "mae": 0.5572931170463562
        },
        "predictive_eval": {
            "kl_div_to_data": 0.7267324924468994,
            "mean_diff_to_data": 0.3806391954421997,
            "std_diff_to_data": 0.26498058438301086
        }
    },
    "out_domain": {
        "error": {
            "rmse": 11.765551567077637,
            "loglikelihood": -40.313804626464844,
            "mae": 9.445162773132324
        },
        "predictive_eval": {
            "kl_div_to_data": 301.0982666015625,
            "mean_diff_to_data": 9.89370059967041,
            "std_diff_to_data": 0.8157446384429932
        }
    }
}