{
    "train": {
        "error": {
            "rmse": 0.6156722903251648,
            "loglikelihood": -0.9679204821586609,
            "mae": 0.4926513731479645
        },
        "predictive_eval": {
            "kl_div_to_data": 0.6107818484306335,
            "mean_diff_to_data": 0.34811413288116455,
            "std_diff_to_data": 0.25282251834869385
        }
    },
    "test": {
        "error": {
            "rmse": 8.36030387878418,
            "loglikelihood": -22.639732360839844,
            "mae": 5.01862096786499
        },
        "predictive_eval": {
            "kl_div_to_data": 147.66067504882812,
            "mean_diff_to_data": 5.2409796714782715,
            "std_diff_to_data": 0.5199270844459534
        }
    },
    "in_domain": {
        "error": {
            "rmse": 0.7221822738647461,
            "loglikelihood": -1.09234619140625,
            "mae": 0.5727152228355408
        },
        "predictive_eval": {
            "kl_div_to_data": 0.747994601726532,
            "mean_diff_to_data": 0.39340221881866455,
            "std_diff_to_data": 0.25486356019973755
        }
    },
    "out_domain": {
        "error": {
            "rmse": 11.800079345703125,
            "loglikelihood": -44.12895202636719,
            "mae": 9.462272644042969
        },
        "predictive_eval": {
            "kl_div_to_data": 302.7168884277344,
            "mean_diff_to_data": 9.94766616821289,
            "std_diff_to_data": 0.758262574672699
        }
    }
}