{
    "train": {
        "error": {
            "rmse": 0.6091367602348328,
            "loglikelihood": -0.9568924903869629,
            "mae": 0.488201379776001
        },
        "predictive_eval": {
            "kl_div_to_data": 0.5502167344093323,
            "mean_diff_to_data": 0.3231843113899231,
            "std_diff_to_data": 0.24303337931632996
        }
    },
    "test": {
        "error": {
            "rmse": 8.33707332611084,
            "loglikelihood": -22.06033706665039,
            "mae": 4.985497951507568
        },
        "predictive_eval": {
            "kl_div_to_data": 148.0243377685547,
            "mean_diff_to_data": 5.175942420959473,
            "std_diff_to_data": 0.5359292030334473
        }
    },
    "in_domain": {
        "error": {
            "rmse": 0.687066912651062,
            "loglikelihood": -1.0467239618301392,
            "mae": 0.5462536811828613
        },
        "predictive_eval": {
            "kl_div_to_data": 0.6654379963874817,
            "mean_diff_to_data": 0.3750224709510803,
            "std_diff_to_data": 0.2442188709974289
        }
    },
    "out_domain": {
        "error": {
            "rmse": 11.76340103149414,
            "loglikelihood": -42.892330169677734,
            "mae": 9.417769432067871
        },
        "predictive_eval": {
            "kl_div_to_data": 301.0811462402344,
            "mean_diff_to_data": 9.828248023986816,
            "std_diff_to_data": 0.7836179733276367
        }
    }
}