{
    "train": {
        "error": {
            "rmse": 0.648980975151062,
            "loglikelihood": -1.0158932209014893,
            "mae": 0.517383873462677
        },
        "predictive_eval": {
            "kl_div_to_data": 0.7291419506072998,
            "mean_diff_to_data": 0.37791118025779724,
            "std_diff_to_data": 0.27957683801651
        }
    },
    "test": {
        "error": {
            "rmse": 8.526001930236816,
            "loglikelihood": -23.738309860229492,
            "mae": 5.115777015686035
        },
        "predictive_eval": {
            "kl_div_to_data": 154.9947509765625,
            "mean_diff_to_data": 5.311088562011719,
            "std_diff_to_data": 0.5341631174087524
        }
    },
    "in_domain": {
        "error": {
            "rmse": 0.7325452566146851,
            "loglikelihood": -1.109619140625,
            "mae": 0.5816630721092224
        },
        "predictive_eval": {
            "kl_div_to_data": 0.8394824862480164,
            "mean_diff_to_data": 0.42091816663742065,
            "std_diff_to_data": 0.2788524329662323
        }
    },
    "out_domain": {
        "error": {
            "rmse": 12.0346040725708,
            "loglikelihood": -46.718807220458984,
            "mae": 9.641051292419434
        },
        "predictive_eval": {
            "kl_div_to_data": 309.3421936035156,
            "mean_diff_to_data": 10.00351333618164,
            "std_diff_to_data": 0.7657175064086914
        }
    }
}