{
    "train": {
        "error": {
            "rmse": 0.7165027856826782,
            "loglikelihood": -1.0872529745101929,
            "mae": 0.5697055459022522
        },
        "predictive_eval": {
            "kl_div_to_data": 0.7242152094841003,
            "mean_diff_to_data": 0.3752882182598114,
            "std_diff_to_data": 0.27954450249671936
        }
    },
    "in_domain": {
        "error": {
            "rmse": 0.787539541721344,
            "loglikelihood": -1.1873446702957153,
            "mae": 0.6262514591217041
        },
        "predictive_eval": {
            "kl_div_to_data": 0.8404664397239685,
            "mean_diff_to_data": 0.42434605956077576,
            "std_diff_to_data": 0.27814769744873047
        }
    },
    "out_domain": {
        "error": {
            "rmse": 11.96308422088623,
            "loglikelihood": -141.51492309570312,
            "mae": 9.587214469909668
        },
        "predictive_eval": {
            "kl_div_to_data": 309.7109069824219,
            "mean_diff_to_data": 10.010564804077148,
            "std_diff_to_data": 0.7600825428962708
        }
    }
}