{
    "train": {
        "error": {
            "rmse": 0.6018328666687012,
            "loglikelihood": -0.9457749724388123,
            "mae": 0.4794335961341858
        },
        "predictive_eval": {
            "kl_div_to_data": 0.5485349297523499,
            "mean_diff_to_data": 0.32828590273857117,
            "std_diff_to_data": 0.23580151796340942
        }
    },
    "in_domain": {
        "error": {
            "rmse": 0.6986314058303833,
            "loglikelihood": -1.0602476596832275,
            "mae": 0.5524837374687195
        },
        "predictive_eval": {
            "kl_div_to_data": 0.6618712544441223,
            "mean_diff_to_data": 0.37001708149909973,
            "std_diff_to_data": 0.23720064759254456
        }
    },
    "out_domain": {
        "error": {
            "rmse": 12.16793441772461,
            "loglikelihood": -47.629425048828125,
            "mae": 9.759478569030762
        },
        "predictive_eval": {
            "kl_div_to_data": 322.15570068359375,
            "mean_diff_to_data": 10.260213851928711,
            "std_diff_to_data": 0.7593973278999329
        }
    }
}