{
    "train": {
        "error": {
            "rmse": 0.6871441006660461,
            "loglikelihood": -1.0453665256500244,
            "mae": 0.5459367632865906
        },
        "predictive_eval": {
            "kl_div_to_data": 0.6326330304145813,
            "mean_diff_to_data": 0.345975399017334,
            "std_diff_to_data": 0.2626195549964905
        }
    },
    "in_domain": {
        "error": {
            "rmse": 0.7634747624397278,
            "loglikelihood": -1.160243272781372,
            "mae": 0.6060935854911804
        },
        "predictive_eval": {
            "kl_div_to_data": 0.7264216542243958,
            "mean_diff_to_data": 0.38058486580848694,
            "std_diff_to_data": 0.2648707628250122
        }
    },
    "out_domain": {
        "error": {
            "rmse": 11.76998519897461,
            "loglikelihood": -142.55628967285156,
            "mae": 9.438158988952637
        },
        "predictive_eval": {
            "kl_div_to_data": 301.09088134765625,
            "mean_diff_to_data": 9.893604278564453,
            "std_diff_to_data": 0.8164587020874023
        }
    }
}