{
    "train": {
        "error": {
            "rmse": 0.6177888512611389,
            "loglikelihood": -0.9751775860786438,
            "mae": 0.49229881167411804
        },
        "predictive_eval": {
            "kl_div_to_data": 0.6115478873252869,
            "mean_diff_to_data": 0.3348656892776489,
            "std_diff_to_data": 0.2641301155090332
        }
    },
    "in_domain": {
        "error": {
            "rmse": 0.7002478241920471,
            "loglikelihood": -1.0685244798660278,
            "mae": 0.5537516474723816
        },
        "predictive_eval": {
            "kl_div_to_data": 0.7342939376831055,
            "mean_diff_to_data": 0.38802438974380493,
            "std_diff_to_data": 0.26558709144592285
        }
    },
    "out_domain": {
        "error": {
            "rmse": 11.845025062561035,
            "loglikelihood": -40.669429779052734,
            "mae": 9.472129821777344
        },
        "predictive_eval": {
            "kl_div_to_data": 304.9571838378906,
            "mean_diff_to_data": 9.926299095153809,
            "std_diff_to_data": 0.8168095350265503
        }
    }
}