{
    "train": {
        "error": {
            "rmse": 0.6021466851234436,
            "loglikelihood": -0.9462666511535645,
            "mae": 0.4798037111759186
        },
        "predictive_eval": {
            "kl_div_to_data": 0.5495648384094238,
            "mean_diff_to_data": 0.32787248492240906,
            "std_diff_to_data": 0.23561958968639374
        }
    },
    "in_domain": {
        "error": {
            "rmse": 0.6992677450180054,
            "loglikelihood": -1.0616329908370972,
            "mae": 0.5528391599655151
        },
        "predictive_eval": {
            "kl_div_to_data": 0.6609119176864624,
            "mean_diff_to_data": 0.37077444791793823,
            "std_diff_to_data": 0.23653121292591095
        }
    },
    "out_domain": {
        "error": {
            "rmse": 12.167046546936035,
            "loglikelihood": -47.705223083496094,
            "mae": 9.758858680725098
        },
        "predictive_eval": {
            "kl_div_to_data": 322.3448181152344,
            "mean_diff_to_data": 10.263216018676758,
            "std_diff_to_data": 0.7556371092796326
        }
    }
}