{
    "train": {
        "error": {
            "rmse": 0.6362286806106567,
            "loglikelihood": -0.9947546124458313,
            "mae": 0.5064792037010193
        },
        "predictive_eval": {
            "kl_div_to_data": 0.6736913919448853,
            "mean_diff_to_data": 0.3629014194011688,
            "std_diff_to_data": 0.2641272246837616
        }
    },
    "test": {
        "error": {
            "rmse": 8.444233894348145,
            "loglikelihood": -25.94549560546875,
            "mae": 5.069527626037598
        },
        "predictive_eval": {
            "kl_div_to_data": 149.23207092285156,
            "mean_diff_to_data": 5.187721252441406,
            "std_diff_to_data": 0.5021718740463257
        }
    },
    "in_domain": {
        "error": {
            "rmse": 0.72492516040802,
            "loglikelihood": -1.0965737104415894,
            "mae": 0.5728093385696411
        },
        "predictive_eval": {
            "kl_div_to_data": 0.806193470954895,
            "mean_diff_to_data": 0.41663917899131775,
            "std_diff_to_data": 0.2639539837837219
        }
    },
    "out_domain": {
        "error": {
            "rmse": 11.918015480041504,
            "loglikelihood": -50.99850082397461,
            "mae": 9.572344779968262
        },
        "predictive_eval": {
            "kl_div_to_data": 309.9233703613281,
            "mean_diff_to_data": 9.980056762695312,
            "std_diff_to_data": 0.7033883333206177
        }
    }
}