{
    "train": {
        "error": {
            "rmse": 0.6043186187744141,
            "loglikelihood": -0.9510284662246704,
            "mae": 0.48259997367858887
        },
        "predictive_eval": {
            "kl_div_to_data": 0.5979133248329163,
            "mean_diff_to_data": 0.34734368324279785,
            "std_diff_to_data": 0.2408662736415863
        }
    },
    "in_domain": {
        "error": {
            "rmse": 0.7020748853683472,
            "loglikelihood": -1.0659477710723877,
            "mae": 0.5561224818229675
        },
        "predictive_eval": {
            "kl_div_to_data": 0.6907039880752563,
            "mean_diff_to_data": 0.38534286618232727,
            "std_diff_to_data": 0.24392282962799072
        }
    },
    "out_domain": {
        "error": {
            "rmse": 12.13167953491211,
            "loglikelihood": -45.13835525512695,
            "mae": 9.730329513549805
        },
        "predictive_eval": {
            "kl_div_to_data": 323.28167724609375,
            "mean_diff_to_data": 10.279397010803223,
            "std_diff_to_data": 0.7863878607749939
        }
    }
}