{
    "train": {
        "error": {
            "rmse": 0.6164337396621704,
            "loglikelihood": -0.9695501327514648,
            "mae": 0.493269681930542
        },
        "predictive_eval": {
            "kl_div_to_data": 0.6108711957931519,
            "mean_diff_to_data": 0.3462161421775818,
            "std_diff_to_data": 0.25373125076293945
        }
    },
    "in_domain": {
        "error": {
            "rmse": 0.7226771712303162,
            "loglikelihood": -1.0939664840698242,
            "mae": 0.5731450915336609
        },
        "predictive_eval": {
            "kl_div_to_data": 0.7535138130187988,
            "mean_diff_to_data": 0.3961314558982849,
            "std_diff_to_data": 0.25468844175338745
        }
    },
    "out_domain": {
        "error": {
            "rmse": 11.797826766967773,
            "loglikelihood": -44.22343063354492,
            "mae": 9.458645820617676
        },
        "predictive_eval": {
            "kl_div_to_data": 302.7037048339844,
            "mean_diff_to_data": 9.94846248626709,
            "std_diff_to_data": 0.7591109871864319
        }
    }
}