{
    "train": {
        "error": {
            "rmse": 0.6981685161590576,
            "loglikelihood": -1.0605617761611938,
            "mae": 0.5567241311073303
        },
        "predictive_eval": {
            "kl_div_to_data": 0.6785210967063904,
            "mean_diff_to_data": 0.35770294070243835,
            "std_diff_to_data": 0.271981805562973
        }
    },
    "in_domain": {
        "error": {
            "rmse": 0.7722740173339844,
            "loglikelihood": -1.171064019203186,
            "mae": 0.6139118671417236
        },
        "predictive_eval": {
            "kl_div_to_data": 0.777014970779419,
            "mean_diff_to_data": 0.40049654245376587,
            "std_diff_to_data": 0.2709744870662689
        }
    },
    "out_domain": {
        "error": {
            "rmse": 11.818628311157227,
            "loglikelihood": -134.77862548828125,
            "mae": 9.459990501403809
        },
        "predictive_eval": {
            "kl_div_to_data": 303.9427490234375,
            "mean_diff_to_data": 9.878155708312988,
            "std_diff_to_data": 0.7544123530387878
        }
    }
}