{
    "train": {
        "error": {
            "rmse": 0.6778786778450012,
            "loglikelihood": -1.0320885181427002,
            "mae": 0.5407634973526001
        },
        "predictive_eval": {
            "kl_div_to_data": 0.5526800155639648,
            "mean_diff_to_data": 0.3242150843143463,
            "std_diff_to_data": 0.2436218559741974
        }
    },
    "in_domain": {
        "error": {
            "rmse": 0.7447270154953003,
            "loglikelihood": -1.1362240314483643,
            "mae": 0.5931156277656555
        },
        "predictive_eval": {
            "kl_div_to_data": 0.6627565026283264,
            "mean_diff_to_data": 0.3760892450809479,
            "std_diff_to_data": 0.24268509447574615
        }
    },
    "out_domain": {
        "error": {
            "rmse": 11.836318016052246,
            "loglikelihood": -148.4208221435547,
            "mae": 9.472200393676758
        },
        "predictive_eval": {
            "kl_div_to_data": 301.0260009765625,
            "mean_diff_to_data": 9.828926086425781,
            "std_diff_to_data": 0.7745301723480225
        }
    }
}