{
    "train": {
        "error": {
            "rmse": 0.6154318451881409,
            "loglikelihood": -0.9740263223648071,
            "mae": 0.4890945553779602
        },
        "predictive_eval": {
            "kl_div_to_data": 0.6356928944587708,
            "mean_diff_to_data": 0.34629547595977783,
            "std_diff_to_data": 0.2633281946182251
        }
    },
    "in_domain": {
        "error": {
            "rmse": 0.707876443862915,
            "loglikelihood": -1.0768287181854248,
            "mae": 0.5578188300132751
        },
        "predictive_eval": {
            "kl_div_to_data": 0.7243200540542603,
            "mean_diff_to_data": 0.37915775179862976,
            "std_diff_to_data": 0.2640189528465271
        }
    },
    "out_domain": {
        "error": {
            "rmse": 11.762804985046387,
            "loglikelihood": -40.28535079956055,
            "mae": 9.442896842956543
        },
        "predictive_eval": {
            "kl_div_to_data": 300.9821472167969,
            "mean_diff_to_data": 9.892509460449219,
            "std_diff_to_data": 0.818478524684906
        }
    }
}