{
    "train": {
        "error": {
            "rmse": 0.649019718170166,
            "loglikelihood": -1.0156859159469604,
            "mae": 0.517460286617279
        },
        "predictive_eval": {
            "kl_div_to_data": 0.7264612913131714,
            "mean_diff_to_data": 0.37692850828170776,
            "std_diff_to_data": 0.27907073497772217
        }
    },
    "in_domain": {
        "error": {
            "rmse": 0.7320685386657715,
            "loglikelihood": -1.110594391822815,
            "mae": 0.5817818641662598
        },
        "predictive_eval": {
            "kl_div_to_data": 0.8432402610778809,
            "mean_diff_to_data": 0.4224194884300232,
            "std_diff_to_data": 0.2803618907928467
        }
    },
    "out_domain": {
        "error": {
            "rmse": 12.030826568603516,
            "loglikelihood": -46.16936111450195,
            "mae": 9.635245323181152
        },
        "predictive_eval": {
            "kl_div_to_data": 309.6343688964844,
            "mean_diff_to_data": 10.008820533752441,
            "std_diff_to_data": 0.7643254995346069
        }
    }
}