{
    "test_error": {
        "rmse": 4.0911702632904055,
        "mae": 3.247556757926941
    },
    "in_domain_error": {
        "rmse": 3.93036687374115,
        "mae": 3.1396364688873293
    },
    "out_domain_error": {
        "rmse": 9.764714813232422,
        "mae": 7.838147068023682
    },
    "predictive": {
        "kl_div": 0.6761878132820129,
        "mean_diff": 0.4652635455131531,
        "std_diff": 2.6504228115081787
    },
    "predictive_in_domain": {
        "kl_div": 0.8288455605506897,
        "mean_diff": 0.14569394290447235,
        "std_diff": 2.8974039554595947
    },
    "predictive_out_domain": {
        "kl_div": 2.8032002449035645,
        "mean_diff": 6.085658073425293,
        "std_diff": 2.2504448890686035
    }
}