{
    "test_error": {
        "rmse": 1.7587509036064148,
        "mae": 1.4050328254699707
    },
    "in_domain_error": {
        "rmse": 1.7219236969947815,
        "mae": 1.383136010169983
    },
    "out_domain_error": {
        "rmse": 1.860489559173584,
        "mae": 1.4947906136512756
    },
    "predictive": {
        "kl_div": 1.2134499549865723,
        "mean_diff": 1.1596667766571045,
        "std_diff": 0.41789692640304565
    },
    "predictive_in_domain": {
        "kl_div": 0.9407462477684021,
        "mean_diff": 1.0953770875930786,
        "std_diff": 0.023786751553416252
    },
    "predictive_out_domain": {
        "kl_div": 1.6546589136123657,
        "mean_diff": 1.2474682331085205,
        "std_diff": 0.7333576679229736
    }
}