{
    "train": {
        "error": {
            "rmse": 6.684004306793213,
            "loglikelihood": -316.3973388671875,
            "mae": 5.414421558380127
        },
        "predictive_eval": {
            "kl_div_to_data": 249.97470092773438,
            "mean_diff_to_data": 5.416472434997559,
            "std_diff_to_data": 0.007754554972052574
        }
    },
    "in_domain": {
        "error": {
            "rmse": 6.6866841316223145,
            "loglikelihood": -321.0107421875,
            "mae": 5.460611343383789
        },
        "predictive_eval": {
            "kl_div_to_data": 265.61248779296875,
            "mean_diff_to_data": 5.674548149108887,
            "std_diff_to_data": 0.0076288338750600815
        }
    },
    "out_domain": {
        "error": {
            "rmse": 18.93462562561035,
            "loglikelihood": -2509.836181640625,
            "mae": 15.381604194641113
        },
        "predictive_eval": {
            "kl_div_to_data": 1929.767333984375,
            "mean_diff_to_data": 15.103498458862305,
            "std_diff_to_data": 0.0073442887514829636
        }
    }
}