{
    "train": {
        "error": {
            "rmse": 6.678347110748291,
            "loglikelihood": -246.92324829101562,
            "mae": 5.409536838531494
        },
        "predictive_eval": {
            "kl_div_to_data": 249.97256469726562,
            "mean_diff_to_data": 5.416419982910156,
            "std_diff_to_data": 0.007512539159506559
        }
    },
    "in_domain": {
        "error": {
            "rmse": 6.689020156860352,
            "loglikelihood": -247.85400390625,
            "mae": 5.465069770812988
        },
        "predictive_eval": {
            "kl_div_to_data": 265.6643981933594,
            "mean_diff_to_data": 5.6748552322387695,
            "std_diff_to_data": 0.00743463821709156
        }
    },
    "out_domain": {
        "error": {
            "rmse": 18.942773818969727,
            "loglikelihood": -1962.1265869140625,
            "mae": 15.390864372253418
        },
        "predictive_eval": {
            "kl_div_to_data": 1929.65625,
            "mean_diff_to_data": 15.10290813446045,
            "std_diff_to_data": 0.007602221332490444
        }
    }
}