{
    "train": {
        "error": {
            "rmse": 6.679619789123535,
            "loglikelihood": -317.8882751464844,
            "mae": 5.410528659820557
        },
        "predictive_eval": {
            "kl_div_to_data": 249.9501495361328,
            "mean_diff_to_data": 5.416388511657715,
            "std_diff_to_data": 0.007683704607188702
        }
    },
    "in_domain": {
        "error": {
            "rmse": 6.6915507316589355,
            "loglikelihood": -323.5055847167969,
            "mae": 5.4648871421813965
        },
        "predictive_eval": {
            "kl_div_to_data": 265.597412109375,
            "mean_diff_to_data": 5.674124240875244,
            "std_diff_to_data": 0.0077771395444869995
        }
    },
    "out_domain": {
        "error": {
            "rmse": 18.94808006286621,
            "loglikelihood": -2571.14599609375,
            "mae": 15.396249771118164
        },
        "predictive_eval": {
            "kl_div_to_data": 1929.62548828125,
            "mean_diff_to_data": 15.102768898010254,
            "std_diff_to_data": 0.007744635920971632
        }
    }
}