{
    "train": {
        "error": {
            "rmse": 6.683670997619629,
            "loglikelihood": -247.9488067626953,
            "mae": 5.414912700653076
        },
        "predictive_eval": {
            "kl_div_to_data": 249.9956512451172,
            "mean_diff_to_data": 5.41644811630249,
            "std_diff_to_data": 0.007476490456610918
        }
    },
    "in_domain": {
        "error": {
            "rmse": 6.694068431854248,
            "loglikelihood": -248.86904907226562,
            "mae": 5.468321323394775
        },
        "predictive_eval": {
            "kl_div_to_data": 265.6300964355469,
            "mean_diff_to_data": 5.6745285987854,
            "std_diff_to_data": 0.007637781091034412
        }
    },
    "out_domain": {
        "error": {
            "rmse": 18.93790626525879,
            "loglikelihood": -1992.3260498046875,
            "mae": 15.382946968078613
        },
        "predictive_eval": {
            "kl_div_to_data": 1929.959716796875,
            "mean_diff_to_data": 15.104511260986328,
            "std_diff_to_data": 0.007749559357762337
        }
    }
}