{
    "train": {
        "error": {
            "rmse": 6.676235198974609,
            "loglikelihood": -246.7686309814453,
            "mae": 5.406769752502441
        },
        "predictive_eval": {
            "kl_div_to_data": 249.95852661132812,
            "mean_diff_to_data": 5.416175365447998,
            "std_diff_to_data": 0.007203664164990187
        }
    },
    "in_domain": {
        "error": {
            "rmse": 6.684594631195068,
            "loglikelihood": -247.47216796875,
            "mae": 5.460432052612305
        },
        "predictive_eval": {
            "kl_div_to_data": 265.64715576171875,
            "mean_diff_to_data": 5.674455165863037,
            "std_diff_to_data": 0.007460716180503368
        }
    },
    "out_domain": {
        "error": {
            "rmse": 18.948827743530273,
            "loglikelihood": -1963.1669921875,
            "mae": 15.396893501281738
        },
        "predictive_eval": {
            "kl_div_to_data": 1929.754150390625,
            "mean_diff_to_data": 15.10323715209961,
            "std_diff_to_data": 0.007793326396495104
        }
    }
}