{
    "train": {
        "error": {
            "rmse": 6.684061527252197,
            "loglikelihood": -319.93255615234375,
            "mae": 5.414734840393066
        },
        "predictive_eval": {
            "kl_div_to_data": 249.99224853515625,
            "mean_diff_to_data": 5.416995048522949,
            "std_diff_to_data": 0.007120370864868164
        }
    },
    "in_domain": {
        "error": {
            "rmse": 6.6938862800598145,
            "loglikelihood": -309.4911193847656,
            "mae": 5.469267845153809
        },
        "predictive_eval": {
            "kl_div_to_data": 265.64862060546875,
            "mean_diff_to_data": 5.6747212409973145,
            "std_diff_to_data": 0.007260818965733051
        }
    },
    "out_domain": {
        "error": {
            "rmse": 18.935453414916992,
            "loglikelihood": -2521.453125,
            "mae": 15.382143020629883
        },
        "predictive_eval": {
            "kl_div_to_data": 1929.788818359375,
            "mean_diff_to_data": 15.103668212890625,
            "std_diff_to_data": 0.007670924067497253
        }
    }
}