{
    "train": {
        "error": {
            "rmse": 6.677984714508057,
            "loglikelihood": -315.0777282714844,
            "mae": 5.4089674949646
        },
        "predictive_eval": {
            "kl_div_to_data": 250.00006103515625,
            "mean_diff_to_data": 5.416601657867432,
            "std_diff_to_data": 0.007548522669821978
        }
    },
    "in_domain": {
        "error": {
            "rmse": 6.686207294464111,
            "loglikelihood": -317.91839599609375,
            "mae": 5.461534023284912
        },
        "predictive_eval": {
            "kl_div_to_data": 265.6738586425781,
            "mean_diff_to_data": 5.674894332885742,
            "std_diff_to_data": 0.007434218190610409
        }
    },
    "out_domain": {
        "error": {
            "rmse": 18.94976806640625,
            "loglikelihood": -2541.826416015625,
            "mae": 15.394746780395508
        },
        "predictive_eval": {
            "kl_div_to_data": 1929.7886962890625,
            "mean_diff_to_data": 15.103395462036133,
            "std_diff_to_data": 0.007776472717523575
        }
    }
}