{
    "train": {
        "error": {
            "rmse": 6.675859451293945,
            "loglikelihood": -247.2895965576172,
            "mae": 5.407372951507568
        },
        "predictive_eval": {
            "kl_div_to_data": 249.96160888671875,
            "mean_diff_to_data": 5.416162014007568,
            "std_diff_to_data": 0.007831374183297157
        }
    },
    "in_domain": {
        "error": {
            "rmse": 6.689426898956299,
            "loglikelihood": -248.51145935058594,
            "mae": 5.466599464416504
        },
        "predictive_eval": {
            "kl_div_to_data": 265.6164855957031,
            "mean_diff_to_data": 5.674278259277344,
            "std_diff_to_data": 0.007563510909676552
        }
    },
    "out_domain": {
        "error": {
            "rmse": 18.935932159423828,
            "loglikelihood": -1992.8216552734375,
            "mae": 15.384696006774902
        },
        "predictive_eval": {
            "kl_div_to_data": 1929.6614990234375,
            "mean_diff_to_data": 15.10315227508545,
            "std_diff_to_data": 0.007692787796258926
        }
    }
}