{
    "train": {
        "error": {
            "rmse": 6.682689666748047,
            "loglikelihood": -247.27294921875,
            "mae": 5.41453742980957
        },
        "predictive_eval": {
            "kl_div_to_data": 249.98297119140625,
            "mean_diff_to_data": 5.416736125946045,
            "std_diff_to_data": 0.007599795237183571
        }
    },
    "in_domain": {
        "error": {
            "rmse": 6.686826705932617,
            "loglikelihood": -247.7581024169922,
            "mae": 5.460740089416504
        },
        "predictive_eval": {
            "kl_div_to_data": 265.6188659667969,
            "mean_diff_to_data": 5.6748151779174805,
            "std_diff_to_data": 0.007518046535551548
        }
    },
    "out_domain": {
        "error": {
            "rmse": 18.95505714416504,
            "loglikelihood": -1967.18359375,
            "mae": 15.400125503540039
        },
        "predictive_eval": {
            "kl_div_to_data": 1929.60205078125,
            "mean_diff_to_data": 15.102778434753418,
            "std_diff_to_data": 0.007831647992134094
        }
    }
}