{
    "train": {
        "error": {
            "rmse": 6.680389404296875,
            "loglikelihood": -247.7898712158203,
            "mae": 5.412868499755859
        },
        "predictive_eval": {
            "kl_div_to_data": 249.99134826660156,
            "mean_diff_to_data": 5.416374206542969,
            "std_diff_to_data": 0.007544503081589937
        }
    },
    "in_domain": {
        "error": {
            "rmse": 6.684342384338379,
            "loglikelihood": -248.06802368164062,
            "mae": 5.4600419998168945
        },
        "predictive_eval": {
            "kl_div_to_data": 265.6778564453125,
            "mean_diff_to_data": 5.674942970275879,
            "std_diff_to_data": 0.0073765479028224945
        }
    },
    "out_domain": {
        "error": {
            "rmse": 18.947471618652344,
            "loglikelihood": -1994.5262451171875,
            "mae": 15.394335746765137
        },
        "predictive_eval": {
            "kl_div_to_data": 1929.80029296875,
            "mean_diff_to_data": 15.103486061096191,
            "std_diff_to_data": 0.00770955253392458
        }
    }
}