{
    "train": {
        "error": {
            "rmse": 6.6823201179504395,
            "loglikelihood": -247.2372589111328,
            "mae": 5.4136176109313965
        },
        "predictive_eval": {
            "kl_div_to_data": 249.97470092773438,
            "mean_diff_to_data": 5.416472434997559,
            "std_diff_to_data": 0.007754554972052574
        }
    },
    "in_domain": {
        "error": {
            "rmse": 6.686262130737305,
            "loglikelihood": -247.6161651611328,
            "mae": 5.460043907165527
        },
        "predictive_eval": {
            "kl_div_to_data": 265.61248779296875,
            "mean_diff_to_data": 5.674548149108887,
            "std_diff_to_data": 0.0076288338750600815
        }
    },
    "out_domain": {
        "error": {
            "rmse": 18.935028076171875,
            "loglikelihood": -1961.4154052734375,
            "mae": 15.382896423339844
        },
        "predictive_eval": {
            "kl_div_to_data": 1929.767333984375,
            "mean_diff_to_data": 15.103498458862305,
            "std_diff_to_data": 0.0073442887514829636
        }
    }
}