{
    "train": {
        "error": {
            "rmse": 6.676840305328369,
            "loglikelihood": -318.8514404296875,
            "mae": 5.408847332000732
        },
        "predictive_eval": {
            "kl_div_to_data": 250.04302978515625,
            "mean_diff_to_data": 5.417068958282471,
            "std_diff_to_data": 0.007539780810475349
        }
    },
    "in_domain": {
        "error": {
            "rmse": 6.688672065734863,
            "loglikelihood": -319.94512939453125,
            "mae": 5.465516567230225
        },
        "predictive_eval": {
            "kl_div_to_data": 265.63934326171875,
            "mean_diff_to_data": 5.674327850341797,
            "std_diff_to_data": 0.007381756789982319
        }
    },
    "out_domain": {
        "error": {
            "rmse": 18.926076889038086,
            "loglikelihood": -2537.371826171875,
            "mae": 15.376011848449707
        },
        "predictive_eval": {
            "kl_div_to_data": 1929.622314453125,
            "mean_diff_to_data": 15.10280704498291,
            "std_diff_to_data": 0.00754564767703414
        }
    }
}