{
    "train": {
        "error": {
            "rmse": 6.678671360015869,
            "loglikelihood": -247.01438903808594,
            "mae": 5.4101667404174805
        },
        "predictive_eval": {
            "kl_div_to_data": 249.97874450683594,
            "mean_diff_to_data": 5.416723251342773,
            "std_diff_to_data": 0.007890142500400543
        }
    },
    "in_domain": {
        "error": {
            "rmse": 6.6854023933410645,
            "loglikelihood": -247.4790496826172,
            "mae": 5.461381912231445
        },
        "predictive_eval": {
            "kl_div_to_data": 265.62646484375,
            "mean_diff_to_data": 5.674343585968018,
            "std_diff_to_data": 0.007386402226984501
        }
    },
    "out_domain": {
        "error": {
            "rmse": 18.948284149169922,
            "loglikelihood": -1963.9285888671875,
            "mae": 15.393320083618164
        },
        "predictive_eval": {
            "kl_div_to_data": 1929.793701171875,
            "mean_diff_to_data": 15.103456497192383,
            "std_diff_to_data": 0.007381662260740995
        }
    }
}