{
    "train": {
        "error": {
            "rmse": 6.678576469421387,
            "loglikelihood": -318.70452880859375,
            "mae": 5.408288478851318
        },
        "predictive_eval": {
            "kl_div_to_data": 249.97122192382812,
            "mean_diff_to_data": 5.416688919067383,
            "std_diff_to_data": 0.007487997878342867
        }
    },
    "in_domain": {
        "error": {
            "rmse": 6.68621826171875,
            "loglikelihood": -321.5828552246094,
            "mae": 5.461349010467529
        },
        "predictive_eval": {
            "kl_div_to_data": 265.6070556640625,
            "mean_diff_to_data": 5.674114227294922,
            "std_diff_to_data": 0.007250708527863026
        }
    },
    "out_domain": {
        "error": {
            "rmse": 18.954580307006836,
            "loglikelihood": -2505.692626953125,
            "mae": 15.401007652282715
        },
        "predictive_eval": {
            "kl_div_to_data": 1929.56689453125,
            "mean_diff_to_data": 15.10227108001709,
            "std_diff_to_data": 0.0075817955657839775
        }
    }
}