{
    "train": {
        "error": {
            "rmse": 6.676130771636963,
            "loglikelihood": -246.7011260986328,
            "mae": 5.407726287841797
        },
        "predictive_eval": {
            "kl_div_to_data": 249.96160888671875,
            "mean_diff_to_data": 5.416162014007568,
            "std_diff_to_data": 0.007831374183297157
        }
    },
    "in_domain": {
        "error": {
            "rmse": 6.689544677734375,
            "loglikelihood": -247.9136199951172,
            "mae": 5.4667158126831055
        },
        "predictive_eval": {
            "kl_div_to_data": 265.6164855957031,
            "mean_diff_to_data": 5.674278259277344,
            "std_diff_to_data": 0.007563510909676552
        }
    },
    "out_domain": {
        "error": {
            "rmse": 18.931764602661133,
            "loglikelihood": -1961.5777587890625,
            "mae": 15.381056785583496
        },
        "predictive_eval": {
            "kl_div_to_data": 1929.6614990234375,
            "mean_diff_to_data": 15.10315227508545,
            "std_diff_to_data": 0.007692787796258926
        }
    }
}