{
    "train": {
        "error": {
            "rmse": 6.676110744476318,
            "loglikelihood": -246.7344970703125,
            "mae": 5.40916109085083
        },
        "predictive_eval": {
            "kl_div_to_data": 249.9392852783203,
            "mean_diff_to_data": 5.415691375732422,
            "std_diff_to_data": 0.007583640515804291
        }
    },
    "in_domain": {
        "error": {
            "rmse": 6.6916093826293945,
            "loglikelihood": -247.99400329589844,
            "mae": 5.4667439460754395
        },
        "predictive_eval": {
            "kl_div_to_data": 265.6401062011719,
            "mean_diff_to_data": 5.674721717834473,
            "std_diff_to_data": 0.0076954117976129055
        }
    },
    "out_domain": {
        "error": {
            "rmse": 18.94165802001953,
            "loglikelihood": -1961.951416015625,
            "mae": 15.38975715637207
        },
        "predictive_eval": {
            "kl_div_to_data": 1929.4737548828125,
            "mean_diff_to_data": 15.102300643920898,
            "std_diff_to_data": 0.007731493096798658
        }
    }
}