{
    "train": {
        "error": {
            "rmse": 6.678972244262695,
            "loglikelihood": -317.09027099609375,
            "mae": 5.410958290100098
        },
        "predictive_eval": {
            "kl_div_to_data": 249.99090576171875,
            "mean_diff_to_data": 5.416786193847656,
            "std_diff_to_data": 0.0076553430408239365
        }
    },
    "in_domain": {
        "error": {
            "rmse": 6.687714099884033,
            "loglikelihood": -321.13214111328125,
            "mae": 5.463610649108887
        },
        "predictive_eval": {
            "kl_div_to_data": 265.65838623046875,
            "mean_diff_to_data": 5.674703121185303,
            "std_diff_to_data": 0.007646533194929361
        }
    },
    "out_domain": {
        "error": {
            "rmse": 18.94141960144043,
            "loglikelihood": -2580.637451171875,
            "mae": 15.389213562011719
        },
        "predictive_eval": {
            "kl_div_to_data": 1929.76025390625,
            "mean_diff_to_data": 15.10311222076416,
            "std_diff_to_data": 0.0077562169171869755
        }
    }
}