{
    "train": {
        "error": {
            "rmse": 6.675659656524658,
            "loglikelihood": -315.49493408203125,
            "mae": 5.409518718719482
        },
        "predictive_eval": {
            "kl_div_to_data": 249.9933624267578,
            "mean_diff_to_data": 5.41670036315918,
            "std_diff_to_data": 0.007884474471211433
        }
    },
    "in_domain": {
        "error": {
            "rmse": 6.690939903259277,
            "loglikelihood": -312.2562561035156,
            "mae": 5.4672088623046875
        },
        "predictive_eval": {
            "kl_div_to_data": 265.58477783203125,
            "mean_diff_to_data": 5.673878192901611,
            "std_diff_to_data": 0.007455224171280861
        }
    },
    "out_domain": {
        "error": {
            "rmse": 18.95400619506836,
            "loglikelihood": -2571.509033203125,
            "mae": 15.399775505065918
        },
        "predictive_eval": {
            "kl_div_to_data": 1929.8028564453125,
            "mean_diff_to_data": 15.103764533996582,
            "std_diff_to_data": 0.007606419734656811
        }
    }
}