{
    "train": {
        "error": {
            "rmse": 6.6799092292785645,
            "loglikelihood": -247.0438995361328,
            "mae": 5.410540580749512
        },
        "predictive_eval": {
            "kl_div_to_data": 249.94976806640625,
            "mean_diff_to_data": 5.416292190551758,
            "std_diff_to_data": 0.007667835336178541
        }
    },
    "in_domain": {
        "error": {
            "rmse": 6.688889980316162,
            "loglikelihood": -247.8119659423828,
            "mae": 5.464046955108643
        },
        "predictive_eval": {
            "kl_div_to_data": 265.61688232421875,
            "mean_diff_to_data": 5.6741838455200195,
            "std_diff_to_data": 0.007293453440070152
        }
    },
    "out_domain": {
        "error": {
            "rmse": 18.94826889038086,
            "loglikelihood": -1963.202392578125,
            "mae": 15.396483421325684
        },
        "predictive_eval": {
            "kl_div_to_data": 1929.5517578125,
            "mean_diff_to_data": 15.102285385131836,
            "std_diff_to_data": 0.007501919753849506
        }
    }
}