{
    "train": {
        "error": {
            "rmse": 6.67603874206543,
            "loglikelihood": -247.3582000732422,
            "mae": 5.409175395965576
        },
        "predictive_eval": {
            "kl_div_to_data": 249.9392852783203,
            "mean_diff_to_data": 5.415691375732422,
            "std_diff_to_data": 0.007583640515804291
        }
    },
    "in_domain": {
        "error": {
            "rmse": 6.6918182373046875,
            "loglikelihood": -248.6333465576172,
            "mae": 5.466833591461182
        },
        "predictive_eval": {
            "kl_div_to_data": 265.6401062011719,
            "mean_diff_to_data": 5.674721717834473,
            "std_diff_to_data": 0.0076954117976129055
        }
    },
    "out_domain": {
        "error": {
            "rmse": 18.935598373413086,
            "loglikelihood": -1991.6416015625,
            "mae": 15.384882926940918
        },
        "predictive_eval": {
            "kl_div_to_data": 1929.4737548828125,
            "mean_diff_to_data": 15.102300643920898,
            "std_diff_to_data": 0.007731493096798658
        }
    }
}