{
    "train": {
        "error": {
            "rmse": 6.680490016937256,
            "loglikelihood": -320.6226806640625,
            "mae": 5.412222385406494
        },
        "predictive_eval": {
            "kl_div_to_data": 249.95741271972656,
            "mean_diff_to_data": 5.416408061981201,
            "std_diff_to_data": 0.007577380631119013
        }
    },
    "in_domain": {
        "error": {
            "rmse": 6.684136390686035,
            "loglikelihood": -314.2102966308594,
            "mae": 5.4584856033325195
        },
        "predictive_eval": {
            "kl_div_to_data": 265.65863037109375,
            "mean_diff_to_data": 5.674651622772217,
            "std_diff_to_data": 0.007368173450231552
        }
    },
    "out_domain": {
        "error": {
            "rmse": 18.950759887695312,
            "loglikelihood": -2680.292236328125,
            "mae": 15.395532608032227
        },
        "predictive_eval": {
            "kl_div_to_data": 1929.601806640625,
            "mean_diff_to_data": 15.103076934814453,
            "std_diff_to_data": 0.007451549172401428
        }
    }
}