{
    "train": {
        "error": {
            "rmse": 6.684431076049805,
            "loglikelihood": -247.33352661132812,
            "mae": 5.414252281188965
        },
        "predictive_eval": {
            "kl_div_to_data": 249.96731567382812,
            "mean_diff_to_data": 5.416557788848877,
            "std_diff_to_data": 0.007645467761904001
        }
    },
    "test": {
        "error": {
            "rmse": 14.215995788574219,
            "loglikelihood": -1106.7943115234375,
            "mae": 10.433890342712402
        },
        "predictive_eval": {
            "kl_div_to_data": 1177.7540283203125,
            "mean_diff_to_data": 10.62369441986084,
            "std_diff_to_data": 0.007743337191641331
        }
    },
    "in_domain": {
        "error": {
            "rmse": 6.687496662139893,
            "loglikelihood": -247.5636749267578,
            "mae": 5.4630255699157715
        },
        "predictive_eval": {
            "kl_div_to_data": 265.6563720703125,
            "mean_diff_to_data": 5.674912929534912,
            "std_diff_to_data": 0.007828173227608204
        }
    },
    "out_domain": {
        "error": {
            "rmse": 18.941364288330078,
            "loglikelihood": -1962.376953125,
            "mae": 15.392473220825195
        },
        "predictive_eval": {
            "kl_div_to_data": 1929.82080078125,
            "mean_diff_to_data": 15.1035795211792,
            "std_diff_to_data": 0.00761340232565999
        }
    }
}