{
    "train": {
        "error": {
            "rmse": 6.680283546447754,
            "loglikelihood": -247.1781463623047,
            "mae": 5.412816047668457
        },
        "predictive_eval": {
            "kl_div_to_data": 249.99134826660156,
            "mean_diff_to_data": 5.416374206542969,
            "std_diff_to_data": 0.007544503081589937
        }
    },
    "in_domain": {
        "error": {
            "rmse": 6.683899879455566,
            "loglikelihood": -247.4231414794922,
            "mae": 5.459607124328613
        },
        "predictive_eval": {
            "kl_div_to_data": 265.6778564453125,
            "mean_diff_to_data": 5.674942970275879,
            "std_diff_to_data": 0.0073765479028224945
        }
    },
    "out_domain": {
        "error": {
            "rmse": 18.954364776611328,
            "loglikelihood": -1965.2445068359375,
            "mae": 15.400146484375
        },
        "predictive_eval": {
            "kl_div_to_data": 1929.80029296875,
            "mean_diff_to_data": 15.103486061096191,
            "std_diff_to_data": 0.00770955253392458
        }
    }
}