{
    "train": {
        "error": {
            "rmse": 6.683704376220703,
            "loglikelihood": -247.3683624267578,
            "mae": 5.414924144744873
        },
        "predictive_eval": {
            "kl_div_to_data": 249.9956512451172,
            "mean_diff_to_data": 5.41644811630249,
            "std_diff_to_data": 0.007476490456610918
        }
    },
    "in_domain": {
        "error": {
            "rmse": 6.693758964538574,
            "loglikelihood": -248.2584686279297,
            "mae": 5.468020915985107
        },
        "predictive_eval": {
            "kl_div_to_data": 265.6300964355469,
            "mean_diff_to_data": 5.6745285987854,
            "std_diff_to_data": 0.007637781091034412
        }
    },
    "out_domain": {
        "error": {
            "rmse": 18.93702507019043,
            "loglikelihood": -1962.9443359375,
            "mae": 15.381909370422363
        },
        "predictive_eval": {
            "kl_div_to_data": 1929.959716796875,
            "mean_diff_to_data": 15.104511260986328,
            "std_diff_to_data": 0.007749559357762337
        }
    }
}