{
    "train": {
        "error": {
            "rmse": 6.678440093994141,
            "loglikelihood": -247.5979461669922,
            "mae": 5.409915924072266
        },
        "predictive_eval": {
            "kl_div_to_data": 249.97874450683594,
            "mean_diff_to_data": 5.416723251342773,
            "std_diff_to_data": 0.007890142500400543
        }
    },
    "in_domain": {
        "error": {
            "rmse": 6.685638427734375,
            "loglikelihood": -248.1094970703125,
            "mae": 5.461709499359131
        },
        "predictive_eval": {
            "kl_div_to_data": 265.62646484375,
            "mean_diff_to_data": 5.674343585968018,
            "std_diff_to_data": 0.007386402226984501
        }
    },
    "out_domain": {
        "error": {
            "rmse": 18.949949264526367,
            "loglikelihood": -1995.04296875,
            "mae": 15.39542293548584
        },
        "predictive_eval": {
            "kl_div_to_data": 1929.793701171875,
            "mean_diff_to_data": 15.103456497192383,
            "std_diff_to_data": 0.007381662260740995
        }
    }
}