{
    "train": {
        "error": {
            "rmse": 6.682281017303467,
            "loglikelihood": -247.85415649414062,
            "mae": 5.413588523864746
        },
        "predictive_eval": {
            "kl_div_to_data": 249.97470092773438,
            "mean_diff_to_data": 5.416472434997559,
            "std_diff_to_data": 0.007754554972052574
        }
    },
    "in_domain": {
        "error": {
            "rmse": 6.685671806335449,
            "loglikelihood": -248.1787567138672,
            "mae": 5.459661483764648
        },
        "predictive_eval": {
            "kl_div_to_data": 265.61248779296875,
            "mean_diff_to_data": 5.674548149108887,
            "std_diff_to_data": 0.0076288338750600815
        }
    },
    "out_domain": {
        "error": {
            "rmse": 18.941753387451172,
            "loglikelihood": -1993.7896728515625,
            "mae": 15.3883638381958
        },
        "predictive_eval": {
            "kl_div_to_data": 1929.767333984375,
            "mean_diff_to_data": 15.103498458862305,
            "std_diff_to_data": 0.0073442887514829636
        }
    }
}