{
    "train": {
        "error": {
            "rmse": 6.679798126220703,
            "loglikelihood": -247.65625,
            "mae": 5.41042423248291
        },
        "predictive_eval": {
            "kl_div_to_data": 249.94976806640625,
            "mean_diff_to_data": 5.416292190551758,
            "std_diff_to_data": 0.007667835336178541
        }
    },
    "in_domain": {
        "error": {
            "rmse": 6.68897819519043,
            "loglikelihood": -248.439208984375,
            "mae": 5.463906764984131
        },
        "predictive_eval": {
            "kl_div_to_data": 265.61688232421875,
            "mean_diff_to_data": 5.6741838455200195,
            "std_diff_to_data": 0.007293453440070152
        }
    },
    "out_domain": {
        "error": {
            "rmse": 18.945096969604492,
            "loglikelihood": -1993.9447021484375,
            "mae": 15.39411449432373
        },
        "predictive_eval": {
            "kl_div_to_data": 1929.5517578125,
            "mean_diff_to_data": 15.102285385131836,
            "std_diff_to_data": 0.007501919753849506
        }
    }
}