{
    "train": {
        "error": {
            "rmse": 6.681086540222168,
            "loglikelihood": -317.2577819824219,
            "mae": 5.4135355949401855
        },
        "predictive_eval": {
            "kl_div_to_data": 250.0021514892578,
            "mean_diff_to_data": 5.416884899139404,
            "std_diff_to_data": 0.007314983755350113
        }
    },
    "in_domain": {
        "error": {
            "rmse": 6.688490867614746,
            "loglikelihood": -311.6900329589844,
            "mae": 5.460610389709473
        },
        "predictive_eval": {
            "kl_div_to_data": 265.62811279296875,
            "mean_diff_to_data": 5.674670696258545,
            "std_diff_to_data": 0.007439843844622374
        }
    },
    "out_domain": {
        "error": {
            "rmse": 18.953100204467773,
            "loglikelihood": -2552.87353515625,
            "mae": 15.398520469665527
        },
        "predictive_eval": {
            "kl_div_to_data": 1929.595703125,
            "mean_diff_to_data": 15.102696418762207,
            "std_diff_to_data": 0.00748148187994957
        }
    }
}