{
    "sites": {
        "net_guide.net.0.weight.loc": [
            -0.0001512066664872691,
            -0.08149009197950363,
            -0.01858138106763363,
            3.9857850074768066,
            -0.03231864050030708,
            -0.005323934834450483,
            3.9914772510528564,
            0.08764016628265381,
            -0.03862987086176872,
            -0.034031376242637634
        ],
        "net_guide.net.0.weight.scale": [
            0.0037411213852465153,
            0.0037770604249089956,
            0.0037587592378258705,
            0.0036754505708813667,
            0.003752026241272688,
            0.003678655717521906,
            0.003662923350930214,
            0.003796463832259178,
            0.003664654679596424,
            0.003800831036642194
        ],
        "net_guide.net.0.bias.loc": [
            -0.019220182672142982
        ],
        "net_guide.net.0.bias.scale": [
            0.004162801895290613
        ]
    },
    "mean_weight_scale": 0.0037700680338523603,
    "min_weight_scale": 0.003662923350930214,
    "max_weight_scale": 0.004162801895290613,
    "likelihood_scale": {
        "mean": 0.29999998211860657,
        "std": 0.0
    }
}