{
    "sites": {
        "net_guide.net.0.weight.loc": [
            -3.664237738121301e-05,
            -0.08147174119949341,
            -0.018462250009179115,
            3.985757350921631,
            -0.032367996871471405,
            -0.005432580132037401,
            3.9914965629577637,
            0.08762788027524948,
            -0.03870503604412079,
            -0.03420985862612724
        ],
        "net_guide.net.0.weight.scale": [
            0.00387664046138525,
            0.0038363703060895205,
            0.003925136290490627,
            0.00382873322814703,
            0.003947984427213669,
            0.003791020717471838,
            0.0038076788187026978,
            0.0038553874474018812,
            0.0037145307287573814,
            0.0038646969478577375
        ],
        "net_guide.net.0.bias.loc": [
            -0.01939133182168007
        ],
        "net_guide.net.0.bias.scale": [
            0.0042929877527058125
        ]
    },
    "mean_weight_scale": 0.003885560647838495,
    "min_weight_scale": 0.0037145307287573814,
    "max_weight_scale": 0.0042929877527058125
}