{
    "sites": {
        "net_guide.net.0.weight.loc": [
            -0.00012158561003161594,
            -0.08144303411245346,
            -0.01875954680144787,
            3.98564076423645,
            -0.032398771494627,
            -0.005493065342307091,
            3.9914257526397705,
            0.08733589202165604,
            -0.03858756273984909,
            -0.03415321558713913
        ],
        "net_guide.net.0.weight.scale": [
            0.0038422117941081524,
            0.00380559335462749,
            0.003843927290290594,
            0.0037716934457421303,
            0.003862119745463133,
            0.003812457202002406,
            0.0038318801671266556,
            0.0038774944841861725,
            0.00381456664763391,
            0.0037249852903187275
        ],
        "net_guide.net.0.bias.loc": [
            -0.019376281648874283
        ],
        "net_guide.net.0.bias.scale": [
            0.004279484041035175
        ]
    },
    "mean_weight_scale": 0.003860583042048595,
    "min_weight_scale": 0.0037249852903187275,
    "max_weight_scale": 0.004279484041035175,
    "likelihood_scale": {
        "mean": 0.29999998211860657,
        "std": 0.0
    }
}