{
    "sites": {
        "net_guide.net.0.weight.loc": [
            -0.00018874777015298605,
            -0.08155284076929092,
            -0.01865789294242859,
            3.985732316970825,
            -0.032220546156167984,
            -0.005334476940333843,
            3.9913411140441895,
            0.08762691169977188,
            -0.03873544558882713,
            -0.03422988951206207
        ],
        "net_guide.net.0.weight.scale": [
            0.003827469889074564,
            0.00385347381234169,
            0.003881369950249791,
            0.003872721688821912,
            0.0038584566209465265,
            0.0037898621521890163,
            0.0039029340259730816,
            0.003839307464659214,
            0.003909712191671133,
            0.003846484934911132
        ],
        "net_guide.net.0.bias.loc": [
            -0.019516952335834503
        ],
        "net_guide.net.0.bias.scale": [
            0.004301165696233511
        ]
    },
    "mean_weight_scale": 0.0038984507660974155,
    "min_weight_scale": 0.0037898621521890163,
    "max_weight_scale": 0.004301165696233511,
    "likelihood_scale": {
        "mean": 0.29999998211860657,
        "std": 0.0
    }
}