{
    "sites": {
        "net_guide.net.0.weight.loc": [
            3.4292115742573515e-05,
            -0.08149979263544083,
            -0.018636809661984444,
            3.985752820968628,
            -0.032190971076488495,
            -0.005431134719401598,
            3.991455554962158,
            0.0875181034207344,
            -0.03869691118597984,
            -0.03423665836453438
        ],
        "net_guide.net.0.weight.scale": [
            0.003855453571304679,
            0.003840517485514283,
            0.0038921490777283907,
            0.0038660960271954536,
            0.0037526830565184355,
            0.003833294380456209,
            0.003902357304468751,
            0.003845681669190526,
            0.0038354501593858004,
            0.003824870102107525
        ],
        "net_guide.net.0.bias.loc": [
            -0.019313838332891464
        ],
        "net_guide.net.0.bias.scale": [
            0.004309188108891249
        ]
    },
    "mean_weight_scale": 0.0038870673584328456,
    "min_weight_scale": 0.0037526830565184355,
    "max_weight_scale": 0.004309188108891249,
    "likelihood_scale": {
        "mean": 0.29999998211860657,
        "std": 0.0
    }
}