{
    "train_error": {
        "rmse": 0.261675626039505,
        "loglikelihood": -0.14438243210315704
    },
    "test_error": {
        "rmse": 44.630977630615234,
        "loglikelihood": -3983.367919921875
    },
    "in_domain_error": {
        "rmse": 0.2794824242591858,
        "loglikelihood": -0.2634132206439972
    },
    "out_domain_error": {
        "rmse": 63.05171585083008,
        "loglikelihood": -7876.38818359375
    },
    "predictive_train": {
        "kl_div": 0.4349352717399597,
        "mean_diff": 0.13842128217220306,
        "std_diff": 0.008204520680010319
    },
    "predictive_test": {
        "kl_div": 26508.619140625,
        "mean_diff": 31.62734603881836,
        "std_diff": 0.16402985155582428
    },
    "predictive_in_domain": {
        "kl_div": 0.4002924859523773,
        "mean_diff": 0.14327526092529297,
        "std_diff": 0.007481234613806009
    },
    "predictive_out_domain": {
        "kl_div": 50639.78125,
        "mean_diff": 62.67914962768555,
        "std_diff": 0.32546067237854004
    }
}