{
    "test_error": {
        "rmse": 2.3322510719299316,
        "mae": 1.9406065940856934
    },
    "in_domain_error": {
        "rmse": 0.32134807109832764,
        "mae": 0.24048225581645966
    },
    "out_domain_error": {
        "rmse": 3.943234443664551,
        "mae": 2.4362099170684814
    },
    "predictive": {
        "kl_div": 497.4598083496094,
        "mean_diff": 2.040921211242676,
        "std_diff": 5.272475242614746
    },
    "predictive_in_domain": {
        "kl_div": 0.3568919897079468,
        "mean_diff": 0.02317192405462265,
        "std_diff": 0.12380118668079376
    },
    "predictive_out_domain": {
        "kl_div": 678.7819213867188,
        "mean_diff": 2.615143299102783,
        "std_diff": 6.780272006988525
    }
}