{
    "train_rmse": 1.0200269228341627,
    "time": 6491.427973985672
}