{
    "train_rmse": 1.229168336002194,
    "time": 8202.478942871094
}