{
    "test_error": {
        "rmse": 1.7159619092941285,
        "mae": 1.3666666507720948
    },
    "in_domain_error": {
        "rmse": 1.7587270140647888,
        "mae": 1.379597294330597
    },
    "out_domain_error": {
        "rmse": 1.817808246612549,
        "mae": 1.4399576902389526
    },
    "predictive": {
        "kl_div": 1.5420033931732178,
        "mean_diff": 1.1319912672042847,
        "std_diff": 0.5780238509178162
    },
    "predictive_in_domain": {
        "kl_div": 1.0013928413391113,
        "mean_diff": 1.11346435546875,
        "std_diff": 0.18427510559558868
    },
    "predictive_out_domain": {
        "kl_div": 6.797297954559326,
        "mean_diff": 1.151269555091858,
        "std_diff": 2.527625799179077
    }
}