{
    "train_error": {
        "rmse": 2.688931465148926,
        "loglikelihood": -2.784745931625366
    },
    "test_error": {
        "rmse": 25.7568302154541,
        "loglikelihood": -37.85264587402344
    },
    "in_domain_error": {
        "rmse": 11.565763473510742,
        "loglikelihood": -27.720975875854492
    },
    "out_domain_error": {
        "rmse": 34.214805603027344,
        "loglikelihood": -43.32241439819336
    },
    "predictive_train": {
        "kl_div": 3.559262990951538,
        "mean_diff": 1.9590442180633545,
        "std_diff": 0.5764505863189697
    },
    "predictive_test": {
        "kl_div": 343.2237243652344,
        "mean_diff": 19.170551300048828,
        "std_diff": 1.7186765670776367
    },
    "predictive_in_domain": {
        "kl_div": 49.56333541870117,
        "mean_diff": 7.796058177947998,
        "std_diff": 0.6206004023551941
    },
    "predictive_out_domain": {
        "kl_div": 548.3252563476562,
        "mean_diff": 28.721433639526367,
        "std_diff": 2.7359225749969482
    }
}