{
    "test_error": {
        "rmse": 4.209520077705383,
        "mae": 3.3314003229141234
    },
    "in_domain_error": {
        "rmse": 4.187805604934693,
        "mae": 3.3396298408508303
    },
    "out_domain_error": {
        "rmse": 4.322924041748047,
        "mae": 3.4030718088150023
    },
    "predictive": {
        "kl_div": 0.5399845838546753,
        "mean_diff": 1.1325392723083496,
        "std_diff": 2.2635507583618164
    },
    "predictive_in_domain": {
        "kl_div": 0.8182005882263184,
        "mean_diff": 1.1149401664733887,
        "std_diff": 2.800180673599243
    },
    "predictive_out_domain": {
        "kl_div": 0.3022611737251282,
        "mean_diff": 1.155318021774292,
        "std_diff": 1.6357624530792236
    }
}