{
    "test_error": {
        "rmse": 1.4192187905311584,
        "mae": 1.149513852596283
    },
    "in_domain_error": {
        "rmse": 1.4355015277862548,
        "mae": 1.1619649052619934
    },
    "out_domain_error": {
        "rmse": 1.4487338304519652,
        "mae": 1.1703064799308778
    },
    "predictive": {
        "kl_div": 28.483049392700195,
        "mean_diff": 1.1384077072143555,
        "std_diff": 1.1159076690673828
    },
    "predictive_in_domain": {
        "kl_div": 22.158483505249023,
        "mean_diff": 1.097356915473938,
        "std_diff": 0.814743161201477
    },
    "predictive_out_domain": {
        "kl_div": 36.3469123840332,
        "mean_diff": 1.1638469696044922,
        "std_diff": 1.4118584394454956
    }
}