{
    "test_error": {
        "rmse": 0.664502602815628,
        "mae": 0.5176543831825257
    },
    "in_domain_error": {
        "rmse": 0.5219277620315552,
        "mae": 0.41584339141845705
    },
    "out_domain_error": {
        "rmse": 1.6356088519096375,
        "mae": 1.3744180083274842
    },
    "predictive": {
        "kl_div": 9.916625022888184,
        "mean_diff": 0.2965232729911804,
        "std_diff": 1.7235138416290283
    },
    "predictive_in_domain": {
        "kl_div": 1.2561208009719849,
        "mean_diff": 0.11622004956007004,
        "std_diff": 0.6150083541870117
    },
    "predictive_out_domain": {
        "kl_div": 32.850914001464844,
        "mean_diff": 1.2142329216003418,
        "std_diff": 3.516871690750122
    }
}