{
    "train": {
        "error": {
            "rmse": 9.853669166564941,
            "loglikelihood": -194.48617553710938,
            "mae": 7.800584316253662
        },
        "predictive_eval": {
            "kl_div_to_data": 197.93309020996094,
            "mean_diff_to_data": 7.905184745788574,
            "std_diff_to_data": 0.012663661502301693
        }
    },
    "in_domain": {
        "error": {
            "rmse": 9.963778495788574,
            "loglikelihood": -198.839111328125,
            "mae": 7.865452766418457
        },
        "predictive_eval": {
            "kl_div_to_data": 203.85581970214844,
            "mean_diff_to_data": 7.9399542808532715,
            "std_diff_to_data": 0.012496093288064003
        }
    },
    "out_domain": {
        "error": {
            "rmse": 28.36103057861328,
            "loglikelihood": -1608.8050537109375,
            "mae": 22.56300163269043
        },
        "predictive_eval": {
            "kl_div_to_data": 1623.920166015625,
            "mean_diff_to_data": 22.50912857055664,
            "std_diff_to_data": 0.013037730939686298
        }
    }
}