{
    "train": {
        "error": {
            "rmse": 9.862663269042969,
            "loglikelihood": -194.80918884277344,
            "mae": 7.8005290031433105
        },
        "predictive_eval": {
            "kl_div_to_data": 197.9174346923828,
            "mean_diff_to_data": 7.905557632446289,
            "std_diff_to_data": 0.012939746491611004
        }
    },
    "in_domain": {
        "error": {
            "rmse": 9.951653480529785,
            "loglikelihood": -198.4668426513672,
            "mae": 7.852359294891357
        },
        "predictive_eval": {
            "kl_div_to_data": 203.84410095214844,
            "mean_diff_to_data": 7.939358234405518,
            "std_diff_to_data": 0.012725291773676872
        }
    },
    "out_domain": {
        "error": {
            "rmse": 28.34064292907715,
            "loglikelihood": -1606.95654296875,
            "mae": 22.541601181030273
        },
        "predictive_eval": {
            "kl_div_to_data": 1623.9737548828125,
            "mean_diff_to_data": 22.509784698486328,
            "std_diff_to_data": 0.012167014181613922
        }
    }
}