{
    "train": {
        "error": {
            "rmse": 9.863245010375977,
            "loglikelihood": -194.400634765625,
            "mae": 7.801192760467529
        },
        "predictive_eval": {
            "kl_div_to_data": 197.9174346923828,
            "mean_diff_to_data": 7.905557632446289,
            "std_diff_to_data": 0.012939746491611004
        }
    },
    "in_domain": {
        "error": {
            "rmse": 9.951841354370117,
            "loglikelihood": -198.03663635253906,
            "mae": 7.852626323699951
        },
        "predictive_eval": {
            "kl_div_to_data": 203.84410095214844,
            "mean_diff_to_data": 7.939358234405518,
            "std_diff_to_data": 0.012725291773676872
        }
    },
    "out_domain": {
        "error": {
            "rmse": 28.340015411376953,
            "loglikelihood": -1584.5601806640625,
            "mae": 22.540956497192383
        },
        "predictive_eval": {
            "kl_div_to_data": 1623.9737548828125,
            "mean_diff_to_data": 22.509784698486328,
            "std_diff_to_data": 0.012167014181613922
        }
    }
}