{
    "train": {
        "error": {
            "rmse": 9.85374927520752,
            "loglikelihood": -194.07200622558594,
            "mae": 7.8008623123168945
        },
        "predictive_eval": {
            "kl_div_to_data": 197.93309020996094,
            "mean_diff_to_data": 7.905184745788574,
            "std_diff_to_data": 0.012663661502301693
        }
    },
    "in_domain": {
        "error": {
            "rmse": 9.963217735290527,
            "loglikelihood": -198.38504028320312,
            "mae": 7.864790439605713
        },
        "predictive_eval": {
            "kl_div_to_data": 203.85581970214844,
            "mean_diff_to_data": 7.9399542808532715,
            "std_diff_to_data": 0.012496093288064003
        }
    },
    "out_domain": {
        "error": {
            "rmse": 28.359498977661133,
            "loglikelihood": -1587.311767578125,
            "mae": 22.562355041503906
        },
        "predictive_eval": {
            "kl_div_to_data": 1623.920166015625,
            "mean_diff_to_data": 22.50912857055664,
            "std_diff_to_data": 0.013037730939686298
        }
    }
}