{
    "train": {
        "error": {
            "rmse": 9.843711853027344,
            "loglikelihood": -194.05191040039062,
            "mae": 7.78789758682251
        },
        "predictive_eval": {
            "kl_div_to_data": 197.9079132080078,
            "mean_diff_to_data": 7.905407428741455,
            "std_diff_to_data": 0.01224491186439991
        }
    },
    "in_domain": {
        "error": {
            "rmse": 9.95457649230957,
            "loglikelihood": -198.52413940429688,
            "mae": 7.854940891265869
        },
        "predictive_eval": {
            "kl_div_to_data": 203.8446044921875,
            "mean_diff_to_data": 7.939979076385498,
            "std_diff_to_data": 0.011957434937357903
        }
    },
    "out_domain": {
        "error": {
            "rmse": 28.338029861450195,
            "loglikelihood": -1606.9261474609375,
            "mae": 22.544471740722656
        },
        "predictive_eval": {
            "kl_div_to_data": 1624.01513671875,
            "mean_diff_to_data": 22.50918197631836,
            "std_diff_to_data": 0.01295996643602848
        }
    }
}