{
    "train": {
        "error": {
            "rmse": 9.843375205993652,
            "loglikelihood": -193.59228515625,
            "mae": 7.787639141082764
        },
        "predictive_eval": {
            "kl_div_to_data": 197.9079132080078,
            "mean_diff_to_data": 7.905407428741455,
            "std_diff_to_data": 0.01224491186439991
        }
    },
    "in_domain": {
        "error": {
            "rmse": 9.95506477355957,
            "loglikelihood": -198.0931854248047,
            "mae": 7.854846477508545
        },
        "predictive_eval": {
            "kl_div_to_data": 203.8446044921875,
            "mean_diff_to_data": 7.939979076385498,
            "std_diff_to_data": 0.011957434937357903
        }
    },
    "out_domain": {
        "error": {
            "rmse": 28.337223052978516,
            "loglikelihood": -1584.19970703125,
            "mae": 22.543867111206055
        },
        "predictive_eval": {
            "kl_div_to_data": 1624.01513671875,
            "mean_diff_to_data": 22.50918197631836,
            "std_diff_to_data": 0.01295996643602848
        }
    }
}