{
    "train": {
        "error": {
            "rmse": 9.84500503540039,
            "loglikelihood": -194.11581420898438,
            "mae": 7.794023036956787
        },
        "predictive_eval": {
            "kl_div_to_data": 197.88706970214844,
            "mean_diff_to_data": 7.904783248901367,
            "std_diff_to_data": 0.012447389774024487
        }
    },
    "in_domain": {
        "error": {
            "rmse": 9.953500747680664,
            "loglikelihood": -198.3600616455078,
            "mae": 7.855668544769287
        },
        "predictive_eval": {
            "kl_div_to_data": 203.8576202392578,
            "mean_diff_to_data": 7.940165042877197,
            "std_diff_to_data": 0.012424105778336525
        }
    },
    "out_domain": {
        "error": {
            "rmse": 28.340919494628906,
            "loglikelihood": -1607.5133056640625,
            "mae": 22.550268173217773
        },
        "predictive_eval": {
            "kl_div_to_data": 1624.025390625,
            "mean_diff_to_data": 22.510156631469727,
            "std_diff_to_data": 0.012963659130036831
        }
    }
}