{
    "train": {
        "error": {
            "rmse": 9.853363990783691,
            "loglikelihood": -193.9720001220703,
            "mae": 7.7979583740234375
        },
        "predictive_eval": {
            "kl_div_to_data": 197.89205932617188,
            "mean_diff_to_data": 7.904627323150635,
            "std_diff_to_data": 0.012477529235184193
        }
    },
    "in_domain": {
        "error": {
            "rmse": 9.957501411437988,
            "loglikelihood": -198.1419219970703,
            "mae": 7.857491970062256
        },
        "predictive_eval": {
            "kl_div_to_data": 203.8807830810547,
            "mean_diff_to_data": 7.940596580505371,
            "std_diff_to_data": 0.012210740707814693
        }
    },
    "out_domain": {
        "error": {
            "rmse": 28.363554000854492,
            "loglikelihood": -1587.3260498046875,
            "mae": 22.566314697265625
        },
        "predictive_eval": {
            "kl_div_to_data": 1624.053955078125,
            "mean_diff_to_data": 22.510499954223633,
            "std_diff_to_data": 0.013293924741446972
        }
    }
}