{
    "train": {
        "error": {
            "rmse": 9.85322380065918,
            "loglikelihood": -194.4053192138672,
            "mae": 7.797855377197266
        },
        "predictive_eval": {
            "kl_div_to_data": 197.89205932617188,
            "mean_diff_to_data": 7.904627323150635,
            "std_diff_to_data": 0.012477529235184193
        }
    },
    "in_domain": {
        "error": {
            "rmse": 9.95722484588623,
            "loglikelihood": -198.58770751953125,
            "mae": 7.857116222381592
        },
        "predictive_eval": {
            "kl_div_to_data": 203.8807830810547,
            "mean_diff_to_data": 7.940596580505371,
            "std_diff_to_data": 0.012210740707814693
        }
    },
    "out_domain": {
        "error": {
            "rmse": 28.36347770690918,
            "loglikelihood": -1609.751220703125,
            "mae": 22.567096710205078
        },
        "predictive_eval": {
            "kl_div_to_data": 1624.053955078125,
            "mean_diff_to_data": 22.510499954223633,
            "std_diff_to_data": 0.013293924741446972
        }
    }
}