{
    "train": {
        "error": {
            "rmse": 9.845074653625488,
            "loglikelihood": -193.67935180664062,
            "mae": 7.794139862060547
        },
        "predictive_eval": {
            "kl_div_to_data": 197.88706970214844,
            "mean_diff_to_data": 7.904783248901367,
            "std_diff_to_data": 0.012447389774024487
        }
    },
    "in_domain": {
        "error": {
            "rmse": 9.953624725341797,
            "loglikelihood": -197.91294860839844,
            "mae": 7.855658054351807
        },
        "predictive_eval": {
            "kl_div_to_data": 203.8576202392578,
            "mean_diff_to_data": 7.940165042877197,
            "std_diff_to_data": 0.012424105778336525
        }
    },
    "out_domain": {
        "error": {
            "rmse": 28.34004020690918,
            "loglikelihood": -1584.6868896484375,
            "mae": 22.550077438354492
        },
        "predictive_eval": {
            "kl_div_to_data": 1624.025390625,
            "mean_diff_to_data": 22.510156631469727,
            "std_diff_to_data": 0.012963659130036831
        }
    }
}