{
    "net_guide.net.0.weight.loc": [
        -0.011957327835261822,
        0.023045405745506287,
        -0.07862047106027603,
        0.03130351006984711,
        0.043582405894994736,
        0.008907816372811794,
        0.0957154855132103,
        -0.052471984177827835,
        -0.029596548527479172,
        -0.004970512818545103,
        -0.026003319770097733,
        0.03097841702401638,
        -0.04758528620004654,
        -0.020034726709127426,
        0.040151942521333694,
        -0.03388581424951553,
        0.012315387837588787,
        -0.0033163779880851507,
        -0.030344758182764053,
        -0.07121264934539795
    ],
    "net_guide.net.0.weight.scale": [
        0.002910897135734558,
        0.0029098798986524343,
        0.002908219350501895,
        0.0029116759542375803,
        0.002844570204615593,
        0.0028887800872325897,
        0.0029246096964925528,
        0.0029097218066453934,
        0.002911030314862728,
        0.00282126828096807,
        0.002823276212438941,
        0.0028948141261935234,
        0.002915759338065982,
        0.0028900806792080402,
        0.0029360088519752026,
        0.0028842571191489697,
        0.0029012151062488556,
        0.0029202173464000225,
        0.002857723506167531,
        0.0028624343685805798
    ],
    "net_guide.net.0.bias.loc": [
        -0.013385375030338764
    ],
    "net_guide.net.0.bias.scale": [
        0.00497407466173172
    ]
}