{
    "net_guide.net.0.weight.loc": [
        -0.012066835537552834,
        0.022739553824067116,
        -0.07819691300392151,
        0.031056810170412064,
        0.04348139464855194,
        0.00877232663333416,
        0.09560446441173553,
        -0.05263534188270569,
        -0.029772134497761726,
        -0.005032783839851618,
        -0.026310021057724953,
        0.031138524413108826,
        -0.047832198441028595,
        -0.02007048763334751,
        0.03992587327957153,
        -0.033745892345905304,
        0.011840004473924637,
        -0.003388711716979742,
        -0.030218342319130898,
        -0.07141555100679398
    ],
    "net_guide.net.0.weight.scale": [
        0.002900614868849516,
        0.002892418997362256,
        0.0028972213622182608,
        0.0028876217547804117,
        0.0029018197674304247,
        0.0029073806945234537,
        0.0029294248670339584,
        0.0029225267935544252,
        0.002850698074325919,
        0.0028750107157975435,
        0.0030157407745718956,
        0.0028825083281844854,
        0.0029275103006511927,
        0.0029042891692370176,
        0.002956569194793701,
        0.0029112929478287697,
        0.0028331938665360212,
        0.0029230662621557713,
        0.0029088284354656935,
        0.0028770677745342255
    ],
    "net_guide.net.0.bias.loc": [
        -0.01329455804079771
    ],
    "net_guide.net.0.bias.scale": [
        0.005019413772970438
    ]
}