{
    "sites": {
        "net_guide.net.0.weight.loc": [
            -0.012179329060018063,
            0.022698651999235153,
            -0.0783107578754425,
            0.031159304082393646,
            0.04372209683060646,
            0.008971311151981354,
            0.09590418636798859,
            -0.05267246812582016,
            -0.029725274071097374,
            -0.005147707182914019,
            -0.02617521397769451,
            0.03093777783215046,
            -0.04808460921049118,
            -0.01998838037252426,
            0.039789848029613495,
            -0.034004610031843185,
            0.011963648721575737,
            -0.0036302285734564066,
            -0.030413324013352394,
            -0.07150131464004517
        ],
        "net_guide.net.0.weight.scale": [
            0.0029467802960425615,
            0.002872971585020423,
            0.0028812303207814693,
            0.00290168565697968,
            0.0029332840349525213,
            0.002936423057690263,
            0.002893970813602209,
            0.002897581784054637,
            0.002886641537770629,
            0.0029013771563768387,
            0.0028529991395771503,
            0.0029497200157493353,
            0.0029943801928311586,
            0.0029410598799586296,
            0.0028945631347596645,
            0.002961517544463277,
            0.0029323191847652197,
            0.0029566199518740177,
            0.0029445274267345667,
            0.0029341736808419228
        ],
        "net_guide.net.0.bias.loc": [
            -0.013203894719481468
        ],
        "net_guide.net.0.bias.scale": [
            0.005056948866695166
        ]
    },
    "mean_weight_scale": 0.0030224178695962543,
    "min_weight_scale": 0.0028529991395771503,
    "max_weight_scale": 0.005056948866695166,
    "likelihood_scale": {
        "mean": 0.5,
        "std": 0.0
    }
}