{
    "net_guide.net.0.weight.loc": [
        -0.012027070857584476,
        0.022918039932847023,
        -0.07835501432418823,
        0.03099716454744339,
        0.04370155557990074,
        0.008861007168889046,
        0.09580972045660019,
        -0.05281614884734154,
        -0.02939627878367901,
        -0.005006335210055113,
        -0.026030637323856354,
        0.030875615775585175,
        -0.047811832278966904,
        -0.020285803824663162,
        0.039859842509031296,
        -0.033931415528059006,
        0.0119027653709054,
        -0.003362308256328106,
        -0.030275879427790642,
        -0.0714699849486351
    ],
    "net_guide.net.0.weight.scale": [
        0.0029872425366193056,
        0.0028977643232792616,
        0.0029738375451415777,
        0.002920402679592371,
        0.0029363881330937147,
        0.002919526770710945,
        0.0028750216588377953,
        0.002928850706666708,
        0.00286270584911108,
        0.0028936879243701696,
        0.0029320213943719864,
        0.0029183588922023773,
        0.0029311631806194782,
        0.002974070142954588,
        0.002893373603001237,
        0.0028946292586624622,
        0.002888110699132085,
        0.0028940150514245033,
        0.002853936515748501,
        0.0029692549724131823
    ],
    "net_guide.net.0.bias.loc": [
        -0.013211066834628582
    ],
    "net_guide.net.0.bias.scale": [
        0.005074054002761841
    ]
}