{
    "net_guide.net.0.weight.loc": [
        -0.01218323688954115,
        0.022799966856837273,
        -0.07857833802700043,
        0.031089216470718384,
        0.04378094524145126,
        0.008650442585349083,
        0.09542503952980042,
        -0.05275299400091171,
        -0.029775600880384445,
        -0.00509237265214324,
        -0.025985857471823692,
        0.030735675245523453,
        -0.0477738156914711,
        -0.019939681515097618,
        0.04000910744071007,
        -0.033949412405490875,
        0.012240970507264137,
        -0.0034281122498214245,
        -0.030387822538614273,
        -0.07098209857940674
    ],
    "net_guide.net.0.weight.scale": [
        0.0028543665539473295,
        0.0028035971336066723,
        0.002846019109711051,
        0.002876455895602703,
        0.0028001328464597464,
        0.002840799279510975,
        0.0027939961291849613,
        0.0028260089457035065,
        0.0028540072962641716,
        0.0028321617282927036,
        0.002837959909811616,
        0.00285583408549428,
        0.002804761752486229,
        0.0027822728734463453,
        0.0028234648052603006,
        0.0027591693215072155,
        0.002814417239278555,
        0.0028048327658325434,
        0.002846852410584688,
        0.002812015824019909
    ],
    "net_guide.net.0.bias.loc": [
        -0.013191084377467632
    ],
    "net_guide.net.0.bias.scale": [
        0.004863892216235399
    ]
}