{
    "train": {
        "error": {
            "rmse": 0.4348286986351013,
            "loglikelihood": -0.6230456829071045,
            "mae": 0.34396347403526306
        },
        "predictive_eval": {
            "kl_div_to_data": 1.3924956321716309,
            "mean_diff_to_data": 0.3375542461872101,
            "std_diff_to_data": 0.192472904920578
        }
    },
    "in_domain": {
        "error": {
            "rmse": 0.9174010157585144,
            "loglikelihood": -1.8214234113693237,
            "mae": 0.7059659361839294
        },
        "predictive_eval": {
            "kl_div_to_data": 5.139979362487793,
            "mean_diff_to_data": 0.6990118026733398,
            "std_diff_to_data": 0.19613461196422577
        }
    },
    "out_domain": {
        "error": {
            "rmse": 28.712390899658203,
            "loglikelihood": -101.51815032958984,
            "mae": 23.236148834228516
        },
        "predictive_eval": {
            "kl_div_to_data": 4917.205078125,
            "mean_diff_to_data": 24.012117385864258,
            "std_diff_to_data": 1.837943434715271
        }
    }
}