{
    "train": {
        "error": {
            "rmse": 0.4249752163887024,
            "loglikelihood": -0.6120650172233582,
            "mae": 0.3381427228450775
        },
        "predictive_eval": {
            "kl_div_to_data": 1.641648530960083,
            "mean_diff_to_data": 0.356158971786499,
            "std_diff_to_data": 0.22182895243167877
        }
    },
    "in_domain": {
        "error": {
            "rmse": 1.1486777067184448,
            "loglikelihood": -2.4256608486175537,
            "mae": 0.8763591647148132
        },
        "predictive_eval": {
            "kl_div_to_data": 7.929477691650391,
            "mean_diff_to_data": 0.8792978525161743,
            "std_diff_to_data": 0.22911404073238373
        }
    },
    "out_domain": {
        "error": {
            "rmse": 25.165775299072266,
            "loglikelihood": -91.29903411865234,
            "mae": 20.4729061126709
        },
        "predictive_eval": {
            "kl_div_to_data": 3588.25439453125,
            "mean_diff_to_data": 20.48113250732422,
            "std_diff_to_data": 1.6390845775604248
        }
    }
}