{
    "train": {
        "error": {
            "rmse": 0.6535202860832214,
            "loglikelihood": -2.088118076324463,
            "mae": 0.5197187066078186
        },
        "predictive_eval": {
            "kl_div_to_data": 2.1678268909454346,
            "mean_diff_to_data": 0.39346587657928467,
            "std_diff_to_data": 0.2786315381526947
        }
    },
    "in_domain": {
        "error": {
            "rmse": 1.7309081554412842,
            "loglikelihood": -16.374753952026367,
            "mae": 1.326400637626648
        },
        "predictive_eval": {
            "kl_div_to_data": 16.655086517333984,
            "mean_diff_to_data": 1.2961909770965576,
            "std_diff_to_data": 0.2835458815097809
        }
    },
    "out_domain": {
        "error": {
            "rmse": 21.504003524780273,
            "loglikelihood": -2570.140380859375,
            "mae": 17.28397560119629
        },
        "predictive_eval": {
            "kl_div_to_data": 2532.82958984375,
            "mean_diff_to_data": 17.102384567260742,
            "std_diff_to_data": 1.3796221017837524
        }
    }
}