{
    "train": {
        "error": {
            "rmse": 0.7207602858543396,
            "loglikelihood": -2.601519823074341,
            "mae": 0.5736441612243652
        },
        "predictive_eval": {
            "kl_div_to_data": 2.321589946746826,
            "mean_diff_to_data": 0.4216271936893463,
            "std_diff_to_data": 0.28039056062698364
        }
    },
    "in_domain": {
        "error": {
            "rmse": 1.8614248037338257,
            "loglikelihood": -18.963953018188477,
            "mae": 1.420350193977356
        },
        "predictive_eval": {
            "kl_div_to_data": 19.804414749145508,
            "mean_diff_to_data": 1.4034225940704346,
            "std_diff_to_data": 0.28662335872650146
        }
    },
    "out_domain": {
        "error": {
            "rmse": 17.143817901611328,
            "loglikelihood": -1632.6341552734375,
            "mae": 13.843161582946777
        },
        "predictive_eval": {
            "kl_div_to_data": 1651.6070556640625,
            "mean_diff_to_data": 13.816474914550781,
            "std_diff_to_data": 1.3608571290969849
        }
    }
}