{
    "train": {
        "error": {
            "rmse": 0.6188949346542358,
            "loglikelihood": -2.4009766578674316,
            "mae": 0.4908145070075989
        },
        "predictive_eval": {
            "kl_div_to_data": 1.639587640762329,
            "mean_diff_to_data": 0.35596174001693726,
            "std_diff_to_data": 0.22154290974140167
        }
    },
    "in_domain": {
        "error": {
            "rmse": 1.235936164855957,
            "loglikelihood": -10.514785766601562,
            "mae": 0.9442736506462097
        },
        "predictive_eval": {
            "kl_div_to_data": 7.952329158782959,
            "mean_diff_to_data": 0.8804764151573181,
            "std_diff_to_data": 0.23173357546329498
        }
    },
    "out_domain": {
        "error": {
            "rmse": 25.110504150390625,
            "loglikelihood": -4568.18701171875,
            "mae": 20.41133689880371
        },
        "predictive_eval": {
            "kl_div_to_data": 3579.310302734375,
            "mean_diff_to_data": 20.45656394958496,
            "std_diff_to_data": 1.6247528791427612
        }
    }
}