{
    "train": {
        "error": {
            "rmse": 0.5812769532203674,
            "loglikelihood": -1.5918508768081665,
            "mae": 0.4600546360015869
        },
        "predictive_eval": {
            "kl_div_to_data": 1.4518399238586426,
            "mean_diff_to_data": 0.34289470314979553,
            "std_diff_to_data": 0.1936950832605362
        }
    },
    "in_domain": {
        "error": {
            "rmse": 0.9901244640350342,
            "loglikelihood": -5.1612772941589355,
            "mae": 0.7645961046218872
        },
        "predictive_eval": {
            "kl_div_to_data": 4.868203163146973,
            "mean_diff_to_data": 0.6829926371574402,
            "std_diff_to_data": 0.1985674351453781
        }
    },
    "out_domain": {
        "error": {
            "rmse": 31.878625869750977,
            "loglikelihood": -5648.66552734375,
            "mae": 25.9022274017334
        },
        "predictive_eval": {
            "kl_div_to_data": 5939.5078125,
            "mean_diff_to_data": 26.483797073364258,
            "std_diff_to_data": 2.4882147312164307
        }
    }
}