{
    "train": {
        "error": {
            "rmse": 0.45764875411987305,
            "loglikelihood": -0.6690433025360107,
            "mae": 0.36359724402427673
        },
        "predictive_eval": {
            "kl_div_to_data": 1.5776630640029907,
            "mean_diff_to_data": 0.35942113399505615,
            "std_diff_to_data": 0.20483212172985077
        }
    },
    "test": {
        "error": {
            "rmse": 19.844730377197266,
            "loglikelihood": -42.80997848510742,
            "mae": 11.763631820678711
        },
        "predictive_eval": {
            "kl_div_to_data": 2371.8037109375,
            "mean_diff_to_data": 12.383143424987793,
            "std_diff_to_data": 1.2535017728805542
        }
    },
    "in_domain": {
        "error": {
            "rmse": 1.0444743633270264,
            "loglikelihood": -2.1974551677703857,
            "mae": 0.8047991991043091
        },
        "predictive_eval": {
            "kl_div_to_data": 6.982719421386719,
            "mean_diff_to_data": 0.8139503002166748,
            "std_diff_to_data": 0.2132643461227417
        }
    },
    "out_domain": {
        "error": {
            "rmse": 28.05153465270996,
            "loglikelihood": -83.65306091308594,
            "mae": 22.726594924926758
        },
        "predictive_eval": {
            "kl_div_to_data": 4544.369140625,
            "mean_diff_to_data": 23.22643280029297,
            "std_diff_to_data": 2.089367151260376
        }
    }
}