{
    "train": {
        "error": {
            "rmse": 0.620168924331665,
            "loglikelihood": -1.8528364896774292,
            "mae": 0.4921700954437256
        },
        "predictive_eval": {
            "kl_div_to_data": 1.5804756879806519,
            "mean_diff_to_data": 0.3591541051864624,
            "std_diff_to_data": 0.20588763058185577
        }
    },
    "in_domain": {
        "error": {
            "rmse": 1.125191569328308,
            "loglikelihood": -6.751486301422119,
            "mae": 0.866995632648468
        },
        "predictive_eval": {
            "kl_div_to_data": 6.956087112426758,
            "mean_diff_to_data": 0.8126338124275208,
            "std_diff_to_data": 0.21014538407325745
        }
    },
    "out_domain": {
        "error": {
            "rmse": 28.140684127807617,
            "loglikelihood": -4401.28369140625,
            "mae": 22.78354835510254
        },
        "predictive_eval": {
            "kl_div_to_data": 4539.83056640625,
            "mean_diff_to_data": 23.21478843688965,
            "std_diff_to_data": 2.074491262435913
        }
    }
}