{
    "train": {
        "error": {
            "rmse": 0.6881612539291382,
            "loglikelihood": -3.099843740463257,
            "mae": 0.5442692637443542
        },
        "predictive_eval": {
            "kl_div_to_data": 2.1678268909454346,
            "mean_diff_to_data": 0.39346587657928467,
            "std_diff_to_data": 0.2786315381526947
        }
    },
    "in_domain": {
        "error": {
            "rmse": 1.7214828729629517,
            "loglikelihood": -20.512020111083984,
            "mae": 1.321497917175293
        },
        "predictive_eval": {
            "kl_div_to_data": 16.655086517333984,
            "mean_diff_to_data": 1.2961909770965576,
            "std_diff_to_data": 0.2835458815097809
        }
    },
    "out_domain": {
        "error": {
            "rmse": 21.233901977539062,
            "loglikelihood": -3248.548828125,
            "mae": 17.07992935180664
        },
        "predictive_eval": {
            "kl_div_to_data": 2532.82958984375,
            "mean_diff_to_data": 17.102384567260742,
            "std_diff_to_data": 1.3796221017837524
        }
    }
}