{
    "train": {
        "error": {
            "rmse": 0.4337644577026367,
            "loglikelihood": -0.6209718585014343,
            "mae": 0.34597060084342957
        },
        "predictive_eval": {
            "kl_div_to_data": 1.4518399238586426,
            "mean_diff_to_data": 0.34289470314979553,
            "std_diff_to_data": 0.1936950832605362
        }
    },
    "in_domain": {
        "error": {
            "rmse": 0.9067823886871338,
            "loglikelihood": -1.7535333633422852,
            "mae": 0.6980681419372559
        },
        "predictive_eval": {
            "kl_div_to_data": 4.868203163146973,
            "mean_diff_to_data": 0.6829926371574402,
            "std_diff_to_data": 0.1985674351453781
        }
    },
    "out_domain": {
        "error": {
            "rmse": 31.582921981811523,
            "loglikelihood": -84.83890533447266,
            "mae": 25.635244369506836
        },
        "predictive_eval": {
            "kl_div_to_data": 5939.5078125,
            "mean_diff_to_data": 26.483797073364258,
            "std_diff_to_data": 2.4882147312164307
        }
    }
}