{
    "train": {
        "error": {
            "rmse": 0.4736231863498688,
            "loglikelihood": -0.7200360298156738,
            "mae": 0.3742152154445648
        },
        "predictive_eval": {
            "kl_div_to_data": 2.1678268909454346,
            "mean_diff_to_data": 0.39346587657928467,
            "std_diff_to_data": 0.2786315381526947
        }
    },
    "in_domain": {
        "error": {
            "rmse": 1.665098786354065,
            "loglikelihood": -4.174630641937256,
            "mae": 1.2706811428070068
        },
        "predictive_eval": {
            "kl_div_to_data": 16.655086517333984,
            "mean_diff_to_data": 1.2961909770965576,
            "std_diff_to_data": 0.2835458815097809
        }
    },
    "out_domain": {
        "error": {
            "rmse": 21.292118072509766,
            "loglikelihood": -77.15074920654297,
            "mae": 17.12908935546875
        },
        "predictive_eval": {
            "kl_div_to_data": 2532.82958984375,
            "mean_diff_to_data": 17.102384567260742,
            "std_diff_to_data": 1.3796221017837524
        }
    }
}