{
    "train": {
        "error": {
            "rmse": 0.43180230259895325,
            "loglikelihood": -0.6446696519851685,
            "mae": 0.3425317108631134
        },
        "predictive_eval": {
            "kl_div_to_data": 1.8524142503738403,
            "mean_diff_to_data": 0.3693784773349762,
            "std_diff_to_data": 0.2544829845428467
        }
    },
    "in_domain": {
        "error": {
            "rmse": 1.272902250289917,
            "loglikelihood": -2.7408409118652344,
            "mae": 0.9755043983459473
        },
        "predictive_eval": {
            "kl_div_to_data": 10.374807357788086,
            "mean_diff_to_data": 1.0002211332321167,
            "std_diff_to_data": 0.25819042325019836
        }
    },
    "out_domain": {
        "error": {
            "rmse": 23.34341049194336,
            "loglikelihood": -75.20500946044922,
            "mae": 18.67658805847168
        },
        "predictive_eval": {
            "kl_div_to_data": 3280.00439453125,
            "mean_diff_to_data": 19.56886863708496,
            "std_diff_to_data": 1.6114641427993774
        }
    }
}