{
    "train": {
        "error": {
            "rmse": 0.5033860802650452,
            "loglikelihood": -0.7677092552185059,
            "mae": 0.40143224596977234
        },
        "predictive_eval": {
            "kl_div_to_data": 2.321589946746826,
            "mean_diff_to_data": 0.4216271936893463,
            "std_diff_to_data": 0.28039056062698364
        }
    },
    "in_domain": {
        "error": {
            "rmse": 1.7831292152404785,
            "loglikelihood": -4.671676158905029,
            "mae": 1.3555021286010742
        },
        "predictive_eval": {
            "kl_div_to_data": 19.804414749145508,
            "mean_diff_to_data": 1.4034225940704346,
            "std_diff_to_data": 0.28662335872650146
        }
    },
    "out_domain": {
        "error": {
            "rmse": 16.992002487182617,
            "loglikelihood": -55.04926300048828,
            "mae": 13.718072891235352
        },
        "predictive_eval": {
            "kl_div_to_data": 1651.6070556640625,
            "mean_diff_to_data": 13.816474914550781,
            "std_diff_to_data": 1.3608571290969849
        }
    }
}