{
    "train": {
        "error": {
            "rmse": 0.6247175335884094,
            "loglikelihood": -2.454240083694458,
            "mae": 0.49707290530204773
        },
        "predictive_eval": {
            "kl_div_to_data": 1.8357540369033813,
            "mean_diff_to_data": 0.36921676993370056,
            "std_diff_to_data": 0.25052589178085327
        }
    },
    "in_domain": {
        "error": {
            "rmse": 1.3589184284210205,
            "loglikelihood": -12.96692943572998,
            "mae": 1.0427974462509155
        },
        "predictive_eval": {
            "kl_div_to_data": 10.38857650756836,
            "mean_diff_to_data": 1.0007425546646118,
            "std_diff_to_data": 0.2594139873981476
        }
    },
    "out_domain": {
        "error": {
            "rmse": 23.391489028930664,
            "loglikelihood": -3924.147216796875,
            "mae": 18.704858779907227
        },
        "predictive_eval": {
            "kl_div_to_data": 3276.560546875,
            "mean_diff_to_data": 19.560651779174805,
            "std_diff_to_data": 1.6244877576828003
        }
    }
}