{
    "train": {
        "error": {
            "rmse": 0.6216766834259033,
            "loglikelihood": -2.4590365886688232,
            "mae": 0.48970675468444824
        },
        "predictive_eval": {
            "kl_div_to_data": 1.613834261894226,
            "mean_diff_to_data": 0.3581133782863617,
            "std_diff_to_data": 0.21834638714790344
        }
    },
    "in_domain": {
        "error": {
            "rmse": 1.2108145952224731,
            "loglikelihood": -10.171854019165039,
            "mae": 0.931973397731781
        },
        "predictive_eval": {
            "kl_div_to_data": 8.512777328491211,
            "mean_diff_to_data": 0.9137328863143921,
            "std_diff_to_data": 0.2261561155319214
        }
    },
    "out_domain": {
        "error": {
            "rmse": 23.907743453979492,
            "loglikelihood": -4127.8837890625,
            "mae": 19.239744186401367
        },
        "predictive_eval": {
            "kl_div_to_data": 3299.896240234375,
            "mean_diff_to_data": 19.660921096801758,
            "std_diff_to_data": 1.5745395421981812
        }
    }
}