{
    "train": {
        "error": {
            "rmse": 0.6065089702606201,
            "loglikelihood": -2.3266751766204834,
            "mae": 0.48043274879455566
        },
        "predictive_eval": {
            "kl_div_to_data": 1.3818222284317017,
            "mean_diff_to_data": 0.33791983127593994,
            "std_diff_to_data": 0.18997465074062347
        }
    },
    "in_domain": {
        "error": {
            "rmse": 0.9942660331726074,
            "loglikelihood": -6.593700408935547,
            "mae": 0.7678734064102173
        },
        "predictive_eval": {
            "kl_div_to_data": 5.141097068786621,
            "mean_diff_to_data": 0.6986051201820374,
            "std_diff_to_data": 0.1963057518005371
        }
    },
    "out_domain": {
        "error": {
            "rmse": 28.84665870666504,
            "loglikelihood": -5923.5869140625,
            "mae": 23.334218978881836
        },
        "predictive_eval": {
            "kl_div_to_data": 4923.3369140625,
            "mean_diff_to_data": 24.0291805267334,
            "std_diff_to_data": 1.8235862255096436
        }
    }
}