{
    "train": {
        "error": {
            "rmse": 0.5964956283569336,
            "loglikelihood": -2.210719347000122,
            "mae": 0.47311314940452576
        },
        "predictive_eval": {
            "kl_div_to_data": 1.443400263786316,
            "mean_diff_to_data": 0.34268978238105774,
            "std_diff_to_data": 0.1930500864982605
        }
    },
    "in_domain": {
        "error": {
            "rmse": 1.0118114948272705,
            "loglikelihood": -6.945410251617432,
            "mae": 0.7871765494346619
        },
        "predictive_eval": {
            "kl_div_to_data": 4.867805480957031,
            "mean_diff_to_data": 0.6823668479919434,
            "std_diff_to_data": 0.19771569967269897
        }
    },
    "out_domain": {
        "error": {
            "rmse": 31.737899780273438,
            "loglikelihood": -7053.87841796875,
            "mae": 25.746768951416016
        },
        "predictive_eval": {
            "kl_div_to_data": 5954.322265625,
            "mean_diff_to_data": 26.519773483276367,
            "std_diff_to_data": 2.4551384449005127
        }
    }
}