{
    "train": {
        "error": {
            "rmse": 0.6683628559112549,
            "loglikelihood": -2.8259427547454834,
            "mae": 0.5296015739440918
        },
        "predictive_eval": {
            "kl_div_to_data": 1.9047889709472656,
            "mean_diff_to_data": 0.37705299258232117,
            "std_diff_to_data": 0.2555556297302246
        }
    },
    "in_domain": {
        "error": {
            "rmse": 1.4890172481536865,
            "loglikelihood": -15.65234088897705,
            "mae": 1.1278737783432007
        },
        "predictive_eval": {
            "kl_div_to_data": 12.614285469055176,
            "mean_diff_to_data": 1.0680240392684937,
            "std_diff_to_data": 0.25868433713912964
        }
    },
    "out_domain": {
        "error": {
            "rmse": 23.827035903930664,
            "loglikelihood": -4089.36181640625,
            "mae": 19.0186824798584
        },
        "predictive_eval": {
            "kl_div_to_data": 3219.93115234375,
            "mean_diff_to_data": 19.18766975402832,
            "std_diff_to_data": 1.7992918491363525
        }
    }
}