{
    "train": {
        "error": {
            "rmse": 0.6069528460502625,
            "loglikelihood": -1.761918067932129,
            "mae": 0.48050856590270996
        },
        "predictive_eval": {
            "kl_div_to_data": 1.641648530960083,
            "mean_diff_to_data": 0.356158971786499,
            "std_diff_to_data": 0.22182895243167877
        }
    },
    "in_domain": {
        "error": {
            "rmse": 1.241824746131897,
            "loglikelihood": -8.281516075134277,
            "mae": 0.9449319243431091
        },
        "predictive_eval": {
            "kl_div_to_data": 7.929477691650391,
            "mean_diff_to_data": 0.8792978525161743,
            "std_diff_to_data": 0.22911404073238373
        }
    },
    "out_domain": {
        "error": {
            "rmse": 25.17203712463379,
            "loglikelihood": -3522.44580078125,
            "mae": 20.434354782104492
        },
        "predictive_eval": {
            "kl_div_to_data": 3588.25439453125,
            "mean_diff_to_data": 20.48113250732422,
            "std_diff_to_data": 1.6390845775604248
        }
    }
}