{
    "train": {
        "error": {
            "rmse": 0.4344794750213623,
            "loglikelihood": -0.6223196387290955,
            "mae": 0.34656795859336853
        },
        "predictive_eval": {
            "kl_div_to_data": 1.4545588493347168,
            "mean_diff_to_data": 0.34265998005867004,
            "std_diff_to_data": 0.19612011313438416
        }
    },
    "test": {
        "error": {
            "rmse": 22.362401962280273,
            "loglikelihood": -43.43865966796875,
            "mae": 13.182291030883789
        },
        "predictive_eval": {
            "kl_div_to_data": 3315.857666015625,
            "mean_diff_to_data": 14.636558532714844,
            "std_diff_to_data": 1.420626163482666
        }
    },
    "in_domain": {
        "error": {
            "rmse": 0.905905544757843,
            "loglikelihood": -1.7523750066757202,
            "mae": 0.6974434852600098
        },
        "predictive_eval": {
            "kl_div_to_data": 4.870937347412109,
            "mean_diff_to_data": 0.6828641891479492,
            "std_diff_to_data": 0.20037412643432617
        }
    },
    "out_domain": {
        "error": {
            "rmse": 31.58165168762207,
            "loglikelihood": -85.04011535644531,
            "mae": 25.63814353942871
        },
        "predictive_eval": {
            "kl_div_to_data": 5945.9267578125,
            "mean_diff_to_data": 26.503816604614258,
            "std_diff_to_data": 2.432939052581787
        }
    }
}