{
    "train": {
        "error": {
            "rmse": 0.6207086443901062,
            "loglikelihood": -2.4417500495910645,
            "mae": 0.4947151243686676
        },
        "predictive_eval": {
            "kl_div_to_data": 1.5995780229568481,
            "mean_diff_to_data": 0.3617140054702759,
            "std_diff_to_data": 0.2072037309408188
        }
    },
    "in_domain": {
        "error": {
            "rmse": 1.113373041152954,
            "loglikelihood": -8.564835548400879,
            "mae": 0.8665934801101685
        },
        "predictive_eval": {
            "kl_div_to_data": 6.946459770202637,
            "mean_diff_to_data": 0.8114461302757263,
            "std_diff_to_data": 0.2116732895374298
        }
    },
    "out_domain": {
        "error": {
            "rmse": 28.276412963867188,
            "loglikelihood": -5775.0283203125,
            "mae": 22.880956649780273
        },
        "predictive_eval": {
            "kl_div_to_data": 4547.93505859375,
            "mean_diff_to_data": 23.23280906677246,
            "std_diff_to_data": 2.0879600048065186
        }
    }
}