{
    "train": {
        "error": {
            "rmse": 0.4448443353176117,
            "loglikelihood": -0.6666613817214966,
            "mae": 0.3553718030452728
        },
        "predictive_eval": {
            "kl_div_to_data": 1.9247323274612427,
            "mean_diff_to_data": 0.3761852979660034,
            "std_diff_to_data": 0.2602744400501251
        }
    },
    "in_domain": {
        "error": {
            "rmse": 1.4191375970840454,
            "loglikelihood": -3.248903751373291,
            "mae": 1.0741382837295532
        },
        "predictive_eval": {
            "kl_div_to_data": 12.613321304321289,
            "mean_diff_to_data": 1.0677839517593384,
            "std_diff_to_data": 0.25958728790283203
        }
    },
    "out_domain": {
        "error": {
            "rmse": 23.645681381225586,
            "loglikelihood": -67.63429260253906,
            "mae": 18.861021041870117
        },
        "predictive_eval": {
            "kl_div_to_data": 3223.918701171875,
            "mean_diff_to_data": 19.196086883544922,
            "std_diff_to_data": 1.8058156967163086
        }
    }
}