{
    "train": {
        "error": {
            "rmse": 0.4453803598880768,
            "loglikelihood": -0.6496729850769043,
            "mae": 0.3549170196056366
        },
        "predictive_eval": {
            "kl_div_to_data": 1.6157981157302856,
            "mean_diff_to_data": 0.35771745443344116,
            "std_diff_to_data": 0.21966144442558289
        }
    },
    "in_domain": {
        "error": {
            "rmse": 1.1230580806732178,
            "loglikelihood": -2.4253408908843994,
            "mae": 0.8651350140571594
        },
        "predictive_eval": {
            "kl_div_to_data": 8.510543823242188,
            "mean_diff_to_data": 0.9141262769699097,
            "std_diff_to_data": 0.22249573469161987
        }
    },
    "out_domain": {
        "error": {
            "rmse": 23.720325469970703,
            "loglikelihood": -85.2902603149414,
            "mae": 19.12282943725586
        },
        "predictive_eval": {
            "kl_div_to_data": 3299.052001953125,
            "mean_diff_to_data": 19.658437728881836,
            "std_diff_to_data": 1.5814820528030396
        }
    }
}