{
    "train": {
        "error": {
            "rmse": 0.41740185022354126,
            "loglikelihood": -0.5845871567726135,
            "mae": 0.33117902278900146
        },
        "predictive_eval": {
            "kl_div_to_data": 1.3643198013305664,
            "mean_diff_to_data": 0.32731127738952637,
            "std_diff_to_data": 0.19165566563606262
        }
    },
    "in_domain": {
        "error": {
            "rmse": 0.8651778697967529,
            "loglikelihood": -1.60504949092865,
            "mae": 0.6630712151527405
        },
        "predictive_eval": {
            "kl_div_to_data": 4.334778308868408,
            "mean_diff_to_data": 0.6409029960632324,
            "std_diff_to_data": 0.19618713855743408
        }
    },
    "out_domain": {
        "error": {
            "rmse": 31.76043128967285,
            "loglikelihood": -93.61427307128906,
            "mae": 25.628311157226562
        },
        "predictive_eval": {
            "kl_div_to_data": 5841.68115234375,
            "mean_diff_to_data": 26.346874237060547,
            "std_diff_to_data": 2.1406807899475098
        }
    }
}