{
    "train": {
        "error": {
            "rmse": 0.5604878067970276,
            "loglikelihood": -1.4601421356201172,
            "mae": 0.4442826211452484
        },
        "predictive_eval": {
            "kl_div_to_data": 1.3643198013305664,
            "mean_diff_to_data": 0.32731127738952637,
            "std_diff_to_data": 0.19165566563606262
        }
    },
    "in_domain": {
        "error": {
            "rmse": 0.9750803112983704,
            "loglikelihood": -5.00012731552124,
            "mae": 0.7466287016868591
        },
        "predictive_eval": {
            "kl_div_to_data": 4.334778308868408,
            "mean_diff_to_data": 0.6409029960632324,
            "std_diff_to_data": 0.19618713855743408
        }
    },
    "out_domain": {
        "error": {
            "rmse": 31.813251495361328,
            "loglikelihood": -5621.83642578125,
            "mae": 25.666568756103516
        },
        "predictive_eval": {
            "kl_div_to_data": 5841.68115234375,
            "mean_diff_to_data": 26.346874237060547,
            "std_diff_to_data": 2.1406807899475098
        }
    }
}