{
    "train": {
        "error": {
            "rmse": 0.6939288377761841,
            "loglikelihood": -3.160059690475464,
            "mae": 0.5516175627708435
        },
        "predictive_eval": {
            "kl_div_to_data": 2.3254408836364746,
            "mean_diff_to_data": 0.42105162143707275,
            "std_diff_to_data": 0.2829802334308624
        }
    },
    "in_domain": {
        "error": {
            "rmse": 1.8504613637924194,
            "loglikelihood": -24.2556095123291,
            "mae": 1.4130862951278687
        },
        "predictive_eval": {
            "kl_div_to_data": 19.81702423095703,
            "mean_diff_to_data": 1.4035602807998657,
            "std_diff_to_data": 0.2877903878688812
        }
    },
    "out_domain": {
        "error": {
            "rmse": 17.092769622802734,
            "loglikelihood": -2077.45556640625,
            "mae": 13.811057090759277
        },
        "predictive_eval": {
            "kl_div_to_data": 1649.2589111328125,
            "mean_diff_to_data": 13.803848266601562,
            "std_diff_to_data": 1.3724263906478882
        }
    }
}