{
    "train": {
        "error": {
            "rmse": 0.4580741226673126,
            "loglikelihood": -0.6693941354751587,
            "mae": 0.36397895216941833
        },
        "predictive_eval": {
            "kl_div_to_data": 1.5804756879806519,
            "mean_diff_to_data": 0.3591541051864624,
            "std_diff_to_data": 0.20588763058185577
        }
    },
    "in_domain": {
        "error": {
            "rmse": 1.0429418087005615,
            "loglikelihood": -2.1910314559936523,
            "mae": 0.8046213984489441
        },
        "predictive_eval": {
            "kl_div_to_data": 6.956087112426758,
            "mean_diff_to_data": 0.8126338124275208,
            "std_diff_to_data": 0.21014538407325745
        }
    },
    "out_domain": {
        "error": {
            "rmse": 28.04976463317871,
            "loglikelihood": -83.11651611328125,
            "mae": 22.72577667236328
        },
        "predictive_eval": {
            "kl_div_to_data": 4539.83056640625,
            "mean_diff_to_data": 23.21478843688965,
            "std_diff_to_data": 2.074491262435913
        }
    }
}