{
    "train": {
        "error": {
            "rmse": 0.47406110167503357,
            "loglikelihood": -0.720794141292572,
            "mae": 0.37461379170417786
        },
        "predictive_eval": {
            "kl_div_to_data": 2.1774635314941406,
            "mean_diff_to_data": 0.3951936662197113,
            "std_diff_to_data": 0.278770387172699
        }
    },
    "test": {
        "error": {
            "rmse": 15.051831245422363,
            "loglikelihood": -40.5569953918457,
            "mae": 9.170881271362305
        },
        "predictive_eval": {
            "kl_div_to_data": 1478.832763671875,
            "mean_diff_to_data": 10.092596054077148,
            "std_diff_to_data": 0.876664400100708
        }
    },
    "in_domain": {
        "error": {
            "rmse": 1.6650484800338745,
            "loglikelihood": -4.173781871795654,
            "mae": 1.2708590030670166
        },
        "predictive_eval": {
            "kl_div_to_data": 16.649805068969727,
            "mean_diff_to_data": 1.2969211339950562,
            "std_diff_to_data": 0.2809646725654602
        }
    },
    "out_domain": {
        "error": {
            "rmse": 21.26262855529785,
            "loglikelihood": -77.28548431396484,
            "mae": 17.109525680541992
        },
        "predictive_eval": {
            "kl_div_to_data": 2539.422119140625,
            "mean_diff_to_data": 17.123828887939453,
            "std_diff_to_data": 1.392727017402649
        }
    }
}