{
    "train": {
        "error": {
            "rmse": 0.5826197266578674,
            "loglikelihood": -2.1245555877685547,
            "mae": 0.4619603753089905
        },
        "predictive_eval": {
            "kl_div_to_data": 1.3548061847686768,
            "mean_diff_to_data": 0.3277024030685425,
            "std_diff_to_data": 0.18824563920497894
        }
    },
    "in_domain": {
        "error": {
            "rmse": 0.9500901699066162,
            "loglikelihood": -5.9984965324401855,
            "mae": 0.7262633442878723
        },
        "predictive_eval": {
            "kl_div_to_data": 4.343451499938965,
            "mean_diff_to_data": 0.6423310041427612,
            "std_diff_to_data": 0.19849959015846252
        }
    },
    "out_domain": {
        "error": {
            "rmse": 32.06486129760742,
            "loglikelihood": -7444.14013671875,
            "mae": 25.831701278686523
        },
        "predictive_eval": {
            "kl_div_to_data": 5850.8671875,
            "mean_diff_to_data": 26.365686416625977,
            "std_diff_to_data": 2.1371328830718994
        }
    }
}