{
    "test_error": {
        "rmse": 0.5529072701930999,
        "mae": 0.44432548582553866
    },
    "in_domain_error": {
        "rmse": 0.5154859900474549,
        "mae": 0.4117946416139603
    },
    "out_domain_error": {
        "rmse": 0.884631621837616,
        "mae": 0.7336710691452026
    },
    "predictive": {
        "kl_div": 3.1187052726745605,
        "mean_diff": 0.14626772701740265,
        "std_diff": 0.9937442541122437
    },
    "predictive_in_domain": {
        "kl_div": 0.4279516041278839,
        "mean_diff": 0.0969744548201561,
        "std_diff": 0.3375166058540344
    },
    "predictive_out_domain": {
        "kl_div": 16.693090438842773,
        "mean_diff": 0.4904593527317047,
        "std_diff": 2.5016353130340576
    }
}