{
    "train": {
        "error": {
            "rmse": 0.056689873337745667,
            "loglikelihood": 0.9018214344978333,
            "mae": 0.04412735253572464
        },
        "predictive_eval": {
            "kl_div_to_data": 0.8454912900924683,
            "mean_diff_to_data": 0.24087873101234436,
            "std_diff_to_data": 0.14573583006858826
        }
    },
    "test": {
        "error": {
            "rmse": 12.266711235046387,
            "loglikelihood": -191.90948486328125,
            "mae": 7.946401119232178
        },
        "predictive_eval": {
            "kl_div_to_data": 849.3804931640625,
            "mean_diff_to_data": 7.989317417144775,
            "std_diff_to_data": 0.35490521788597107
        }
    },
    "in_domain": {
        "error": {
            "rmse": 2.9137048721313477,
            "loglikelihood": -134.66136169433594,
            "mae": 2.1594009399414062
        },
        "predictive_eval": {
            "kl_div_to_data": 47.106300354003906,
            "mean_diff_to_data": 2.1223766803741455,
            "std_diff_to_data": 0.13611707091331482
        }
    },
    "out_domain": {
        "error": {
            "rmse": 17.11304473876953,
            "loglikelihood": -248.5548858642578,
            "mae": 13.74736499786377
        },
        "predictive_eval": {
            "kl_div_to_data": 1686.71044921875,
            "mean_diff_to_data": 13.816253662109375,
            "std_diff_to_data": 0.5840739607810974
        }
    }
}