{
    "train": {
        "error": {
            "rmse": 0.04734012857079506,
            "loglikelihood": 0.9577881097793579,
            "mae": 0.037163134664297104
        },
        "predictive_eval": {
            "kl_div_to_data": 0.8798407912254333,
            "mean_diff_to_data": 0.24356524646282196,
            "std_diff_to_data": 0.1513018161058426
        }
    },
    "test": {
        "error": {
            "rmse": 12.071589469909668,
            "loglikelihood": -167.49713134765625,
            "mae": 7.716145992279053
        },
        "predictive_eval": {
            "kl_div_to_data": 814.036865234375,
            "mean_diff_to_data": 7.811464786529541,
            "std_diff_to_data": 0.33020979166030884
        }
    },
    "in_domain": {
        "error": {
            "rmse": 2.586705207824707,
            "loglikelihood": -113.576171875,
            "mae": 1.918034553527832
        },
        "predictive_eval": {
            "kl_div_to_data": 36.13119888305664,
            "mean_diff_to_data": 1.9037353992462158,
            "std_diff_to_data": 0.14166757464408875
        }
    },
    "out_domain": {
        "error": {
            "rmse": 16.88796043395996,
            "loglikelihood": -220.61778259277344,
            "mae": 13.538077354431152
        },
        "predictive_eval": {
            "kl_div_to_data": 1672.1307373046875,
            "mean_diff_to_data": 13.941754341125488,
            "std_diff_to_data": 0.5422803163528442
        }
    }
}