{
    "train": {
        "error": {
            "rmse": 0.05867212638258934,
            "loglikelihood": 0.8811149597167969,
            "mae": 0.045800529420375824
        },
        "predictive_eval": {
            "kl_div_to_data": 0.8473389744758606,
            "mean_diff_to_data": 0.24464192986488342,
            "std_diff_to_data": 0.14241734147071838
        }
    },
    "test": {
        "error": {
            "rmse": 11.243122100830078,
            "loglikelihood": -164.3861083984375,
            "mae": 7.347943305969238
        },
        "predictive_eval": {
            "kl_div_to_data": 710.66845703125,
            "mean_diff_to_data": 7.4026994705200195,
            "std_diff_to_data": 0.33175408840179443
        }
    },
    "in_domain": {
        "error": {
            "rmse": 2.8362178802490234,
            "loglikelihood": -122.88140869140625,
            "mae": 2.12919545173645
        },
        "predictive_eval": {
            "kl_div_to_data": 41.69667053222656,
            "mean_diff_to_data": 2.071169137954712,
            "std_diff_to_data": 0.13213670253753662
        }
    },
    "out_domain": {
        "error": {
            "rmse": 15.625955581665039,
            "loglikelihood": -205.8567352294922,
            "mae": 12.548517227172852
        },
        "predictive_eval": {
            "kl_div_to_data": 1368.8487548828125,
            "mean_diff_to_data": 12.642228126525879,
            "std_diff_to_data": 0.5231943130493164
        }
    }
}