{
    "train": {
        "error": {
            "rmse": 0.05659289285540581,
            "loglikelihood": 0.8922364115715027,
            "mae": 0.044282153248786926
        },
        "predictive_eval": {
            "kl_div_to_data": 0.8513638973236084,
            "mean_diff_to_data": 0.24636344611644745,
            "std_diff_to_data": 0.14229048788547516
        }
    },
    "test": {
        "error": {
            "rmse": 12.763422012329102,
            "loglikelihood": -236.1739044189453,
            "mae": 8.226221084594727
        },
        "predictive_eval": {
            "kl_div_to_data": 947.9906616210938,
            "mean_diff_to_data": 8.425851821899414,
            "std_diff_to_data": 0.2809627056121826
        }
    },
    "in_domain": {
        "error": {
            "rmse": 2.999508857727051,
            "loglikelihood": -142.24169921875,
            "mae": 2.257558584213257
        },
        "predictive_eval": {
            "kl_div_to_data": 49.98539733886719,
            "mean_diff_to_data": 2.215501070022583,
            "std_diff_to_data": 0.13327941298484802
        }
    },
    "out_domain": {
        "error": {
            "rmse": 17.810585021972656,
            "loglikelihood": -330.7462463378906,
            "mae": 14.209047317504883
        },
        "predictive_eval": {
            "kl_div_to_data": 2026.4844970703125,
            "mean_diff_to_data": 15.154105186462402,
            "std_diff_to_data": 0.42655712366104126
        }
    }
}