{
    "train": {
        "error": {
            "rmse": 0.16370195150375366,
            "loglikelihood": -12.30034065246582,
            "mae": 0.12749357521533966
        },
        "predictive_eval": {
            "kl_div_to_data": 0.8449226021766663,
            "mean_diff_to_data": 0.24083809554576874,
            "std_diff_to_data": 0.14560087025165558
        }
    },
    "test": {
        "error": {
            "rmse": 12.286287307739258,
            "loglikelihood": -83860.1171875,
            "mae": 7.954704284667969
        },
        "predictive_eval": {
            "kl_div_to_data": 849.271728515625,
            "mean_diff_to_data": 7.989613056182861,
            "std_diff_to_data": 0.35255974531173706
        }
    },
    "in_domain": {
        "error": {
            "rmse": 2.9231996536254883,
            "loglikelihood": -4744.6875,
            "mae": 2.166990041732788
        },
        "predictive_eval": {
            "kl_div_to_data": 47.11983108520508,
            "mean_diff_to_data": 2.122544527053833,
            "std_diff_to_data": 0.1362573355436325
        }
    },
    "out_domain": {
        "error": {
            "rmse": 17.10112953186035,
            "loglikelihood": -162468.875,
            "mae": 13.726763725280762
        },
        "predictive_eval": {
            "kl_div_to_data": 1686.8101806640625,
            "mean_diff_to_data": 13.815743446350098,
            "std_diff_to_data": 0.5934497714042664
        }
    }
}