{
    "train": {
        "error": {
            "rmse": 0.055220380425453186,
            "loglikelihood": 0.9153236746788025,
            "mae": 0.04342169314622879
        },
        "predictive_eval": {
            "kl_div_to_data": 0.8666972517967224,
            "mean_diff_to_data": 0.24597406387329102,
            "std_diff_to_data": 0.1469414085149765
        }
    },
    "test": {
        "error": {
            "rmse": 11.993861198425293,
            "loglikelihood": -148.7051239013672,
            "mae": 7.754910945892334
        },
        "predictive_eval": {
            "kl_div_to_data": 833.50927734375,
            "mean_diff_to_data": 7.988255023956299,
            "std_diff_to_data": 0.42694324254989624
        }
    },
    "in_domain": {
        "error": {
            "rmse": 2.7861721515655518,
            "loglikelihood": -124.6885757446289,
            "mae": 2.0772531032562256
        },
        "predictive_eval": {
            "kl_div_to_data": 44.057151794433594,
            "mean_diff_to_data": 2.0814788341522217,
            "std_diff_to_data": 0.13713786005973816
        }
    },
    "out_domain": {
        "error": {
            "rmse": 16.717853546142578,
            "loglikelihood": -172.61871337890625,
            "mae": 13.420244216918945
        },
        "predictive_eval": {
            "kl_div_to_data": 1648.6060791015625,
            "mean_diff_to_data": 13.759903907775879,
            "std_diff_to_data": 0.7384037375450134
        }
    }
}