{
    "test_error": {
        "rmse": 2.4395479202270507,
        "mae": 1.9222926259040833
    },
    "in_domain_error": {
        "rmse": 2.423708367347717,
        "mae": 1.9451760649681091
    },
    "out_domain_error": {
        "rmse": 2.465840458869934,
        "mae": 2.054962730407715
    },
    "predictive": {
        "kl_div": 0.9411229491233826,
        "mean_diff": 1.161333441734314,
        "std_diff": 1.5969079732894897
    },
    "predictive_in_domain": {
        "kl_div": 0.25895804166793823,
        "mean_diff": 1.1342146396636963,
        "std_diff": 0.17195123434066772
    },
    "predictive_out_domain": {
        "kl_div": 4.184907913208008,
        "mean_diff": 1.1385600566864014,
        "std_diff": 4.529281139373779
    }
}