{
    "train": {
        "error": {
            "rmse": 0.6285654902458191,
            "loglikelihood": -1.1304724216461182,
            "mae": 0.4974546432495117
        },
        "predictive_eval": {
            "kl_div_to_data": 6.270778179168701,
            "mean_diff_to_data": 0.4637942612171173,
            "std_diff_to_data": 0.7303512096405029
        }
    },
    "test": {
        "error": {
            "rmse": 19.584115982055664,
            "loglikelihood": -3.4979801177978516,
            "mae": 11.893533706665039
        },
        "predictive_eval": {
            "kl_div_to_data": 2996.4833984375,
            "mean_diff_to_data": 12.828238487243652,
            "std_diff_to_data": 7.698469161987305
        }
    },
    "in_domain": {
        "error": {
            "rmse": 0.7019101977348328,
            "loglikelihood": -1.172631859779358,
            "mae": 0.5534705519676208
        },
        "predictive_eval": {
            "kl_div_to_data": 6.5726542472839355,
            "mean_diff_to_data": 0.4732523560523987,
            "std_diff_to_data": 0.7448006868362427
        }
    },
    "out_domain": {
        "error": {
            "rmse": 27.643009185791016,
            "loglikelihood": -5.791318416595459,
            "mae": 23.195241928100586
        },
        "predictive_eval": {
            "kl_div_to_data": 5708.16455078125,
            "mean_diff_to_data": 24.140779495239258,
            "std_diff_to_data": 13.788244247436523
        }
    }
}