{
    "test_error": {
        "rmse": 2.08019415140152,
        "mae": 1.6370188474655152
    },
    "in_domain_error": {
        "rmse": 1.9957268476486205,
        "mae": 1.5866883873939515
    },
    "out_domain_error": {
        "rmse": 2.398269844055176,
        "mae": 1.8400870084762573
    },
    "predictive": {
        "kl_div": 0.8360339403152466,
        "mean_diff": 0.39333367347717285,
        "std_diff": 1.057941198348999
    },
    "predictive_in_domain": {
        "kl_div": 0.1406976878643036,
        "mean_diff": 0.22994744777679443,
        "std_diff": 0.6307884454727173
    },
    "predictive_out_domain": {
        "kl_div": 4.825716972351074,
        "mean_diff": 0.6650915145874023,
        "std_diff": 5.176777362823486
    }
}