{
    "train_rmse": 1.4438638747954855,
    "time": 7619.919228076935
}