{
    "test_error": {
        "rmse": 0.8071446716785431,
        "mae": 0.5214965254068374
    },
    "in_domain_error": {
        "rmse": 0.49913843274116515,
        "mae": 0.3997237503528595
    },
    "out_domain_error": {
        "rmse": 7.454124116897583,
        "mae": 5.4658448696136475
    },
    "predictive": {
        "kl_div": 1.0789202451705933,
        "mean_diff": 0.23098093271255493,
        "std_diff": 0.2952679693698883
    },
    "predictive_in_domain": {
        "kl_div": 0.09388386458158493,
        "mean_diff": 0.05885136500000954,
        "std_diff": 0.14413927495479584
    },
    "predictive_out_domain": {
        "kl_div": 105.13996124267578,
        "mean_diff": 5.062014579772949,
        "std_diff": 0.5585153102874756
    }
}