{
    "test_error": {
        "rmse": 1.721956241130829,
        "mae": 1.3696178317070007
    },
    "in_domain_error": {
        "rmse": 1.7248550415039063,
        "mae": 1.3883657574653625
    },
    "out_domain_error": {
        "rmse": 1.7416217565536498,
        "mae": 1.4081284046173095
    },
    "predictive": {
        "kl_div": 1.4142388105392456,
        "mean_diff": 1.1200827360153198,
        "std_diff": 0.7367310523986816
    },
    "predictive_in_domain": {
        "kl_div": 1.4991042613983154,
        "mean_diff": 1.165079116821289,
        "std_diff": 0.736312985420227
    },
    "predictive_out_domain": {
        "kl_div": 1.4484703540802002,
        "mean_diff": 1.12958824634552,
        "std_diff": 0.7373765110969543
    }
}