{
    "test_error": {
        "rmse": 10.054583168029785,
        "mae": 8.129889822006225
    },
    "in_domain_error": {
        "rmse": 9.471219348907471,
        "mae": 7.659399223327637
    },
    "out_domain_error": {
        "rmse": 11.387845134735107,
        "mae": 9.311776161193848
    },
    "predictive": {
        "kl_div": 93.52621459960938,
        "mean_diff": 7.840973377227783,
        "std_diff": 8.874251365661621
    },
    "predictive_in_domain": {
        "kl_div": 87.14645385742188,
        "mean_diff": 7.516090393066406,
        "std_diff": 8.60896110534668
    },
    "predictive_out_domain": {
        "kl_div": 111.54439544677734,
        "mean_diff": 9.091744422912598,
        "std_diff": 9.129020690917969
    }
}