{
    "test_error": {
        "rmse": 2.4306734800338745,
        "mae": 1.9302159190177917
    },
    "in_domain_error": {
        "rmse": 2.4212931632995605,
        "mae": 1.9359455227851867
    },
    "out_domain_error": {
        "rmse": 2.467542362213135,
        "mae": 1.9913166522979737
    },
    "predictive": {
        "kl_div": 0.400179386138916,
        "mean_diff": 1.1703791618347168,
        "std_diff": 0.6321060657501221
    },
    "predictive_in_domain": {
        "kl_div": 0.5159379839897156,
        "mean_diff": 1.1409239768981934,
        "std_diff": 0.9190171957015991
    },
    "predictive_out_domain": {
        "kl_div": 0.33620405197143555,
        "mean_diff": 1.1795207262039185,
        "std_diff": 0.4563826322555542
    }
}