{
    "test_rmse": 1.7743420004844666,
    "test_in_domain_rmse": 1.7059147953987122,
    "test_out_domain_rmse": 1.783816635608673,
    "predictive": {
        "kl_div": 4.327792784356619,
        "mean_diff": 1.253538727760315,
        "var_diff": 1.0344350337982178,
        "std_diff": 0.3812064528465271
    },
    "predictive_in_domain": {
        "kl_div": 3.6296106923536557,
        "mean_diff": 0.9058292508125305,
        "var_diff": 0.11124899238348007,
        "std_diff": 0.05355604365468025
    },
    "predictive_out_domain": {
        "kl_div": 5.722592232678809,
        "mean_diff": 1.1952130794525146,
        "var_diff": 6.830564975738525,
        "std_diff": 1.7251636981964111
    }
}