{
    "test_error": {
        "rmse": 2.1710546255111693,
        "mae": 1.6941587448120117
    },
    "in_domain_error": {
        "rmse": 1.968732523918152,
        "mae": 1.5751203060150147
    },
    "out_domain_error": {
        "rmse": 9.290359497070312,
        "mae": 7.186742734909058
    },
    "predictive": {
        "kl_div": 0.23011550307273865,
        "mean_diff": 0.36403632164001465,
        "std_diff": 0.6881972551345825
    },
    "predictive_in_domain": {
        "kl_div": 0.2587050795555115,
        "mean_diff": 0.10685061663389206,
        "std_diff": 0.9096965193748474
    },
    "predictive_out_domain": {
        "kl_div": 9.756382942199707,
        "mean_diff": 6.197994232177734,
        "std_diff": 0.33127620816230774
    }
}