{
    "test_error": {
        "rmse": 2.0607670187950133,
        "mae": 1.6445467472076416
    },
    "in_domain_error": {
        "rmse": 1.9961942553520202,
        "mae": 1.6007116913795472
    },
    "out_domain_error": {
        "rmse": 2.9715212106704714,
        "mae": 2.7980765104293823
    },
    "predictive": {
        "kl_div": 0.3619674742221832,
        "mean_diff": 0.43817266821861267,
        "std_diff": 0.7808982729911804
    },
    "predictive_in_domain": {
        "kl_div": 0.14155694842338562,
        "mean_diff": 0.2397361397743225,
        "std_diff": 0.6425623893737793
    },
    "predictive_out_domain": {
        "kl_div": 6.2907843589782715,
        "mean_diff": 1.788199782371521,
        "std_diff": 5.8041582107543945
    }
}