{
    "test_error": {
        "rmse": 0.9965707421302795,
        "mae": 0.7916975319385529
    },
    "in_domain_error": {
        "rmse": 0.9827396810054779,
        "mae": 0.7862862646579742
    },
    "out_domain_error": {
        "rmse": 1.012971144914627,
        "mae": 0.8064981043338776
    },
    "predictive": {
        "kl_div": 0.0031192589085549116,
        "standardized_mean_diff": 0.0029723728075623512,
        "mean_diff": 0.004240262787789106,
        "std_diff": 0.019572431221604347
    },
    "predictive_in_domain": {
        "kl_div": 0.0009142482304014266,
        "standardized_mean_diff": 0.005410951562225819,
        "mean_diff": 0.0076198033057153225,
        "std_diff": -0.008548841811716557
    },
    "predictive_out_domain": {
        "kl_div": 0.00531082134693861,
        "standardized_mean_diff": 0.005233919247984886,
        "mean_diff": 0.007575019728392363,
        "std_diff": 0.04633782058954239
    }
}