{
    "test_error": {
        "rmse": 0.995093584060669,
        "mae": 0.7895019888877869
    },
    "in_domain_error": {
        "rmse": 0.9841604232788086,
        "mae": 0.7863285064697265
    },
    "out_domain_error": {
        "rmse": 1.0107448399066925,
        "mae": 0.8065141916275025
    },
    "predictive": {
        "kl_div": 0.0028458780143409967,
        "standardized_mean_diff": 0.0035079033114016056,
        "mean_diff": 0.0050142304971814156,
        "std_diff": 0.0194537453353405
    },
    "predictive_in_domain": {
        "kl_div": 0.0007099009235389531,
        "standardized_mean_diff": 0.004795231856405735,
        "mean_diff": 0.006753694266080856,
        "std_diff": -0.008316234685480595
    },
    "predictive_out_domain": {
        "kl_div": 0.004758878145366907,
        "standardized_mean_diff": 0.0037439914885908365,
        "mean_diff": 0.005417658016085625,
        "std_diff": 0.04662833735346794
    }
}