{
    "test_error": {
        "rmse": 2.4328001022338865,
        "mae": 1.9297537684440613
    },
    "in_domain_error": {
        "rmse": 2.4169423580169678,
        "mae": 1.9348569512367249
    },
    "out_domain_error": {
        "rmse": 2.4763018131256103,
        "mae": 1.9801069378852845
    },
    "predictive": {
        "kl_div": 0.3611057996749878,
        "mean_diff": 1.1386911869049072,
        "std_diff": 0.6248371005058289
    },
    "predictive_in_domain": {
        "kl_div": 0.5062543153762817,
        "mean_diff": 1.097507119178772,
        "std_diff": 0.9332382678985596
    },
    "predictive_out_domain": {
        "kl_div": 0.2882392704486847,
        "mean_diff": 1.1639949083328247,
        "std_diff": 0.3191528916358948
    }
}