{
    "test_error": {
        "rmse": 9.659896278381348,
        "mae": 7.787020969390869
    },
    "in_domain_error": {
        "rmse": 9.4855318069458,
        "mae": 7.68976583480835
    },
    "out_domain_error": {
        "rmse": 10.06115789413452,
        "mae": 8.122745513916016
    },
    "predictive": {
        "kl_div": 2109806592.0,
        "mean_diff": 7.982339859008789,
        "std_diff": 10.990540504455566
    },
    "predictive_in_domain": {
        "kl_div": 1881647616.0,
        "mean_diff": 7.712917327880859,
        "std_diff": 10.120654106140137
    },
    "predictive_out_domain": {
        "kl_div": 2502633216.0,
        "mean_diff": 8.13860034942627,
        "std_diff": 11.830183029174805
    }
}