{
    "test_error": {
        "rmse": 1.4073690533638001,
        "mae": 1.1403206586837769
    },
    "in_domain_error": {
        "rmse": 1.4187912464141845,
        "mae": 1.1460952043533326
    },
    "out_domain_error": {
        "rmse": 1.437882673740387,
        "mae": 1.1621761322021484
    },
    "predictive": {
        "kl_div": NaN,
        "mean_diff": 1.1134536266326904,
        "std_diff": 1.6725902557373047
    },
    "predictive_in_domain": {
        "kl_div": NaN,
        "mean_diff": 1.1325504779815674,
        "std_diff": 1.5254626274108887
    },
    "predictive_out_domain": {
        "kl_div": NaN,
        "mean_diff": 1.1551856994628906,
        "std_diff": 1.8149878978729248
    }
}