{
    "test_error": {
        "rmse": 9.55864782333374,
        "mae": 7.723512268066406
    },
    "in_domain_error": {
        "rmse": 9.497740173339844,
        "mae": 7.693051099777222
    },
    "out_domain_error": {
        "rmse": 9.92561388015747,
        "mae": 8.00912446975708
    },
    "predictive": {
        "kl_div": 2170072064.0,
        "mean_diff": 7.7941436767578125,
        "std_diff": 11.193387985229492
    },
    "predictive_in_domain": {
        "kl_div": 1868803072.0,
        "mean_diff": 7.8273444175720215,
        "std_diff": 10.125389099121094
    },
    "predictive_out_domain": {
        "kl_div": 2616481280.0,
        "mean_diff": 8.028607368469238,
        "std_diff": 12.091629028320312
    }
}