{
    "test_error": {
        "rmse": 1.4109191060066224,
        "mae": 1.1472914099693299
    },
    "in_domain_error": {
        "rmse": 1.4160723090171814,
        "mae": 1.146479880809784
    },
    "out_domain_error": {
        "rmse": 1.428896689414978,
        "mae": 1.2318304181098938
    },
    "predictive": {
        "kl_div": 6631093436416.0,
        "mean_diff": 1.1697001457214355,
        "std_diff": 2.0006322860717773
    },
    "predictive_in_domain": {
        "kl_div": 1610058170368.0,
        "mean_diff": 1.1400604248046875,
        "std_diff": 1.5652841329574585
    },
    "predictive_out_domain": {
        "kl_div": 2144926531846144.0,
        "mean_diff": 1.178986668586731,
        "std_diff": 2.3014590740203857
    }
}