{
    "test_error": {
        "rmse": 1.7588270425796508,
        "mae": 1.378804862499237
    },
    "in_domain_error": {
        "rmse": 1.728764569759369,
        "mae": 1.3889437079429627
    },
    "out_domain_error": {
        "rmse": 1.7489069819450378,
        "mae": 1.41035795211792
    },
    "predictive": {
        "kl_div": 1.4945639371871948,
        "mean_diff": 1.1294782161712646,
        "std_diff": 0.746807873249054
    },
    "predictive_in_domain": {
        "kl_div": 1.4164795875549316,
        "mean_diff": 1.113339900970459,
        "std_diff": 0.7374492287635803
    },
    "predictive_out_domain": {
        "kl_div": 1.4983989000320435,
        "mean_diff": 1.155271053314209,
        "std_diff": 0.7397466897964478
    }
}