{
    "test_error": {
        "rmse": 9.650892448425292,
        "mae": 7.75176854133606
    },
    "in_domain_error": {
        "rmse": 9.561150741577148,
        "mae": 7.786263084411621
    },
    "out_domain_error": {
        "rmse": 9.980803871154786,
        "mae": 8.004144763946533
    },
    "predictive": {
        "kl_div": 127.55206298828125,
        "mean_diff": 7.567531108856201,
        "std_diff": 12.017878532409668
    },
    "predictive_in_domain": {
        "kl_div": 104.99189758300781,
        "mean_diff": 7.8880391120910645,
        "std_diff": 10.014741897583008
    },
    "predictive_out_domain": {
        "kl_div": 215.5477752685547,
        "mean_diff": 8.064401626586914,
        "std_diff": 17.055646896362305
    }
}