{
    "test_error": {
        "rmse": 1.0215910136699677,
        "mae": 0.8135863959789276
    },
    "in_domain_error": {
        "rmse": 0.9874564349651337,
        "mae": 0.792879295349121
    },
    "out_domain_error": {
        "rmse": 1.268996012210846,
        "mae": 1.021475124359131
    },
    "predictive": {
        "kl_div": 0.5913749933242798,
        "standardized_mean_diff": 0.09769722074270248,
        "mean_diff": 0.2036932408809662,
        "std_diff": 0.7869788408279419
    },
    "predictive_in_domain": {
        "kl_div": 0.031090904027223587,
        "standardized_mean_diff": 0.054816849529743195,
        "mean_diff": 0.08434160053730011,
        "std_diff": 0.14866678416728973
    },
    "predictive_out_domain": {
        "kl_div": 4.076472282409668,
        "standardized_mean_diff": 0.2228928804397583,
        "mean_diff": 0.765155553817749,
        "std_diff": 2.298245668411255
    }
}