{
    "train": {
        "error": {
            "rmse": 2.6316416263580322,
            "loglikelihood": -2.3939149379730225,
            "mae": 1.9777263402938843
        },
        "predictive_eval": {
            "kl_div_to_data": 82.24815368652344,
            "mean_diff_to_data": 1.9079475402832031,
            "std_diff_to_data": 2.685811996459961
        }
    },
    "test": {
        "error": {
            "rmse": 14.99697494506836,
            "loglikelihood": -9.912574768066406,
            "mae": 9.70602035522461
        },
        "predictive_eval": {
            "kl_div_to_data": 1439.5211181640625,
            "mean_diff_to_data": 10.217375755310059,
            "std_diff_to_data": 3.1352803707122803
        }
    },
    "in_domain": {
        "error": {
            "rmse": 2.8665566444396973,
            "loglikelihood": -2.4640512466430664,
            "mae": 2.136665105819702
        },
        "predictive_eval": {
            "kl_div_to_data": 97.77861022949219,
            "mean_diff_to_data": 2.2195122241973877,
            "std_diff_to_data": 2.6833629608154297
        }
    },
    "out_domain": {
        "error": {
            "rmse": 21.040782928466797,
            "loglikelihood": -17.41299819946289,
            "mae": 17.307079315185547
        },
        "predictive_eval": {
            "kl_div_to_data": 2391.99853515625,
            "mean_diff_to_data": 16.952552795410156,
            "std_diff_to_data": 3.510958194732666
        }
    }
}