{
    "train": {
        "error": {
            "rmse": 2.6549556255340576,
            "loglikelihood": -2.4023289680480957,
            "mae": 1.9895976781845093
        },
        "predictive_eval": {
            "kl_div_to_data": 83.01750946044922,
            "mean_diff_to_data": 1.9032353162765503,
            "std_diff_to_data": 2.6930909156799316
        }
    },
    "test": {
        "error": {
            "rmse": 15.373361587524414,
            "loglikelihood": -10.502615928649902,
            "mae": 9.946276664733887
        },
        "predictive_eval": {
            "kl_div_to_data": 1526.4014892578125,
            "mean_diff_to_data": 10.579957962036133,
            "std_diff_to_data": 3.1172382831573486
        }
    },
    "in_domain": {
        "error": {
            "rmse": 2.873142719268799,
            "loglikelihood": -2.466663122177124,
            "mae": 2.1487815380096436
        },
        "predictive_eval": {
            "kl_div_to_data": 97.80559539794922,
            "mean_diff_to_data": 2.2659804821014404,
            "std_diff_to_data": 2.69358229637146
        }
    },
    "out_domain": {
        "error": {
            "rmse": 21.553668975830078,
            "loglikelihood": -18.577070236206055,
            "mae": 17.745094299316406
        },
        "predictive_eval": {
            "kl_div_to_data": 2520.10107421875,
            "mean_diff_to_data": 17.436996459960938,
            "std_diff_to_data": 3.480905294418335
        }
    }
}