{
    "train": {
        "error": {
            "rmse": 2.6247527599334717,
            "loglikelihood": -2.3916003704071045,
            "mae": 1.9751176834106445
        },
        "predictive_eval": {
            "kl_div_to_data": 81.68351745605469,
            "mean_diff_to_data": 1.8931787014007568,
            "std_diff_to_data": 2.667235851287842
        }
    },
    "test": {
        "error": {
            "rmse": 15.707807540893555,
            "loglikelihood": -11.06902027130127,
            "mae": 10.124690055847168
        },
        "predictive_eval": {
            "kl_div_to_data": 1600.5999755859375,
            "mean_diff_to_data": 10.80288314819336,
            "std_diff_to_data": 3.0687806606292725
        }
    },
    "in_domain": {
        "error": {
            "rmse": 2.86396861076355,
            "loglikelihood": -2.4634363651275635,
            "mae": 2.1352603435516357
        },
        "predictive_eval": {
            "kl_div_to_data": 96.695556640625,
            "mean_diff_to_data": 2.247722625732422,
            "std_diff_to_data": 2.663865566253662
        }
    },
    "out_domain": {
        "error": {
            "rmse": 22.02869987487793,
            "loglikelihood": -19.678054809570312,
            "mae": 18.106481552124023
        },
        "predictive_eval": {
            "kl_div_to_data": 2604.00244140625,
            "mean_diff_to_data": 17.737443923950195,
            "std_diff_to_data": 3.4170985221862793
        }
    }
}