{
    "train": {
        "error": {
            "rmse": 2.6460490226745605,
            "loglikelihood": -2.4017484188079834,
            "mae": 1.974465250968933
        },
        "predictive_eval": {
            "kl_div_to_data": 83.98318481445312,
            "mean_diff_to_data": 1.8982075452804565,
            "std_diff_to_data": 2.7294082641601562
        }
    },
    "test": {
        "error": {
            "rmse": 15.273453712463379,
            "loglikelihood": -9.801032066345215,
            "mae": 9.890335083007812
        },
        "predictive_eval": {
            "kl_div_to_data": 1526.3253173828125,
            "mean_diff_to_data": 10.529386520385742,
            "std_diff_to_data": 3.2092959880828857
        }
    },
    "in_domain": {
        "error": {
            "rmse": 2.90689754486084,
            "loglikelihood": -2.4766910076141357,
            "mae": 2.148658514022827
        },
        "predictive_eval": {
            "kl_div_to_data": 101.63231658935547,
            "mean_diff_to_data": 2.286647081375122,
            "std_diff_to_data": 2.7340354919433594
        }
    },
    "out_domain": {
        "error": {
            "rmse": 21.38953971862793,
            "loglikelihood": -17.11446189880371,
            "mae": 17.619672775268555
        },
        "predictive_eval": {
            "kl_div_to_data": 2504.820556640625,
            "mean_diff_to_data": 17.404991149902344,
            "std_diff_to_data": 3.6267781257629395
        }
    }
}