{
    "train": {
        "error": {
            "rmse": 2.5817012786865234,
            "loglikelihood": -2.3756327629089355,
            "mae": 1.9338792562484741
        },
        "predictive_eval": {
            "kl_div_to_data": 79.90802764892578,
            "mean_diff_to_data": 1.8914340734481812,
            "std_diff_to_data": 2.627146005630493
        }
    },
    "test": {
        "error": {
            "rmse": 14.645456314086914,
            "loglikelihood": -9.844320297241211,
            "mae": 9.41975212097168
        },
        "predictive_eval": {
            "kl_div_to_data": 1477.4052734375,
            "mean_diff_to_data": 10.254733085632324,
            "std_diff_to_data": 3.0722432136535645
        }
    },
    "in_domain": {
        "error": {
            "rmse": 2.8226544857025146,
            "loglikelihood": -2.4487178325653076,
            "mae": 2.0888853073120117
        },
        "predictive_eval": {
            "kl_div_to_data": 93.60771942138672,
            "mean_diff_to_data": 2.1777536869049072,
            "std_diff_to_data": 2.6320745944976807
        }
    },
    "out_domain": {
        "error": {
            "rmse": 20.518484115600586,
            "loglikelihood": -17.202789306640625,
            "mae": 16.740060806274414
        },
        "predictive_eval": {
            "kl_div_to_data": 2330.2119140625,
            "mean_diff_to_data": 16.660179138183594,
            "std_diff_to_data": 3.477856159210205
        }
    }
}