{
    "test_error": {
        "rmse": 1.4881456255912782,
        "mae": 1.2068233251571656
    },
    "in_domain_error": {
        "rmse": 1.4960904598236084,
        "mae": 1.2076718091964722
    },
    "out_domain_error": {
        "rmse": 1.5053165793418883,
        "mae": 1.2370899438858032
    },
    "predictive": {
        "kl_div": 7.130537033081055,
        "mean_diff": 1.1700137853622437,
        "std_diff": 0.9404867887496948
    },
    "predictive_in_domain": {
        "kl_div": 5.063418865203857,
        "mean_diff": 1.1403509378433228,
        "std_diff": 0.5768780708312988
    },
    "predictive_out_domain": {
        "kl_div": 7.699063777923584,
        "mean_diff": 1.1790883541107178,
        "std_diff": 1.0722349882125854
    }
}