{
    "train": {
        "error": {
            "rmse": 1.2452207803726196,
            "loglikelihood": -2.6119258403778076,
            "mae": 0.9692867398262024
        },
        "predictive_eval": {
            "kl_div_to_data": 56.21014404296875,
            "mean_diff_to_data": 0.8783520460128784,
            "std_diff_to_data": 4.798617839813232
        }
    },
    "test": {
        "error": {
            "rmse": 6.828497409820557,
            "loglikelihood": -3.2201473712921143,
            "mae": 4.34481954574585
        },
        "predictive_eval": {
            "kl_div_to_data": 168.99037170410156,
            "mean_diff_to_data": 4.594749927520752,
            "std_diff_to_data": 5.541783332824707
        }
    },
    "in_domain": {
        "error": {
            "rmse": 1.3122849464416504,
            "loglikelihood": -2.61380672454834,
            "mae": 1.0077275037765503
        },
        "predictive_eval": {
            "kl_div_to_data": 56.30204772949219,
            "mean_diff_to_data": 0.9628468155860901,
            "std_diff_to_data": 4.782652854919434
        }
    },
    "out_domain": {
        "error": {
            "rmse": 9.577147483825684,
            "loglikelihood": -3.8244736194610596,
            "mae": 7.6884446144104
        },
        "predictive_eval": {
            "kl_div_to_data": 267.4653015136719,
            "mean_diff_to_data": 7.43031644821167,
            "std_diff_to_data": 6.2914628982543945
        }
    }
}