{
    "train_error": {
        "rmse": 3.065833806991577,
        "loglikelihood": -2.700211763381958
    },
    "test_error": {
        "rmse": 124.16062927246094,
        "loglikelihood": -11.25737476348877
    },
    "in_domain_error": {
        "rmse": 3.6192429065704346,
        "loglikelihood": -2.8720076084136963
    },
    "out_domain_error": {
        "rmse": 176.07562255859375,
        "loglikelihood": -41.846435546875
    },
    "predictive_train": {
        "kl_div": 37.68903732299805,
        "mean_diff": 2.378196954727173,
        "std_diff": 2.445584535598755
    },
    "predictive_test": {
        "kl_div": 33219.88671875,
        "mean_diff": 90.49688720703125,
        "std_diff": 17.754728317260742
    },
    "predictive_in_domain": {
        "kl_div": 50.942161560058594,
        "mean_diff": 2.704148769378662,
        "std_diff": 2.842515230178833
    },
    "predictive_out_domain": {
        "kl_div": 65964.0234375,
        "mean_diff": 176.48617553710938,
        "std_diff": 32.012535095214844
    }
}