{
    "train_error": {
        "rmse": 0.3017555773258209,
        "loglikelihood": -0.443732887506485
    },
    "test_error": {
        "rmse": 39.68356704711914,
        "loglikelihood": -5.460127353668213
    },
    "in_domain_error": {
        "rmse": 0.3022659718990326,
        "loglikelihood": -0.4268893897533417
    },
    "out_domain_error": {
        "rmse": 54.82162094116211,
        "loglikelihood": -10.755622863769531
    },
    "predictive_train": {
        "kl_div": 19.193864822387695,
        "mean_diff": 0.2168232798576355,
        "std_diff": 0.4944806694984436
    },
    "predictive_test": {
        "kl_div": 94876.9140625,
        "mean_diff": 28.7155704498291,
        "std_diff": 10.893333435058594
    },
    "predictive_in_domain": {
        "kl_div": 22.358272552490234,
        "mean_diff": 0.2236182689666748,
        "std_diff": 0.543051540851593
    },
    "predictive_out_domain": {
        "kl_div": 181132.578125,
        "mean_diff": 54.524959564208984,
        "std_diff": 20.18069076538086
    }
}