{
    "test_error": {
        "rmse": 1.0201104760169983,
        "mae": 0.8157209277153015
    },
    "in_domain_error": {
        "rmse": 0.9927744567394257,
        "mae": 0.7932969272136688
    },
    "out_domain_error": {
        "rmse": 1.0780265152454376,
        "mae": 0.8636488556861878
    },
    "predictive": {
        "kl_div": 0.7702279686927795,
        "mean_diff": 0.11821435391902924,
        "std_diff": 0.9258438944816589
    },
    "predictive_in_domain": {
        "kl_div": 0.038498617708683014,
        "mean_diff": 0.06510229408740997,
        "std_diff": 0.17854991555213928
    },
    "predictive_out_domain": {
        "kl_div": 4.9871697425842285,
        "mean_diff": 0.08217993378639221,
        "std_diff": 2.6713247299194336
    }
}