{
    "test_error": {
        "rmse": 2.4331748247146607,
        "mae": 1.923772156238556
    },
    "in_domain_error": {
        "rmse": 2.421721601486206,
        "mae": 1.9388967275619506
    },
    "out_domain_error": {
        "rmse": 2.462292766571045,
        "mae": 1.9692298293113708
    },
    "predictive": {
        "kl_div": 0.5300890207290649,
        "mean_diff": 1.1203296184539795,
        "std_diff": 0.9608774781227112
    },
    "predictive_in_domain": {
        "kl_div": 0.5713545083999634,
        "mean_diff": 1.1650609970092773,
        "std_diff": 0.9894941449165344
    },
    "predictive_out_domain": {
        "kl_div": 0.519059956073761,
        "mean_diff": 1.1299735307693481,
        "std_diff": 0.9336106181144714
    }
}