{
    "test_error": {
        "rmse": 1.755143940448761,
        "mae": 1.412409734725952
    },
    "in_domain_error": {
        "rmse": 1.7587720513343812,
        "mae": 1.4224707722663879
    },
    "out_domain_error": {
        "rmse": 1.7384119033813477,
        "mae": 1.395976436138153
    },
    "predictive": {
        "kl_div": 1.12542724609375,
        "mean_diff": 1.1779791116714478,
        "std_diff": 0.29561755061149597
    },
    "predictive_in_domain": {
        "kl_div": 1.0718861818313599,
        "mean_diff": 1.2058284282684326,
        "std_diff": 0.05870882049202919
    },
    "predictive_out_domain": {
        "kl_div": 1.2513107061386108,
        "mean_diff": 1.1377836465835571,
        "std_diff": 0.5250557661056519
    }
}