{
    "train": {
        "error": {
            "rmse": 0.6669329404830933,
            "loglikelihood": -1.115376591682434,
            "mae": 0.5143126845359802
        },
        "predictive_eval": {
            "kl_div_to_data": 2.845750331878662,
            "mean_diff_to_data": 0.2839701771736145,
            "std_diff_to_data": 0.48875880241394043
        }
    },
    "in_domain": {
        "error": {
            "rmse": 0.8913776874542236,
            "loglikelihood": -1.7183706760406494,
            "mae": 0.6664908528327942
        },
        "predictive_eval": {
            "kl_div_to_data": 3.2566750049591064,
            "mean_diff_to_data": 0.3330230712890625,
            "std_diff_to_data": 0.4970105290412903
        }
    },
    "out_domain": {
        "error": {
            "rmse": 38.983642578125,
            "loglikelihood": -2263.143798828125,
            "mae": 32.046993255615234
        },
        "predictive_eval": {
            "kl_div_to_data": 8039.8505859375,
            "mean_diff_to_data": 29.308481216430664,
            "std_diff_to_data": 13.009247779846191
        }
    }
}