{
    "train": {
        "error": {
            "rmse": 0.5723478198051453,
            "loglikelihood": -1.0719014406204224,
            "mae": 0.4553144574165344
        },
        "predictive_eval": {
            "kl_div_to_data": 5.389494895935059,
            "mean_diff_to_data": 0.412013977766037,
            "std_diff_to_data": 0.6890673637390137
        }
    },
    "in_domain": {
        "error": {
            "rmse": 0.655586302280426,
            "loglikelihood": -1.1190274953842163,
            "mae": 0.5178365111351013
        },
        "predictive_eval": {
            "kl_div_to_data": 6.124428749084473,
            "mean_diff_to_data": 0.47887641191482544,
            "std_diff_to_data": 0.703178346157074
        }
    },
    "out_domain": {
        "error": {
            "rmse": 28.85210609436035,
            "loglikelihood": -6.0281982421875,
            "mae": 24.004995346069336
        },
        "predictive_eval": {
            "kl_div_to_data": 6012.11279296875,
            "mean_diff_to_data": 24.794469833374023,
            "std_diff_to_data": 13.422242164611816
        }
    }
}