{
    "train": {
        "error": {
            "rmse": 0.8111708760261536,
            "loglikelihood": -1.310522437095642,
            "mae": 0.6221417784690857
        },
        "predictive_eval": {
            "kl_div_to_data": 4.413616180419922,
            "mean_diff_to_data": 0.35936975479125977,
            "std_diff_to_data": 0.6166059374809265
        }
    },
    "in_domain": {
        "error": {
            "rmse": 0.8138514161109924,
            "loglikelihood": -1.3295214176177979,
            "mae": 0.6286064386367798
        },
        "predictive_eval": {
            "kl_div_to_data": 4.910132884979248,
            "mean_diff_to_data": 0.42309340834617615,
            "std_diff_to_data": 0.6240044236183167
        }
    },
    "out_domain": {
        "error": {
            "rmse": 35.53843307495117,
            "loglikelihood": -1333.3668212890625,
            "mae": 29.41519546508789
        },
        "predictive_eval": {
            "kl_div_to_data": 6938.74462890625,
            "mean_diff_to_data": 27.135656356811523,
            "std_diff_to_data": 14.176377296447754
        }
    }
}