{
    "train": {
        "error": {
            "rmse": 0.7699511647224426,
            "loglikelihood": -1.2598251104354858,
            "mae": 0.5973844528198242
        },
        "predictive_eval": {
            "kl_div_to_data": 4.181127071380615,
            "mean_diff_to_data": 0.3806881904602051,
            "std_diff_to_data": 0.5842148065567017
        }
    },
    "in_domain": {
        "error": {
            "rmse": 0.8278797268867493,
            "loglikelihood": -1.363813877105713,
            "mae": 0.6463727355003357
        },
        "predictive_eval": {
            "kl_div_to_data": 4.442170143127441,
            "mean_diff_to_data": 0.40481212735176086,
            "std_diff_to_data": 0.5973000526428223
        }
    },
    "out_domain": {
        "error": {
            "rmse": 33.151546478271484,
            "loglikelihood": -1261.0615234375,
            "mae": 27.560205459594727
        },
        "predictive_eval": {
            "kl_div_to_data": 6315.08740234375,
            "mean_diff_to_data": 26.574203491210938,
            "std_diff_to_data": 11.913605690002441
        }
    }
}