{
    "train": {
        "error": {
            "rmse": 0.7208842039108276,
            "loglikelihood": -1.0931593179702759,
            "mae": 0.5600022673606873
        },
        "predictive_eval": {
            "kl_div_to_data": 4.197534084320068,
            "mean_diff_to_data": 0.3813774883747101,
            "std_diff_to_data": 0.5861071348190308
        }
    },
    "in_domain": {
        "error": {
            "rmse": 0.7845127582550049,
            "loglikelihood": -1.1791375875473022,
            "mae": 0.6103505492210388
        },
        "predictive_eval": {
            "kl_div_to_data": 4.435488224029541,
            "mean_diff_to_data": 0.4051840901374817,
            "std_diff_to_data": 0.5975305438041687
        }
    },
    "out_domain": {
        "error": {
            "rmse": 33.11069107055664,
            "loglikelihood": -1016.2115478515625,
            "mae": 27.55592155456543
        },
        "predictive_eval": {
            "kl_div_to_data": 6309.783203125,
            "mean_diff_to_data": 26.51118278503418,
            "std_diff_to_data": 12.023025512695312
        }
    }
}