{
    "train": {
        "error": {
            "rmse": 0.7004479169845581,
            "loglikelihood": -1.1834568977355957,
            "mae": 0.5450794100761414
        },
        "predictive_eval": {
            "kl_div_to_data": 3.339892625808716,
            "mean_diff_to_data": 0.32767143845558167,
            "std_diff_to_data": 0.5255753993988037
        }
    },
    "in_domain": {
        "error": {
            "rmse": 0.776915431022644,
            "loglikelihood": -1.3031402826309204,
            "mae": 0.6032283902168274
        },
        "predictive_eval": {
            "kl_div_to_data": 3.604844808578491,
            "mean_diff_to_data": 0.35323846340179443,
            "std_diff_to_data": 0.5373448729515076
        }
    },
    "out_domain": {
        "error": {
            "rmse": 38.027225494384766,
            "loglikelihood": -1980.474609375,
            "mae": 31.5467472076416
        },
        "predictive_eval": {
            "kl_div_to_data": 8002.27587890625,
            "mean_diff_to_data": 29.54085922241211,
            "std_diff_to_data": 14.54719352722168
        }
    }
}