{
    "train": {
        "error": {
            "rmse": 0.8692846894264221,
            "loglikelihood": -1.3869549036026,
            "mae": 0.6686070561408997
        },
        "predictive_eval": {
            "kl_div_to_data": 5.2665019035339355,
            "mean_diff_to_data": 0.37856414914131165,
            "std_diff_to_data": 0.6937241554260254
        }
    },
    "in_domain": {
        "error": {
            "rmse": 0.8751800656318665,
            "loglikelihood": -1.4151155948638916,
            "mae": 0.6834126114845276
        },
        "predictive_eval": {
            "kl_div_to_data": 5.926697731018066,
            "mean_diff_to_data": 0.4542372226715088,
            "std_diff_to_data": 0.7030744552612305
        }
    },
    "out_domain": {
        "error": {
            "rmse": 36.48917007446289,
            "loglikelihood": -1221.0885009765625,
            "mae": 29.437393188476562
        },
        "predictive_eval": {
            "kl_div_to_data": 7787.22802734375,
            "mean_diff_to_data": 27.905296325683594,
            "std_diff_to_data": 15.731812477111816
        }
    }
}