{
    "train": {
        "error": {
            "rmse": 0.9362914562225342,
            "loglikelihood": -1.4645307064056396,
            "mae": 0.7142536640167236
        },
        "predictive_eval": {
            "kl_div_to_data": 6.2921600341796875,
            "mean_diff_to_data": 0.4613422155380249,
            "std_diff_to_data": 0.7333764433860779
        }
    },
    "in_domain": {
        "error": {
            "rmse": 0.9933335781097412,
            "loglikelihood": -1.568841814994812,
            "mae": 0.7714442610740662
        },
        "predictive_eval": {
            "kl_div_to_data": 6.599052906036377,
            "mean_diff_to_data": 0.47187548875808716,
            "std_diff_to_data": 0.7465431690216064
        }
    },
    "out_domain": {
        "error": {
            "rmse": 30.079286575317383,
            "loglikelihood": -776.921142578125,
            "mae": 24.619688034057617
        },
        "predictive_eval": {
            "kl_div_to_data": 5647.482421875,
            "mean_diff_to_data": 24.042203903198242,
            "std_diff_to_data": 13.66714859008789
        }
    }
}