{
    "train": {
        "error": {
            "rmse": 0.5678093433380127,
            "loglikelihood": -1.0679291486740112,
            "mae": 0.45259571075439453
        },
        "predictive_eval": {
            "kl_div_to_data": 5.196410179138184,
            "mean_diff_to_data": 0.3797387182712555,
            "std_diff_to_data": 0.686808168888092
        }
    },
    "test": {
        "error": {
            "rmse": 22.919832229614258,
            "loglikelihood": -3.5026581287384033,
            "mae": 13.742874145507812
        },
        "predictive_eval": {
            "kl_div_to_data": 4243.2958984375,
            "mean_diff_to_data": 14.977221488952637,
            "std_diff_to_data": 9.138484954833984
        }
    },
    "in_domain": {
        "error": {
            "rmse": 0.6510852575302124,
            "loglikelihood": -1.1174370050430298,
            "mae": 0.5145728588104248
        },
        "predictive_eval": {
            "kl_div_to_data": 5.920759677886963,
            "mean_diff_to_data": 0.4532148540019989,
            "std_diff_to_data": 0.7026275396347046
        }
    },
    "out_domain": {
        "error": {
            "rmse": 32.410343170166016,
            "loglikelihood": -5.901216506958008,
            "mae": 27.003732681274414
        },
        "predictive_eval": {
            "kl_div_to_data": 7885.7109375,
            "mean_diff_to_data": 28.057247161865234,
            "std_diff_to_data": 15.868400573730469
        }
    }
}