{
    "train": {
        "error": {
            "rmse": 0.48938122391700745,
            "loglikelihood": -0.9120222926139832,
            "mae": 0.387203574180603
        },
        "predictive_eval": {
            "kl_div_to_data": 3.498406410217285,
            "mean_diff_to_data": 0.3287408947944641,
            "std_diff_to_data": 0.5458088517189026
        }
    },
    "in_domain": {
        "error": {
            "rmse": 0.5591904520988464,
            "loglikelihood": -0.9580176472663879,
            "mae": 0.4376891553401947
        },
        "predictive_eval": {
            "kl_div_to_data": 3.931633234024048,
            "mean_diff_to_data": 0.35715195536613464,
            "std_diff_to_data": 0.562065064907074
        }
    },
    "out_domain": {
        "error": {
            "rmse": 35.18782424926758,
            "loglikelihood": -7.798649787902832,
            "mae": 28.992033004760742
        },
        "predictive_eval": {
            "kl_div_to_data": 8160.0712890625,
            "mean_diff_to_data": 29.791980743408203,
            "std_diff_to_data": 12.381881713867188
        }
    }
}