{
    "train": {
        "error": {
            "rmse": 0.8598711490631104,
            "loglikelihood": -1.3924750089645386,
            "mae": 0.6662905216217041
        },
        "predictive_eval": {
            "kl_div_to_data": 5.447981357574463,
            "mean_diff_to_data": 0.41165268421173096,
            "std_diff_to_data": 0.6938021183013916
        }
    },
    "in_domain": {
        "error": {
            "rmse": 0.8905866146087646,
            "loglikelihood": -1.4318532943725586,
            "mae": 0.6870412826538086
        },
        "predictive_eval": {
            "kl_div_to_data": 6.069890975952148,
            "mean_diff_to_data": 0.4766414165496826,
            "std_diff_to_data": 0.7012301087379456
        }
    },
    "out_domain": {
        "error": {
            "rmse": 34.4637451171875,
            "loglikelihood": -1127.0225830078125,
            "mae": 27.7340030670166
        },
        "predictive_eval": {
            "kl_div_to_data": 6163.35595703125,
            "mean_diff_to_data": 25.023300170898438,
            "std_diff_to_data": 13.769661903381348
        }
    }
}