{
    "train": {
        "error": {
            "rmse": 0.673751711845398,
            "loglikelihood": -1.0260456800460815,
            "mae": 0.5227545499801636
        },
        "predictive_eval": {
            "kl_div_to_data": 3.3204262256622314,
            "mean_diff_to_data": 0.32819318771362305,
            "std_diff_to_data": 0.5232982039451599
        }
    },
    "in_domain": {
        "error": {
            "rmse": 0.732467770576477,
            "loglikelihood": -1.121949553489685,
            "mae": 0.5624333620071411
        },
        "predictive_eval": {
            "kl_div_to_data": 3.6734046936035156,
            "mean_diff_to_data": 0.35361260175704956,
            "std_diff_to_data": 0.5442020297050476
        }
    },
    "out_domain": {
        "error": {
            "rmse": 37.39710235595703,
            "loglikelihood": -1465.394287109375,
            "mae": 30.627954483032227
        },
        "predictive_eval": {
            "kl_div_to_data": 8001.18798828125,
            "mean_diff_to_data": 29.514089584350586,
            "std_diff_to_data": 14.471332550048828
        }
    }
}