{
    "train": {
        "error": {
            "rmse": 0.6998056173324585,
            "loglikelihood": -1.1559302806854248,
            "mae": 0.5419012904167175
        },
        "predictive_eval": {
            "kl_div_to_data": 3.5178093910217285,
            "mean_diff_to_data": 0.32774677872657776,
            "std_diff_to_data": 0.5476635694503784
        }
    },
    "in_domain": {
        "error": {
            "rmse": 0.8038887977600098,
            "loglikelihood": -1.3505592346191406,
            "mae": 0.6104204058647156
        },
        "predictive_eval": {
            "kl_div_to_data": 3.8965346813201904,
            "mean_diff_to_data": 0.35883787274360657,
            "std_diff_to_data": 0.5567325353622437
        }
    },
    "out_domain": {
        "error": {
            "rmse": 37.98280715942383,
            "loglikelihood": -1884.0068359375,
            "mae": 30.91782569885254
        },
        "predictive_eval": {
            "kl_div_to_data": 8256.6201171875,
            "mean_diff_to_data": 29.916593551635742,
            "std_diff_to_data": 12.532238006591797
        }
    }
}