{
    "train": {
        "error": {
            "rmse": 0.6795533299446106,
            "loglikelihood": -1.1482707262039185,
            "mae": 0.5271815657615662
        },
        "predictive_eval": {
            "kl_div_to_data": 2.8705575466156006,
            "mean_diff_to_data": 0.2977454960346222,
            "std_diff_to_data": 0.4864142835140228
        }
    },
    "in_domain": {
        "error": {
            "rmse": 0.7210821509361267,
            "loglikelihood": -1.19748055934906,
            "mae": 0.5585801601409912
        },
        "predictive_eval": {
            "kl_div_to_data": 3.090620994567871,
            "mean_diff_to_data": 0.3302891254425049,
            "std_diff_to_data": 0.48990246653556824
        }
    },
    "out_domain": {
        "error": {
            "rmse": 36.78382873535156,
            "loglikelihood": -2045.6246337890625,
            "mae": 30.423139572143555
        },
        "predictive_eval": {
            "kl_div_to_data": 7744.33251953125,
            "mean_diff_to_data": 29.49147605895996,
            "std_diff_to_data": 12.208276748657227
        }
    }
}