{
    "train": {
        "error": {
            "rmse": 0.8709505796432495,
            "loglikelihood": -1.4077955484390259,
            "mae": 0.6628760695457458
        },
        "predictive_eval": {
            "kl_div_to_data": 5.156735420227051,
            "mean_diff_to_data": 0.3731030225753784,
            "std_diff_to_data": 0.6886237859725952
        }
    },
    "in_domain": {
        "error": {
            "rmse": 0.9288365840911865,
            "loglikelihood": -1.5270559787750244,
            "mae": 0.7074882388114929
        },
        "predictive_eval": {
            "kl_div_to_data": 5.610530376434326,
            "mean_diff_to_data": 0.413421094417572,
            "std_diff_to_data": 0.6975827217102051
        }
    },
    "out_domain": {
        "error": {
            "rmse": 29.895782470703125,
            "loglikelihood": -863.9808959960938,
            "mae": 24.40778923034668
        },
        "predictive_eval": {
            "kl_div_to_data": 5550.85009765625,
            "mean_diff_to_data": 23.609214782714844,
            "std_diff_to_data": 14.55114459991455
        }
    }
}