{
    "test_error": {
        "rmse": 10.019285964965821,
        "mae": 8.109027862548828
    },
    "in_domain_error": {
        "rmse": 9.411744594573975,
        "mae": 7.602812814712524
    },
    "out_domain_error": {
        "rmse": 11.346169662475585,
        "mae": 9.286260795593261
    },
    "predictive": {
        "kl_div": 2024196096.0,
        "mean_diff": 7.841307640075684,
        "std_diff": 9.817728042602539
    },
    "predictive_in_domain": {
        "kl_div": 1807065344.0,
        "mean_diff": 7.515784740447998,
        "std_diff": 9.553865432739258
    },
    "predictive_out_domain": {
        "kl_div": 2149505024.0,
        "mean_diff": 9.092650413513184,
        "std_diff": 10.071016311645508
    }
}