{
    "test_error": {
        "rmse": 1.4001108169555665,
        "mae": 1.131359076499939
    },
    "in_domain_error": {
        "rmse": 1.4198799014091492,
        "mae": 1.147641134262085
    },
    "out_domain_error": {
        "rmse": 1.4210387587547302,
        "mae": 1.149783992767334
    },
    "predictive": {
        "kl_div": 3709302996992.0,
        "mean_diff": 1.1203776597976685,
        "std_diff": 1.4878283739089966
    },
    "predictive_in_domain": {
        "kl_div": NaN,
        "mean_diff": 1.16501784324646,
        "std_diff": 1.4473965167999268
    },
    "predictive_out_domain": {
        "kl_div": NaN,
        "mean_diff": 1.1299428939819336,
        "std_diff": 1.5266122817993164
    }
}