{"elbo": [8160607819474.014, 1266234758416.4082, 624273340954.7637, 399582667975.45184, 289505720054.85876, 200779620265.81662, 138815848686.26532, 110515033998.11316, 74841667295.01584, 54246058527.421555, 40212668504.06268, 28389689522.464287, 20708087050.377357, 15905394493.258562, 10296623276.142637, 6831305751.529808, 4564408042.090981, 2524071929.7470374, 1535181427.3490899, 958438115.4327061, 593011992.5022731, 425881861.0628733, 289754943.2320143, 192218964.96576267, 139450860.9398553, 108505346.01901095, 97536089.91581899, 74647983.32068995, 59057182.023295246, 53690675.10018181, 39363900.42889303, 41636863.168943845, 32374397.42359032, 28792901.37544583, 24259397.995922603, 27945438.230611764, 19547766.47135176, 21707189.51491911, 18774119.95800111, 14943416.431266563, 16736954.861444745, 15892490.633707771, 13732364.487877704, 13262494.139901724, 13687124.751913665, 11352050.389459085, 12315702.269129675, 11903684.300806625, 12749823.120874532, 11169487.52231595, 10073041.789936226, 9341838.96251144, 9404286.304662509, 10389994.113741223, 9446342.072420113, 9224173.225889176, 9875315.422146823, 9768990.921485597, 9059396.28517515, 8676058.228924707, 8902532.254183665, 8806530.369492628, 8830521.318923878, 8776369.606441127, 8694075.946776798, 8461510.44741914, 8543811.03725701, 8797389.905476315, 9411271.820903882, 10085506.969362497, 8990083.629131736, 10476850.808010258, 13990451.764294669, 11981644.452209327, 8883132.288455516, 9234343.073955161, 8796874.169537775, 8508087.30266404, 8355025.740094689, 8746458.640510926, 8524459.482473567, 8364471.808695392, 8630855.47353479, 8643001.9177937, 8337236.717509259, 8503821.173545666, 8355040.946212, 8334351.588499999, 8511019.667393995, 8338730.912396889, 8317804.91104184, 8305145.008477819, 8432933.513648026, 8300428.341609664, 8375271.52780885, 8313201.4592545545, 8304049.504642265, 8443573.718597863, 8325006.981249269, 8396912.299451536], "rmse": [], "val_rmse": [], "time": 615.2729723453522}