{
    "test_error": {
        "rmse": 1.3959484219551086,
        "mae": 1.1347928404808045
    },
    "in_domain_error": {
        "rmse": 1.4164373278617859,
        "mae": 1.1480705380439757
    },
    "out_domain_error": {
        "rmse": 1.4210865378379822,
        "mae": 1.1453334450721742
    },
    "predictive": {
        "kl_div": 1042673696768.0,
        "mean_diff": 1.1723039150238037,
        "std_diff": 1.416516900062561
    },
    "predictive_in_domain": {
        "kl_div": 1376767705088.0,
        "mean_diff": 1.140801191329956,
        "std_diff": 1.4147063493728638
    },
    "predictive_out_domain": {
        "kl_div": 772169286025216.0,
        "mean_diff": 1.187807321548462,
        "std_diff": 1.418096661567688
    }
}