{
    "train": {
        "error": {
            "rmse": 9.845972061157227,
            "loglikelihood": -3.706031084060669,
            "mae": 7.794546604156494
        },
        "predictive_eval": {
            "kl_div_to_data": 386.9073791503906,
            "mean_diff_to_data": 7.910261154174805,
            "std_diff_to_data": 9.289665222167969
        }
    },
    "in_domain": {
        "error": {
            "rmse": 9.954448699951172,
            "loglikelihood": -3.7175748348236084,
            "mae": 7.857460021972656
        },
        "predictive_eval": {
            "kl_div_to_data": 392.77301025390625,
            "mean_diff_to_data": 7.9302520751953125,
            "std_diff_to_data": 9.300363540649414
        }
    },
    "out_domain": {
        "error": {
            "rmse": 28.339649200439453,
            "loglikelihood": -7.336523532867432,
            "mae": 22.55060386657715
        },
        "predictive_eval": {
            "kl_div_to_data": 1813.757080078125,
            "mean_diff_to_data": 22.49358558654785,
            "std_diff_to_data": 9.348213195800781
        }
    }
}