{
    "train": {
        "error": {
            "rmse": 9.86535358428955,
            "loglikelihood": -3.708944320678711,
            "mae": 7.8024187088012695
        },
        "predictive_eval": {
            "kl_div_to_data": 387.2911682128906,
            "mean_diff_to_data": 7.9193220138549805,
            "std_diff_to_data": 9.296295166015625
        }
    },
    "in_domain": {
        "error": {
            "rmse": 9.95931339263916,
            "loglikelihood": -3.718299150466919,
            "mae": 7.859096050262451
        },
        "predictive_eval": {
            "kl_div_to_data": 393.0356140136719,
            "mean_diff_to_data": 7.950312614440918,
            "std_diff_to_data": 9.29111385345459
        }
    },
    "out_domain": {
        "error": {
            "rmse": 28.337770462036133,
            "loglikelihood": -7.341084957122803,
            "mae": 22.545223236083984
        },
        "predictive_eval": {
            "kl_div_to_data": 1814.2427978515625,
            "mean_diff_to_data": 22.517250061035156,
            "std_diff_to_data": 9.334943771362305
        }
    }
}