{
    "train": {
        "error": {
            "rmse": 9.852535247802734,
            "loglikelihood": -3.7086942195892334,
            "mae": 7.7956414222717285
        },
        "predictive_eval": {
            "kl_div_to_data": 386.7696533203125,
            "mean_diff_to_data": 7.903534412384033,
            "std_diff_to_data": 9.297144889831543
        }
    },
    "in_domain": {
        "error": {
            "rmse": 9.952887535095215,
            "loglikelihood": -3.717195987701416,
            "mae": 7.8533759117126465
        },
        "predictive_eval": {
            "kl_div_to_data": 395.0506896972656,
            "mean_diff_to_data": 7.957695484161377,
            "std_diff_to_data": 9.317950248718262
        }
    },
    "out_domain": {
        "error": {
            "rmse": 28.3663272857666,
            "loglikelihood": -7.229171276092529,
            "mae": 22.581281661987305
        },
        "predictive_eval": {
            "kl_div_to_data": 1814.9849853515625,
            "mean_diff_to_data": 22.50892448425293,
            "std_diff_to_data": 9.353951454162598
        }
    }
}