{
    "train": {
        "error": {
            "rmse": 9.85641860961914,
            "loglikelihood": -3.707692861557007,
            "mae": 7.8018317222595215
        },
        "predictive_eval": {
            "kl_div_to_data": 387.1624450683594,
            "mean_diff_to_data": 7.905627727508545,
            "std_diff_to_data": 9.299559593200684
        }
    },
    "in_domain": {
        "error": {
            "rmse": 9.967597007751465,
            "loglikelihood": -3.7196590900421143,
            "mae": 7.868893623352051
        },
        "predictive_eval": {
            "kl_div_to_data": 392.16851806640625,
            "mean_diff_to_data": 7.93073034286499,
            "std_diff_to_data": 9.291730880737305
        }
    },
    "out_domain": {
        "error": {
            "rmse": 28.357696533203125,
            "loglikelihood": -7.338693141937256,
            "mae": 22.561786651611328
        },
        "predictive_eval": {
            "kl_div_to_data": 1816.875,
            "mean_diff_to_data": 22.522409439086914,
            "std_diff_to_data": 9.360567092895508
        }
    }
}