{
    "train": {
        "error": {
            "rmse": 9.85661506652832,
            "loglikelihood": -3.7074058055877686,
            "mae": 7.799689769744873
        },
        "predictive_eval": {
            "kl_div_to_data": 388.1895751953125,
            "mean_diff_to_data": 7.918672561645508,
            "std_diff_to_data": 9.315713882446289
        }
    },
    "in_domain": {
        "error": {
            "rmse": 9.96792984008789,
            "loglikelihood": -3.7196037769317627,
            "mae": 7.863447666168213
        },
        "predictive_eval": {
            "kl_div_to_data": 393.05706787109375,
            "mean_diff_to_data": 7.933437347412109,
            "std_diff_to_data": 9.30447006225586
        }
    },
    "out_domain": {
        "error": {
            "rmse": 28.360559463500977,
            "loglikelihood": -7.3340044021606445,
            "mae": 22.566268920898438
        },
        "predictive_eval": {
            "kl_div_to_data": 1816.834228515625,
            "mean_diff_to_data": 22.502981185913086,
            "std_diff_to_data": 9.403902053833008
        }
    }
}