{
    "train": {
        "error": {
            "rmse": 9.86948013305664,
            "loglikelihood": -3.7083497047424316,
            "mae": 7.809459209442139
        },
        "predictive_eval": {
            "kl_div_to_data": 388.8317565917969,
            "mean_diff_to_data": 7.910868167877197,
            "std_diff_to_data": 9.332025527954102
        }
    },
    "in_domain": {
        "error": {
            "rmse": 9.960233688354492,
            "loglikelihood": -3.7180874347686768,
            "mae": 7.85979700088501
        },
        "predictive_eval": {
            "kl_div_to_data": 391.8759460449219,
            "mean_diff_to_data": 7.9275360107421875,
            "std_diff_to_data": 9.290034294128418
        }
    },
    "out_domain": {
        "error": {
            "rmse": 28.390079498291016,
            "loglikelihood": -7.3530497550964355,
            "mae": 22.60105323791504
        },
        "predictive_eval": {
            "kl_div_to_data": 1815.9525146484375,
            "mean_diff_to_data": 22.510154724121094,
            "std_diff_to_data": 9.370305061340332
        }
    }
}