{
    "train": {
        "error": {
            "rmse": 9.863557815551758,
            "loglikelihood": -3.7092125415802,
            "mae": 7.807520389556885
        },
        "predictive_eval": {
            "kl_div_to_data": 387.0648193359375,
            "mean_diff_to_data": 7.886880397796631,
            "std_diff_to_data": 9.308088302612305
        }
    },
    "in_domain": {
        "error": {
            "rmse": 9.97484016418457,
            "loglikelihood": -3.718961477279663,
            "mae": 7.871836185455322
        },
        "predictive_eval": {
            "kl_div_to_data": 392.9825439453125,
            "mean_diff_to_data": 7.951470851898193,
            "std_diff_to_data": 9.295193672180176
        }
    },
    "out_domain": {
        "error": {
            "rmse": 28.388229370117188,
            "loglikelihood": -7.407998561859131,
            "mae": 22.586591720581055
        },
        "predictive_eval": {
            "kl_div_to_data": 1815.9149169921875,
            "mean_diff_to_data": 22.503965377807617,
            "std_diff_to_data": 9.373082160949707
        }
    }
}