{
    "train": {
        "error": {
            "rmse": 9.879825592041016,
            "loglikelihood": -3.710430145263672,
            "mae": 7.811537265777588
        },
        "predictive_eval": {
            "kl_div_to_data": 387.9290771484375,
            "mean_diff_to_data": 7.914312362670898,
            "std_diff_to_data": 9.316895484924316
        }
    },
    "in_domain": {
        "error": {
            "rmse": 9.961822509765625,
            "loglikelihood": -3.7195591926574707,
            "mae": 7.856724739074707
        },
        "predictive_eval": {
            "kl_div_to_data": 393.6647644042969,
            "mean_diff_to_data": 7.937323093414307,
            "std_diff_to_data": 9.312026977539062
        }
    },
    "out_domain": {
        "error": {
            "rmse": 28.382902145385742,
            "loglikelihood": -7.427463054656982,
            "mae": 22.58245849609375
        },
        "predictive_eval": {
            "kl_div_to_data": 1814.244140625,
            "mean_diff_to_data": 22.49912452697754,
            "std_diff_to_data": 9.365126609802246
        }
    }
}