{
    "train": {
        "error": {
            "rmse": 9.854621887207031,
            "loglikelihood": -3.7068893909454346,
            "mae": 7.800113201141357
        },
        "predictive_eval": {
            "kl_div_to_data": 387.0691833496094,
            "mean_diff_to_data": 7.900010585784912,
            "std_diff_to_data": 9.306633949279785
        }
    },
    "in_domain": {
        "error": {
            "rmse": 9.955951690673828,
            "loglikelihood": -3.7170960903167725,
            "mae": 7.856468200683594
        },
        "predictive_eval": {
            "kl_div_to_data": 394.16973876953125,
            "mean_diff_to_data": 7.946265697479248,
            "std_diff_to_data": 9.322225570678711
        }
    },
    "out_domain": {
        "error": {
            "rmse": 28.36509895324707,
            "loglikelihood": -7.334097385406494,
            "mae": 22.567642211914062
        },
        "predictive_eval": {
            "kl_div_to_data": 1816.73974609375,
            "mean_diff_to_data": 22.524045944213867,
            "std_diff_to_data": 9.362968444824219
        }
    }
}