{
    "train": {
        "error": {
            "rmse": 9.84941577911377,
            "loglikelihood": -3.7069172859191895,
            "mae": 7.790665626525879
        },
        "predictive_eval": {
            "kl_div_to_data": 386.45849609375,
            "mean_diff_to_data": 7.899917125701904,
            "std_diff_to_data": 9.294638633728027
        }
    },
    "in_domain": {
        "error": {
            "rmse": 9.95202350616455,
            "loglikelihood": -3.7178866863250732,
            "mae": 7.854254245758057
        },
        "predictive_eval": {
            "kl_div_to_data": 392.7261962890625,
            "mean_diff_to_data": 7.94217586517334,
            "std_diff_to_data": 9.2909574508667
        }
    },
    "out_domain": {
        "error": {
            "rmse": 28.334434509277344,
            "loglikelihood": -7.3458571434021,
            "mae": 22.544002532958984
        },
        "predictive_eval": {
            "kl_div_to_data": 1814.377685546875,
            "mean_diff_to_data": 22.51323890686035,
            "std_diff_to_data": 9.30063247680664
        }
    }
}