{
    "train": {
        "error": {
            "rmse": 9.846844673156738,
            "loglikelihood": -3.706320285797119,
            "mae": 7.793834209442139
        },
        "predictive_eval": {
            "kl_div_to_data": 387.1529541015625,
            "mean_diff_to_data": 7.907862186431885,
            "std_diff_to_data": 9.295975685119629
        }
    },
    "in_domain": {
        "error": {
            "rmse": 9.96221923828125,
            "loglikelihood": -3.7187657356262207,
            "mae": 7.866574287414551
        },
        "predictive_eval": {
            "kl_div_to_data": 394.11700439453125,
            "mean_diff_to_data": 7.948661804199219,
            "std_diff_to_data": 9.318782806396484
        }
    },
    "out_domain": {
        "error": {
            "rmse": 28.34781837463379,
            "loglikelihood": -7.354365825653076,
            "mae": 22.55527687072754
        },
        "predictive_eval": {
            "kl_div_to_data": 1815.604736328125,
            "mean_diff_to_data": 22.505708694458008,
            "std_diff_to_data": 9.38270092010498
        }
    }
}