{
    "sites": {
        "net_guide.net.0.weight.loc": [
            -0.01197934802621603,
            0.022761935368180275,
            -0.07847752422094345,
            0.031331006437540054,
            0.04339752346277237,
            0.008785838261246681,
            0.09533409029245377,
            -0.052466560155153275,
            -0.02923867106437683,
            -0.005049915984272957,
            -0.02591901831328869,
            0.031012170016765594,
            -0.04728853702545166,
            -0.020000558346509933,
            0.04001515358686447,
            -0.033837176859378815,
            0.012215969152748585,
            -0.0032161634881049395,
            -0.030342044308781624,
            -0.07080475986003876
        ],
        "net_guide.net.0.weight.scale": [
            0.05623281002044678,
            0.05579210817813873,
            0.05616883933544159,
            0.05636213347315788,
            0.056024812161922455,
            0.05622825026512146,
            0.056490492075681686,
            0.05638277903199196,
            0.05609960854053497,
            0.05586644262075424,
            0.05637498199939728,
            0.056025054305791855,
            0.05638296529650688,
            0.05586376413702965,
            0.05656467005610466,
            0.05589207634329796,
            0.05628141760826111,
            0.05618048086762428,
            0.056154556572437286,
            0.05619213357567787
        ],
        "net_guide.net.0.bias.loc": [
            -0.013235694728791714
        ],
        "net_guide.net.0.bias.scale": [
            0.09706234931945801
        ],
        "likelihood_guide.likelihood._scale.loc": [
            2.2806124687194824
        ],
        "likelihood_guide.likelihood._scale.scale": [
            0.031170209869742393
        ]
    },
    "mean_weight_scale": 0.05812489170403708,
    "min_weight_scale": 0.05579210817813873,
    "max_weight_scale": 0.09706234931945801,
    "likelihood_scale": {
        "mean": 9.788225173950195,
        "std": 0.30178746581077576
    }
}