{
    "sites": {
        "net_guide.net.0.weight.loc": [
            -0.012054909020662308,
            0.02287442609667778,
            -0.07780740410089493,
            0.030870940536260605,
            0.04321039840579033,
            0.008762223646044731,
            0.09518029540777206,
            -0.052503254264593124,
            -0.02979990467429161,
            -0.005143425427377224,
            -0.026252733543515205,
            0.031051848083734512,
            -0.047465529292821884,
            -0.01974160596728325,
            0.03981763496994972,
            -0.03353601321578026,
            0.011862881481647491,
            -0.003301150631159544,
            -0.030301690101623535,
            -0.07122410088777542
        ],
        "net_guide.net.0.weight.scale": [
            0.0561184324324131,
            0.05583512783050537,
            0.056039877235889435,
            0.05639103427529335,
            0.05612260475754738,
            0.056221991777420044,
            0.05652976036071777,
            0.05636470019817352,
            0.05603182315826416,
            0.05591621249914169,
            0.05631733685731888,
            0.05595089867711067,
            0.05621691048145294,
            0.055875569581985474,
            0.056439969688653946,
            0.0559125654399395,
            0.05633502081036568,
            0.056351788341999054,
            0.0562344454228878,
            0.0562112033367157
        ],
        "net_guide.net.0.bias.loc": [
            -0.013259821571409702
        ],
        "net_guide.net.0.bias.scale": [
            0.09707634896039963
        ],
        "likelihood_guide.likelihood._scale.loc": [
            2.282339096069336
        ],
        "likelihood_guide.likelihood._scale.scale": [
            0.031038658693432808
        ]
    },
    "mean_weight_scale": 0.05811874391067596,
    "min_weight_scale": 0.05583512783050537,
    "max_weight_scale": 0.09707634896039963,
    "likelihood_scale": {
        "mean": 9.803457260131836,
        "std": 0.30941107869148254
    }
}