{
    "sites": {
        "net_guide.net.0.weight.loc": [
            -0.01193047221750021,
            0.022856419906020164,
            -0.07805376499891281,
            0.0309753380715847,
            0.043522078543901443,
            0.008848540484905243,
            0.09563188999891281,
            -0.052676454186439514,
            -0.029262272641062737,
            -0.004990255925804377,
            -0.026094436645507812,
            0.030902551487088203,
            -0.0478227399289608,
            -0.02038276195526123,
            0.039851877838373184,
            -0.03361111134290695,
            0.011742095462977886,
            -0.003336175112053752,
            -0.030162397772073746,
            -0.07126793265342712
        ],
        "net_guide.net.0.weight.scale": [
            0.05628105625510216,
            0.05581089109182358,
            0.05605098232626915,
            0.05638616532087326,
            0.056137848645448685,
            0.05630003288388252,
            0.056359391659498215,
            0.05626616254448891,
            0.05599137768149376,
            0.055903125554323196,
            0.05646788328886032,
            0.056053321808576584,
            0.056284207850694656,
            0.05586780607700348,
            0.05648231506347656,
            0.05596334859728813,
            0.05608663335442543,
            0.056233830749988556,
            0.05609291046857834,
            0.05602899193763733
        ],
        "net_guide.net.0.bias.loc": [
            -0.013176970183849335
        ],
        "net_guide.net.0.bias.scale": [
            0.09705864638090134
        ],
        "likelihood_guide.likelihood._scale.loc": [
            2.280874013900757
        ],
        "likelihood_guide.likelihood._scale.scale": [
            0.031073259189724922
        ]
    },
    "mean_weight_scale": 0.058100329978125434,
    "min_weight_scale": 0.05581089109182358,
    "max_weight_scale": 0.09705864638090134,
    "likelihood_scale": {
        "mean": 9.787066459655762,
        "std": 0.2985457181930542
    }
}