{
    "sites": {
        "net_guide.net.0.weight.loc": [
            -0.012238317169249058,
            0.022617777809500694,
            -0.0781063437461853,
            0.031370773911476135,
            0.04343913123011589,
            0.008926445618271828,
            0.09549884498119354,
            -0.052368488162755966,
            -0.029706787317991257,
            -0.005094191525131464,
            -0.0260525681078434,
            0.03094417415559292,
            -0.04790036380290985,
            -0.0200929194688797,
            0.03978509455919266,
            -0.03391719609498978,
            0.011908795684576035,
            -0.0037736650556325912,
            -0.030163109302520752,
            -0.07147248089313507
        ],
        "net_guide.net.0.weight.scale": [
            0.056395940482616425,
            0.05604855343699455,
            0.05625896155834198,
            0.05663991719484329,
            0.05636026710271835,
            0.056526124477386475,
            0.05670329928398132,
            0.056547343730926514,
            0.05619141086935997,
            0.05605539306998253,
            0.05652546510100365,
            0.056164514273405075,
            0.056415386497974396,
            0.05612601712346077,
            0.056664347648620605,
            0.05614710971713066,
            0.05630147084593773,
            0.05641080066561699,
            0.05633104592561722,
            0.05629909411072731
        ],
        "net_guide.net.0.bias.loc": [
            -0.013008072040975094
        ],
        "net_guide.net.0.bias.scale": [
            0.09735052287578583
        ],
        "likelihood_guide.likelihood._scale.loc": [
            2.28033447265625
        ],
        "likelihood_guide.likelihood._scale.scale": [
            0.031038090586662292
        ]
    },
    "mean_weight_scale": 0.05830776123773484,
    "min_weight_scale": 0.05604855343699455,
    "max_weight_scale": 0.09735052287578583,
    "likelihood_scale": {
        "mean": 9.786079406738281,
        "std": 0.3045923113822937
    }
}