{
    "sites": {
        "net_guide.net.0.weight.loc": [
            -0.012027240358293056,
            0.022926000878214836,
            -0.0780947208404541,
            0.030929552391171455,
            0.043852705508470535,
            0.008827140554785728,
            0.09516091644763947,
            -0.05252040922641754,
            -0.029935861006379128,
            -0.005058702547103167,
            -0.025881849229335785,
            0.03086915984749794,
            -0.04762359708547592,
            -0.01985684223473072,
            0.03995716571807861,
            -0.0337865985929966,
            0.012325591407716274,
            -0.003540517296642065,
            -0.03017588146030903,
            -0.07081203162670135
        ],
        "net_guide.net.0.weight.scale": [
            0.056301992386579514,
            0.05587239935994148,
            0.056086719036102295,
            0.05646556615829468,
            0.05621388182044029,
            0.056331343948841095,
            0.0564553365111351,
            0.056386448442935944,
            0.05590325966477394,
            0.05589214339852333,
            0.056291282176971436,
            0.05611550062894821,
            0.05629526823759079,
            0.05581890046596527,
            0.056493036448955536,
            0.05605826899409294,
            0.056223947554826736,
            0.05627288296818733,
            0.05611242726445198,
            0.05617651715874672
        ],
        "net_guide.net.0.bias.loc": [
            -0.012896362692117691
        ],
        "net_guide.net.0.bias.scale": [
            0.09712707251310349
        ],
        "likelihood_guide.likelihood._scale.loc": [
            2.2812042236328125
        ],
        "likelihood_guide.likelihood._scale.scale": [
            0.03146972507238388
        ]
    },
    "mean_weight_scale": 0.05813781881616229,
    "min_weight_scale": 0.05581890046596527,
    "max_weight_scale": 0.09712707251310349,
    "likelihood_scale": {
        "mean": 9.787556648254395,
        "std": 0.30680450797080994
    }
}