{
    "test_error": {
        "rmse": 1.4244477033615113,
        "mae": 1.1603572607040404
    },
    "in_domain_error": {
        "rmse": 1.434138572216034,
        "mae": 1.1593835949897766
    },
    "out_domain_error": {
        "rmse": 1.4396504640579224,
        "mae": 1.181868886947632
    },
    "predictive": {
        "kl_div": 32.474185943603516,
        "mean_diff": 1.1699259281158447,
        "std_diff": 1.189997673034668
    },
    "predictive_in_domain": {
        "kl_div": 23.354793548583984,
        "mean_diff": 1.1403074264526367,
        "std_diff": 0.827112078666687
    },
    "predictive_out_domain": {
        "kl_div": 34.960914611816406,
        "mean_diff": 1.1790249347686768,
        "std_diff": 1.3189021348953247
    }
}