{
    "test_error": {
        "rmse": 1.5547166228294373,
        "mae": 1.1982901096343994
    },
    "in_domain_error": {
        "rmse": 1.4934694528579713,
        "mae": 1.2066510200500489
    },
    "out_domain_error": {
        "rmse": 1.5568350315093995,
        "mae": 1.2351571083068849
    },
    "predictive": {
        "kl_div": 33.605308532714844,
        "standardized_mean_diff": 0.020030552521348,
        "mean_diff": 0.0483454093337059,
        "std_diff": 3.0723519325256348
    },
    "predictive_in_domain": {
        "kl_div": 18.556543350219727,
        "standardized_mean_diff": 0.01606038212776184,
        "mean_diff": 0.056904349476099014,
        "std_diff": 2.367227792739868
    },
    "predictive_out_domain": {
        "kl_div": 155.97384643554688,
        "standardized_mean_diff": 0.01136915571987629,
        "mean_diff": 0.09321215003728867,
        "std_diff": 8.11709976196289
    }
}