{
    "test_error": {
        "rmse": 1.5553675055503846,
        "mae": 1.2020496487617494
    },
    "in_domain_error": {
        "rmse": 1.499861228466034,
        "mae": 1.204500961303711
    },
    "out_domain_error": {
        "rmse": 1.5096738696098329,
        "mae": 1.2716592073440551
    },
    "predictive": {
        "kl_div": 33.605308532714844,
        "mean_diff": 1.1581767797470093,
        "std_diff": 3.0723519325256348
    },
    "predictive_in_domain": {
        "kl_div": 18.556543350219727,
        "mean_diff": 1.1318175792694092,
        "std_diff": 2.367227792739868
    },
    "predictive_out_domain": {
        "kl_div": 155.97384643554688,
        "mean_diff": 1.1407344341278076,
        "std_diff": 8.11709976196289
    }
}