{
    "test_error": {
        "rmse": 1.1129698157310486,
        "mae": 0.8802145779132843
    },
    "in_domain_error": {
        "rmse": 1.0164274513721465,
        "mae": 0.8093692481517791
    },
    "out_domain_error": {
        "rmse": 2.0488362193107603,
        "mae": 1.553666889667511
    },
    "predictive": {
        "kl_div": 1.2902765274047852,
        "mean_diff": 0.32082653045654297,
        "std_diff": 1.2069711685180664
    },
    "predictive_in_domain": {
        "kl_div": 0.25578436255455017,
        "mean_diff": 0.15171484649181366,
        "std_diff": 0.5111747980117798
    },
    "predictive_out_domain": {
        "kl_div": 7.089781761169434,
        "mean_diff": 1.221826195716858,
        "std_diff": 2.8799490928649902
    }
}