{
    "test_error": {
        "rmse": 1.017671376466751,
        "mae": 0.8036573529243469
    },
    "in_domain_error": {
        "rmse": 0.9921283841133117,
        "mae": 0.7881654679775238
    },
    "out_domain_error": {
        "rmse": 1.251898992061615,
        "mae": 1.0180325627326965
    },
    "predictive": {
        "kl_div": 0.5916346311569214,
        "mean_diff": 0.10733751952648163,
        "std_diff": 0.39077433943748474
    },
    "predictive_in_domain": {
        "kl_div": 0.0008380599902011454,
        "mean_diff": 0.03030029684305191,
        "std_diff": 0.008334510959684849
    },
    "predictive_out_domain": {
        "kl_div": 12.53929328918457,
        "mean_diff": 0.6651760339736938,
        "std_diff": 3.6531102657318115
    }
}