{
    "train_error": {
        "rmse": 1.1899648904800415,
        "loglikelihood": -3.057823657989502
    },
    "test_error": {
        "rmse": 126.05205535888672,
        "loglikelihood": -31778.466796875
    },
    "in_domain_error": {
        "rmse": 2.6990766525268555,
        "loglikelihood": -14.795819282531738
    },
    "out_domain_error": {
        "rmse": 178.36598205566406,
        "loglikelihood": -63629.06640625
    },
    "predictive_train": {
        "kl_div": 2.289524793624878,
        "mean_diff": 0.8256232738494873,
        "std_diff": 0.10291456431150436
    },
    "predictive_test": {
        "kl_div": 32180.01171875,
        "mean_diff": 90.30554962158203,
        "std_diff": 0.49395421147346497
    },
    "predictive_in_domain": {
        "kl_div": 16.146879196166992,
        "mean_diff": 2.1304917335510254,
        "std_diff": 0.10010292381048203
    },
    "predictive_out_domain": {
        "kl_div": 65759.890625,
        "mean_diff": 179.3607177734375,
        "std_diff": 0.8351013660430908
    }
}