{
    "test_error": {
        "rmse": 0.9993739783763885,
        "mae": 0.7949375569820404
    },
    "in_domain_error": {
        "rmse": 0.9880249381065369,
        "mae": 0.7900075376033783
    },
    "out_domain_error": {
        "rmse": 1.030816340446472,
        "mae": 0.8195905685424805
    },
    "predictive": {
        "kl_div": 0.0050671277567744255,
        "mean_diff": 0.06949151307344437,
        "std_diff": 0.026233742013573647
    },
    "predictive_in_domain": {
        "kl_div": 0.0007161392131820321,
        "mean_diff": 0.028063183650374413,
        "std_diff": 0.007946859113872051
    },
    "predictive_out_domain": {
        "kl_div": 0.017333315685391426,
        "mean_diff": 0.14294025301933289,
        "std_diff": 0.07666720449924469
    }
}