{"test_rmse": 20924.69365234375, "kl_div_normal_baseline": 126.37471946790217, "kl_div_predictive": 5.9679340852817795, "mean_diff_normal_baseline": 21.36141014099121, "mean_diff_predictive": 2832.3310546875, "var_diff_normal_baseline": 193060.125, "var_diff_predictive": 284406048.0, "std_diff_normal_baseline": 438.43206787109375, "std_diff_predictive": 16164.060546875}