{
    "test_error": {
        "rmse": 9.609946060180665,
        "mae": 7.720223665237427
    },
    "in_domain_error": {
        "rmse": 9.506905651092529,
        "mae": 7.731038761138916
    },
    "out_domain_error": {
        "rmse": 9.93869924545288,
        "mae": 7.986256694793701
    },
    "predictive": {
        "kl_div": 2871320832.0,
        "mean_diff": 7.567657947540283,
        "std_diff": 12.957961082458496
    },
    "predictive_in_domain": {
        "kl_div": 2138875904.0,
        "mean_diff": 7.888205528259277,
        "std_diff": 10.941766738891602
    },
    "predictive_out_domain": {
        "kl_div": 5004707328.0,
        "mean_diff": 8.065001487731934,
        "std_diff": 17.99030876159668
    }
}