{
    "test_error": {
        "rmse": 1.3991899371147156,
        "mae": 1.134276556968689
    },
    "in_domain_error": {
        "rmse": 1.4630587816238403,
        "mae": 1.1496813893318176
    },
    "out_domain_error": {
        "rmse": 1.4195468068122863,
        "mae": 1.1464023828506469
    },
    "predictive": {
        "kl_div": -1.0,
        "mean_diff": 1.1317609548568726,
        "std_diff": 1.4145817756652832
    },
    "predictive_in_domain": {
        "kl_div": -1.0,
        "mean_diff": 1.1135070323944092,
        "std_diff": 1.4135544300079346
    },
    "predictive_out_domain": {
        "kl_div": -1.0,
        "mean_diff": 1.1499381065368652,
        "std_diff": 1.4156005382537842
    }
}