{
    "test_error": {
        "rmse": 1.794083333015442,
        "mae": 1.4333082556724548
    },
    "in_domain_error": {
        "rmse": 1.7354092240333556,
        "mae": 1.3904130339622498
    },
    "out_domain_error": {
        "rmse": 1.7989215850830078,
        "mae": 1.4771729111671448
    },
    "predictive": {
        "kl_div": 24.570968627929688,
        "standardized_mean_diff": 0.027214132249355316,
        "mean_diff": 0.08115223795175552,
        "std_diff": 4.1055426597595215
    },
    "predictive_in_domain": {
        "kl_div": 1.2392613887786865,
        "standardized_mean_diff": 0.035131942480802536,
        "mean_diff": 0.06425245851278305,
        "std_diff": 0.4251328110694885
    },
    "predictive_out_domain": {
        "kl_div": 7.854928970336914,
        "standardized_mean_diff": -0.08000515401363373,
        "mean_diff": -0.3532639145851135,
        "std_diff": 3.130023956298828
    }
}