{
    "test_error": {
        "rmse": 4.216751146316528,
        "mae": 3.33624267578125
    },
    "in_domain_error": {
        "rmse": 4.17868332862854,
        "mae": 3.337291407585144
    },
    "out_domain_error": {
        "rmse": 4.271736288070679,
        "mae": 3.3916436433792114
    },
    "predictive": {
        "kl_div": 0.941458523273468,
        "mean_diff": 1.1224702596664429,
        "std_diff": 2.9598569869995117
    },
    "predictive_in_domain": {
        "kl_div": 0.9730872511863708,
        "mean_diff": 1.166366457939148,
        "std_diff": 2.988554000854492
    },
    "predictive_out_domain": {
        "kl_div": 0.9190524816513062,
        "mean_diff": 1.1318459510803223,
        "std_diff": 2.9324638843536377
    }
}