{
    "test_error": {
        "rmse": 1.7139546275138855,
        "mae": 1.3646026849746704
    },
    "in_domain_error": {
        "rmse": 1.7203322768211364,
        "mae": 1.3783185124397277
    },
    "out_domain_error": {
        "rmse": 1.7393787145614623,
        "mae": 1.4022381782531739
    },
    "predictive": {
        "kl_div": 0.9632906317710876,
        "standardized_mean_diff": 0.019157204777002335,
        "mean_diff": 0.027226680889725685,
        "std_diff": 0.038460925221443176
    },
    "predictive_in_domain": {
        "kl_div": 1.0426373481750488,
        "standardized_mean_diff": 0.013946573249995708,
        "mean_diff": 0.01957547292113304,
        "std_diff": 0.00968313030898571
    },
    "predictive_out_domain": {
        "kl_div": 0.9979360103607178,
        "standardized_mean_diff": 0.0013444041833281517,
        "mean_diff": 0.001608633087016642,
        "std_diff": 0.06587427109479904
    }
}