{
    "train": {
        "error": {
            "rmse": 1.2113254070281982,
            "loglikelihood": -3.0656096935272217,
            "mae": 0.9583528637886047
        },
        "predictive_eval": {
            "kl_div_to_data": 2.4802112579345703,
            "mean_diff_to_data": 0.8856132626533508,
            "std_diff_to_data": 0.014988409355282784
        }
    },
    "in_domain": {
        "error": {
            "rmse": 1.2756493091583252,
            "loglikelihood": -3.37028169631958,
            "mae": 1.005001187324524
        },
        "predictive_eval": {
            "kl_div_to_data": 2.6833341121673584,
            "mean_diff_to_data": 0.897552490234375,
            "std_diff_to_data": 0.014919229783117771
        }
    },
    "out_domain": {
        "error": {
            "rmse": 9.609153747558594,
            "loglikelihood": -147.00045776367188,
            "mae": 7.6915602684021
        },
        "predictive_eval": {
            "kl_div_to_data": 182.08737182617188,
            "mean_diff_to_data": 7.526788711547852,
            "std_diff_to_data": 0.059645842760801315
        }
    }
}