{
    "train": {
        "error": {
            "rmse": 1.1538530588150024,
            "loglikelihood": -2.8060901165008545,
            "mae": 0.9162057042121887
        },
        "predictive_eval": {
            "kl_div_to_data": 2.0868422985076904,
            "mean_diff_to_data": 0.8002639412879944,
            "std_diff_to_data": 0.015447367914021015
        }
    },
    "in_domain": {
        "error": {
            "rmse": 1.2143608331680298,
            "loglikelihood": -3.079160451889038,
            "mae": 0.9637987017631531
        },
        "predictive_eval": {
            "kl_div_to_data": 2.574850559234619,
            "mean_diff_to_data": 0.8934150338172913,
            "std_diff_to_data": 0.015355197712779045
        }
    },
    "out_domain": {
        "error": {
            "rmse": 9.515295028686523,
            "loglikelihood": -144.61544799804688,
            "mae": 7.582385540008545
        },
        "predictive_eval": {
            "kl_div_to_data": 176.63316345214844,
            "mean_diff_to_data": 7.41112756729126,
            "std_diff_to_data": 0.05864176154136658
        }
    }
}