{
    "train": {
        "error": {
            "rmse": 1.2230806350708008,
            "loglikelihood": -3.217618703842163,
            "mae": 0.9691463708877563
        },
        "predictive_eval": {
            "kl_div_to_data": 2.4817278385162354,
            "mean_diff_to_data": 0.8777055144309998,
            "std_diff_to_data": 0.015678884461522102
        }
    },
    "in_domain": {
        "error": {
            "rmse": 1.2740716934204102,
            "loglikelihood": -3.471464157104492,
            "mae": 1.0068234205245972
        },
        "predictive_eval": {
            "kl_div_to_data": 2.7765159606933594,
            "mean_diff_to_data": 0.9389057755470276,
            "std_diff_to_data": 0.015354238450527191
        }
    },
    "out_domain": {
        "error": {
            "rmse": 9.682621002197266,
            "loglikelihood": -187.74302673339844,
            "mae": 7.713382244110107
        },
        "predictive_eval": {
            "kl_div_to_data": 186.75680541992188,
            "mean_diff_to_data": 7.5443525314331055,
            "std_diff_to_data": 0.05822005495429039
        }
    }
}