{
    "train": {
        "error": {
            "rmse": 1.1926774978637695,
            "loglikelihood": -2.9789512157440186,
            "mae": 0.9485005736351013
        },
        "predictive_eval": {
            "kl_div_to_data": 2.310913324356079,
            "mean_diff_to_data": 0.8472611308097839,
            "std_diff_to_data": 0.014932936057448387
        }
    },
    "in_domain": {
        "error": {
            "rmse": 1.2349672317504883,
            "loglikelihood": -3.1719322204589844,
            "mae": 0.972947895526886
        },
        "predictive_eval": {
            "kl_div_to_data": 2.692652940750122,
            "mean_diff_to_data": 0.9119479656219482,
            "std_diff_to_data": 0.01561879925429821
        }
    },
    "out_domain": {
        "error": {
            "rmse": 9.695066452026367,
            "loglikelihood": -149.75576782226562,
            "mae": 7.729805946350098
        },
        "predictive_eval": {
            "kl_div_to_data": 187.49339294433594,
            "mean_diff_to_data": 7.577480316162109,
            "std_diff_to_data": 0.06030305474996567
        }
    }
}