{
    "train": {
        "error": {
            "rmse": 1.1679176092147827,
            "loglikelihood": -2.866440534591675,
            "mae": 0.9269569516181946
        },
        "predictive_eval": {
            "kl_div_to_data": 2.216498613357544,
            "mean_diff_to_data": 0.8387300968170166,
            "std_diff_to_data": 0.015404710546135902
        }
    },
    "in_domain": {
        "error": {
            "rmse": 1.217481017112732,
            "loglikelihood": -3.0918900966644287,
            "mae": 0.9632627367973328
        },
        "predictive_eval": {
            "kl_div_to_data": 2.6841230392456055,
            "mean_diff_to_data": 0.9188594222068787,
            "std_diff_to_data": 0.015453762374818325
        }
    },
    "out_domain": {
        "error": {
            "rmse": 9.630547523498535,
            "loglikelihood": -147.80972290039062,
            "mae": 7.700094699859619
        },
        "predictive_eval": {
            "kl_div_to_data": 184.23294067382812,
            "mean_diff_to_data": 7.615179538726807,
            "std_diff_to_data": 0.059168338775634766
        }
    }
}