{
    "train": {
        "error": {
            "rmse": 1.197221040725708,
            "loglikelihood": -3.0924932956695557,
            "mae": 0.9519618153572083
        },
        "predictive_eval": {
            "kl_div_to_data": 2.310913324356079,
            "mean_diff_to_data": 0.8472611308097839,
            "std_diff_to_data": 0.014932936057448387
        }
    },
    "in_domain": {
        "error": {
            "rmse": 1.2382169961929321,
            "loglikelihood": -3.291566848754883,
            "mae": 0.9762172698974609
        },
        "predictive_eval": {
            "kl_div_to_data": 2.692652940750122,
            "mean_diff_to_data": 0.9119479656219482,
            "std_diff_to_data": 0.01561879925429821
        }
    },
    "out_domain": {
        "error": {
            "rmse": 9.697099685668945,
            "loglikelihood": -188.44195556640625,
            "mae": 7.731719493865967
        },
        "predictive_eval": {
            "kl_div_to_data": 187.49339294433594,
            "mean_diff_to_data": 7.577480316162109,
            "std_diff_to_data": 0.06030305474996567
        }
    }
}