{
    "train": {
        "error": {
            "rmse": 1.1720048189163208,
            "loglikelihood": -2.9727070331573486,
            "mae": 0.9301586151123047
        },
        "predictive_eval": {
            "kl_div_to_data": 2.216498613357544,
            "mean_diff_to_data": 0.8387300968170166,
            "std_diff_to_data": 0.015404710546135902
        }
    },
    "in_domain": {
        "error": {
            "rmse": 1.2208839654922485,
            "loglikelihood": -3.207543134689331,
            "mae": 0.9650965929031372
        },
        "predictive_eval": {
            "kl_div_to_data": 2.6841230392456055,
            "mean_diff_to_data": 0.9188594222068787,
            "std_diff_to_data": 0.015453762374818325
        }
    },
    "out_domain": {
        "error": {
            "rmse": 9.633281707763672,
            "loglikelihood": -185.84727478027344,
            "mae": 7.699672222137451
        },
        "predictive_eval": {
            "kl_div_to_data": 184.23294067382812,
            "mean_diff_to_data": 7.615179538726807,
            "std_diff_to_data": 0.059168338775634766
        }
    }
}