{
    "train": {
        "error": {
            "rmse": 1.2100253105163574,
            "loglikelihood": -3.05810284614563,
            "mae": 0.9621726870536804
        },
        "predictive_eval": {
            "kl_div_to_data": 2.3849680423736572,
            "mean_diff_to_data": 0.8762940764427185,
            "std_diff_to_data": 0.015830231830477715
        }
    },
    "test": {
        "error": {
            "rmse": 6.835192680358887,
            "loglikelihood": -74.50543212890625,
            "mae": 4.343323707580566
        },
        "predictive_eval": {
            "kl_div_to_data": 95.7704086303711,
            "mean_diff_to_data": 4.4749531745910645,
            "std_diff_to_data": 0.03999048471450806
        }
    },
    "in_domain": {
        "error": {
            "rmse": 1.2739441394805908,
            "loglikelihood": -3.3615124225616455,
            "mae": 1.0077600479125977
        },
        "predictive_eval": {
            "kl_div_to_data": 2.682311534881592,
            "mean_diff_to_data": 0.9114037752151489,
            "std_diff_to_data": 0.0151683883741498
        }
    },
    "out_domain": {
        "error": {
            "rmse": 9.580622673034668,
            "loglikelihood": -145.3938751220703,
            "mae": 7.674537658691406
        },
        "predictive_eval": {
            "kl_div_to_data": 180.95242309570312,
            "mean_diff_to_data": 7.5090460777282715,
            "std_diff_to_data": 0.06013135612010956
        }
    }
}