{
    "train": {
        "error": {
            "rmse": 1.1776010990142822,
            "loglikelihood": -2.9991910457611084,
            "mae": 0.9389858245849609
        },
        "predictive_eval": {
            "kl_div_to_data": 2.3514740467071533,
            "mean_diff_to_data": 0.8539963960647583,
            "std_diff_to_data": 0.014706970192492008
        }
    },
    "in_domain": {
        "error": {
            "rmse": 1.2278811931610107,
            "loglikelihood": -3.2432942390441895,
            "mae": 0.9755626916885376
        },
        "predictive_eval": {
            "kl_div_to_data": 2.449847459793091,
            "mean_diff_to_data": 0.8804314136505127,
            "std_diff_to_data": 0.015136162750422955
        }
    },
    "out_domain": {
        "error": {
            "rmse": 9.611085891723633,
            "loglikelihood": -185.1410369873047,
            "mae": 7.6824631690979
        },
        "predictive_eval": {
            "kl_div_to_data": 183.49594116210938,
            "mean_diff_to_data": 7.550995349884033,
            "std_diff_to_data": 0.05802987143397331
        }
    }
}