{
    "train": {
        "error": {
            "rmse": 1.188312292098999,
            "loglikelihood": -2.9611847400665283,
            "mae": 0.9382762908935547
        },
        "predictive_eval": {
            "kl_div_to_data": 2.4711484909057617,
            "mean_diff_to_data": 0.8755056262016296,
            "std_diff_to_data": 0.015665974467992783
        }
    },
    "in_domain": {
        "error": {
            "rmse": 1.257171392440796,
            "loglikelihood": -3.2833945751190186,
            "mae": 0.9948707818984985
        },
        "predictive_eval": {
            "kl_div_to_data": 2.6992623805999756,
            "mean_diff_to_data": 0.9031751751899719,
            "std_diff_to_data": 0.015504962764680386
        }
    },
    "out_domain": {
        "error": {
            "rmse": 9.573823928833008,
            "loglikelihood": -145.8665313720703,
            "mae": 7.629067897796631
        },
        "predictive_eval": {
            "kl_div_to_data": 183.1317138671875,
            "mean_diff_to_data": 7.457442283630371,
            "std_diff_to_data": 0.0595439076423645
        }
    }
}