{
    "train": {
        "error": {
            "rmse": 1.191914677619934,
            "loglikelihood": -3.067950487136841,
            "mae": 0.9407734870910645
        },
        "predictive_eval": {
            "kl_div_to_data": 2.4711484909057617,
            "mean_diff_to_data": 0.8755056262016296,
            "std_diff_to_data": 0.015665974467992783
        }
    },
    "in_domain": {
        "error": {
            "rmse": 1.263991355895996,
            "loglikelihood": -3.422457218170166,
            "mae": 0.999018132686615
        },
        "predictive_eval": {
            "kl_div_to_data": 2.6992623805999756,
            "mean_diff_to_data": 0.9031751751899719,
            "std_diff_to_data": 0.015504962764680386
        }
    },
    "out_domain": {
        "error": {
            "rmse": 9.566265106201172,
            "loglikelihood": -183.28562927246094,
            "mae": 7.625370979309082
        },
        "predictive_eval": {
            "kl_div_to_data": 183.1317138671875,
            "mean_diff_to_data": 7.457442283630371,
            "std_diff_to_data": 0.0595439076423645
        }
    }
}