{
    "train": {
        "error": {
            "rmse": 1.1997191905975342,
            "loglikelihood": -3.0128469467163086,
            "mae": 0.9538111686706543
        },
        "predictive_eval": {
            "kl_div_to_data": 2.359100580215454,
            "mean_diff_to_data": 0.8660374879837036,
            "std_diff_to_data": 0.015188314020633698
        }
    },
    "in_domain": {
        "error": {
            "rmse": 1.25771164894104,
            "loglikelihood": -3.28656005859375,
            "mae": 0.9964830279350281
        },
        "predictive_eval": {
            "kl_div_to_data": 2.7851688861846924,
            "mean_diff_to_data": 0.9196923971176147,
            "std_diff_to_data": 0.015221841633319855
        }
    },
    "out_domain": {
        "error": {
            "rmse": 9.58280086517334,
            "loglikelihood": -146.11045837402344,
            "mae": 7.662624359130859
        },
        "predictive_eval": {
            "kl_div_to_data": 178.01898193359375,
            "mean_diff_to_data": 7.466153621673584,
            "std_diff_to_data": 0.059754472225904465
        }
    }
}