{
    "train": {
        "error": {
            "rmse": 1.198646903038025,
            "loglikelihood": -3.007415771484375,
            "mae": 0.9530472159385681
        },
        "predictive_eval": {
            "kl_div_to_data": 2.3622679710388184,
            "mean_diff_to_data": 0.8664212822914124,
            "std_diff_to_data": 0.015129143372178078
        }
    },
    "test": {
        "error": {
            "rmse": 6.829240322113037,
            "loglikelihood": -74.53936004638672,
            "mae": 4.324982643127441
        },
        "predictive_eval": {
            "kl_div_to_data": 96.36176300048828,
            "mean_diff_to_data": 4.447573184967041,
            "std_diff_to_data": 0.03942839428782463
        }
    },
    "in_domain": {
        "error": {
            "rmse": 1.2566394805908203,
            "loglikelihood": -3.2787625789642334,
            "mae": 0.9955628514289856
        },
        "predictive_eval": {
            "kl_div_to_data": 2.7850961685180664,
            "mean_diff_to_data": 0.9187273383140564,
            "std_diff_to_data": 0.015089002437889576
        }
    },
    "out_domain": {
        "error": {
            "rmse": 9.581727027893066,
            "loglikelihood": -146.01914978027344,
            "mae": 7.661601543426514
        },
        "predictive_eval": {
            "kl_div_to_data": 177.9643096923828,
            "mean_diff_to_data": 7.465364456176758,
            "std_diff_to_data": 0.06009870022535324
        }
    }
}