{
    "train": {
        "error": {
            "rmse": 1.214368462562561,
            "loglikelihood": -3.175560235977173,
            "mae": 0.9652471542358398
        },
        "predictive_eval": {
            "kl_div_to_data": 2.389188528060913,
            "mean_diff_to_data": 0.8777239918708801,
            "std_diff_to_data": 0.015011408366262913
        }
    },
    "in_domain": {
        "error": {
            "rmse": 1.278078317642212,
            "loglikelihood": -3.4946212768554688,
            "mae": 1.011574149131775
        },
        "predictive_eval": {
            "kl_div_to_data": 2.681591749191284,
            "mean_diff_to_data": 0.9123666882514954,
            "std_diff_to_data": 0.0155766811221838
        }
    },
    "out_domain": {
        "error": {
            "rmse": 9.578532218933105,
            "loglikelihood": -183.83697509765625,
            "mae": 7.671060085296631
        },
        "predictive_eval": {
            "kl_div_to_data": 180.9108123779297,
            "mean_diff_to_data": 7.509037017822266,
            "std_diff_to_data": 0.060421548783779144
        }
    }
}