{
    "train": {
        "error": {
            "rmse": 1.1582008600234985,
            "loglikelihood": -2.908813238143921,
            "mae": 0.919345498085022
        },
        "predictive_eval": {
            "kl_div_to_data": 2.0868422985076904,
            "mean_diff_to_data": 0.8002639412879944,
            "std_diff_to_data": 0.015447367914021015
        }
    },
    "in_domain": {
        "error": {
            "rmse": 1.2184027433395386,
            "loglikelihood": -3.195622205734253,
            "mae": 0.9668759703636169
        },
        "predictive_eval": {
            "kl_div_to_data": 2.574850559234619,
            "mean_diff_to_data": 0.8934150338172913,
            "std_diff_to_data": 0.015355197712779045
        }
    },
    "out_domain": {
        "error": {
            "rmse": 9.515120506286621,
            "loglikelihood": -181.313720703125,
            "mae": 7.58650541305542
        },
        "predictive_eval": {
            "kl_div_to_data": 176.63316345214844,
            "mean_diff_to_data": 7.41112756729126,
            "std_diff_to_data": 0.05864176154136658
        }
    }
}