{
    "train": {
        "error": {
            "rmse": 1.2100106477737427,
            "loglikelihood": -3.0580906867980957,
            "mae": 0.9621829390525818
        },
        "predictive_eval": {
            "kl_div_to_data": 2.389188528060913,
            "mean_diff_to_data": 0.8777239918708801,
            "std_diff_to_data": 0.015011408366262913
        }
    },
    "in_domain": {
        "error": {
            "rmse": 1.274041771888733,
            "loglikelihood": -3.3637216091156006,
            "mae": 1.0077991485595703
        },
        "predictive_eval": {
            "kl_div_to_data": 2.681591749191284,
            "mean_diff_to_data": 0.9123666882514954,
            "std_diff_to_data": 0.0155766811221838
        }
    },
    "out_domain": {
        "error": {
            "rmse": 9.578349113464355,
            "loglikelihood": -145.61378479003906,
            "mae": 7.671774387359619
        },
        "predictive_eval": {
            "kl_div_to_data": 180.9108123779297,
            "mean_diff_to_data": 7.509037017822266,
            "std_diff_to_data": 0.060421548783779144
        }
    }
}