{
    "train": {
        "error": {
            "rmse": 1.1994097232818604,
            "loglikelihood": -3.0109949111938477,
            "mae": 0.9531745314598083
        },
        "predictive_eval": {
            "kl_div_to_data": 2.35849666595459,
            "mean_diff_to_data": 0.8656470775604248,
            "std_diff_to_data": 0.014940621331334114
        }
    },
    "test": {
        "error": {
            "rmse": 6.836559295654297,
            "loglikelihood": -74.67471313476562,
            "mae": 4.330048084259033
        },
        "predictive_eval": {
            "kl_div_to_data": 96.39028930664062,
            "mean_diff_to_data": 4.448390483856201,
            "std_diff_to_data": 0.04016103968024254
        }
    },
    "in_domain": {
        "error": {
            "rmse": 1.2545561790466309,
            "loglikelihood": -3.268592119216919,
            "mae": 0.9937620162963867
        },
        "predictive_eval": {
            "kl_div_to_data": 2.7854549884796143,
            "mean_diff_to_data": 0.9194495677947998,
            "std_diff_to_data": 0.015290691517293453
        }
    },
    "out_domain": {
        "error": {
            "rmse": 9.58225154876709,
            "loglikelihood": -146.1290740966797,
            "mae": 7.664025783538818
        },
        "predictive_eval": {
            "kl_div_to_data": 177.94686889648438,
            "mean_diff_to_data": 7.46455717086792,
            "std_diff_to_data": 0.059831611812114716
        }
    }
}