{
    "train": {
        "error": {
            "rmse": 1.175718903541565,
            "loglikelihood": -2.900834560394287,
            "mae": 0.9320425987243652
        },
        "predictive_eval": {
            "kl_div_to_data": 2.1933789253234863,
            "mean_diff_to_data": 0.8277766704559326,
            "std_diff_to_data": 0.014929565601050854
        }
    },
    "in_domain": {
        "error": {
            "rmse": 1.2413787841796875,
            "loglikelihood": -3.2051475048065186,
            "mae": 0.9833685755729675
        },
        "predictive_eval": {
            "kl_div_to_data": 2.691422939300537,
            "mean_diff_to_data": 0.9128103256225586,
            "std_diff_to_data": 0.015120524913072586
        }
    },
    "out_domain": {
        "error": {
            "rmse": 9.558349609375,
            "loglikelihood": -144.48391723632812,
            "mae": 7.628032207489014
        },
        "predictive_eval": {
            "kl_div_to_data": 182.5709686279297,
            "mean_diff_to_data": 7.526605606079102,
            "std_diff_to_data": 0.06082572788000107
        }
    }
}