{
    "train": {
        "error": {
            "rmse": 1.2048226594924927,
            "loglikelihood": -3.1294682025909424,
            "mae": 0.9590803980827332
        },
        "predictive_eval": {
            "kl_div_to_data": 2.359100580215454,
            "mean_diff_to_data": 0.8660374879837036,
            "std_diff_to_data": 0.015188314020633698
        }
    },
    "in_domain": {
        "error": {
            "rmse": 1.2636256217956543,
            "loglikelihood": -3.4223670959472656,
            "mae": 1.0009233951568604
        },
        "predictive_eval": {
            "kl_div_to_data": 2.7851688861846924,
            "mean_diff_to_data": 0.9196923971176147,
            "std_diff_to_data": 0.015221841633319855
        }
    },
    "out_domain": {
        "error": {
            "rmse": 9.577613830566406,
            "loglikelihood": -183.70559692382812,
            "mae": 7.66287088394165
        },
        "predictive_eval": {
            "kl_div_to_data": 178.01898193359375,
            "mean_diff_to_data": 7.466153621673584,
            "std_diff_to_data": 0.059754472225904465
        }
    }
}