{
    "train": {
        "error": {
            "rmse": 1.219846487045288,
            "loglikelihood": -3.1043224334716797,
            "mae": 0.9663932919502258
        },
        "predictive_eval": {
            "kl_div_to_data": 2.4817278385162354,
            "mean_diff_to_data": 0.8777055144309998,
            "std_diff_to_data": 0.015678884461522102
        }
    },
    "in_domain": {
        "error": {
            "rmse": 1.26824951171875,
            "loglikelihood": -3.332354784011841,
            "mae": 1.0039082765579224
        },
        "predictive_eval": {
            "kl_div_to_data": 2.7765159606933594,
            "mean_diff_to_data": 0.9389057755470276,
            "std_diff_to_data": 0.015354238450527191
        }
    },
    "out_domain": {
        "error": {
            "rmse": 9.678601264953613,
            "loglikelihood": -149.09825134277344,
            "mae": 7.71435022354126
        },
        "predictive_eval": {
            "kl_div_to_data": 186.75680541992188,
            "mean_diff_to_data": 7.5443525314331055,
            "std_diff_to_data": 0.05822005495429039
        }
    }
}