{
    "train": {
        "error": {
            "rmse": 1.1800599098205566,
            "loglikelihood": -3.011857271194458,
            "mae": 0.9348217248916626
        },
        "predictive_eval": {
            "kl_div_to_data": 2.1933789253234863,
            "mean_diff_to_data": 0.8277766704559326,
            "std_diff_to_data": 0.014929565601050854
        }
    },
    "in_domain": {
        "error": {
            "rmse": 1.2465109825134277,
            "loglikelihood": -3.3362584114074707,
            "mae": 0.9868512153625488
        },
        "predictive_eval": {
            "kl_div_to_data": 2.691422939300537,
            "mean_diff_to_data": 0.9128103256225586,
            "std_diff_to_data": 0.015120524913072586
        }
    },
    "out_domain": {
        "error": {
            "rmse": 9.561993598937988,
            "loglikelihood": -183.09390258789062,
            "mae": 7.633544921875
        },
        "predictive_eval": {
            "kl_div_to_data": 182.5709686279297,
            "mean_diff_to_data": 7.526605606079102,
            "std_diff_to_data": 0.06082572788000107
        }
    }
}