{
    "train": {
        "error": {
            "rmse": 1.1742064952850342,
            "loglikelihood": -2.895382881164551,
            "mae": 0.936032772064209
        },
        "predictive_eval": {
            "kl_div_to_data": 2.3514740467071533,
            "mean_diff_to_data": 0.8539963960647583,
            "std_diff_to_data": 0.014706970192492008
        }
    },
    "in_domain": {
        "error": {
            "rmse": 1.2252683639526367,
            "loglikelihood": -3.132023334503174,
            "mae": 0.973965585231781
        },
        "predictive_eval": {
            "kl_div_to_data": 2.449847459793091,
            "mean_diff_to_data": 0.8804314136505127,
            "std_diff_to_data": 0.015136162750422955
        }
    },
    "out_domain": {
        "error": {
            "rmse": 9.610357284545898,
            "loglikelihood": -146.8696746826172,
            "mae": 7.686653137207031
        },
        "predictive_eval": {
            "kl_div_to_data": 183.49594116210938,
            "mean_diff_to_data": 7.550995349884033,
            "std_diff_to_data": 0.05802987143397331
        }
    }
}