{
    "train": {
        "error": {
            "rmse": 1.1745936870574951,
            "loglikelihood": -2.8976681232452393,
            "mae": 0.9356565475463867
        },
        "predictive_eval": {
            "kl_div_to_data": 2.351638078689575,
            "mean_diff_to_data": 0.85390704870224,
            "std_diff_to_data": 0.015267541632056236
        }
    },
    "test": {
        "error": {
            "rmse": 6.842212677001953,
            "loglikelihood": -74.7695083618164,
            "mae": 4.326390743255615
        },
        "predictive_eval": {
            "kl_div_to_data": 98.60035705566406,
            "mean_diff_to_data": 4.509512424468994,
            "std_diff_to_data": 0.038181986659765244
        }
    },
    "in_domain": {
        "error": {
            "rmse": 1.2250484228134155,
            "loglikelihood": -3.1284565925598145,
            "mae": 0.9738622903823853
        },
        "predictive_eval": {
            "kl_div_to_data": 2.454334020614624,
            "mean_diff_to_data": 0.8820160031318665,
            "std_diff_to_data": 0.015271869488060474
        }
    },
    "out_domain": {
        "error": {
            "rmse": 9.609808921813965,
            "loglikelihood": -146.8131561279297,
            "mae": 7.685037136077881
        },
        "predictive_eval": {
            "kl_div_to_data": 183.4071502685547,
            "mean_diff_to_data": 7.549992084503174,
            "std_diff_to_data": 0.05766412988305092
        }
    }
}