{
    "train": {
        "error": {
            "rmse": 1.215668797492981,
            "loglikelihood": -3.1823818683624268,
            "mae": 0.9628607034683228
        },
        "predictive_eval": {
            "kl_div_to_data": 2.4802112579345703,
            "mean_diff_to_data": 0.8856132626533508,
            "std_diff_to_data": 0.014988409355282784
        }
    },
    "in_domain": {
        "error": {
            "rmse": 1.2792723178863525,
            "loglikelihood": -3.49973464012146,
            "mae": 1.009121060371399
        },
        "predictive_eval": {
            "kl_div_to_data": 2.6833341121673584,
            "mean_diff_to_data": 0.897552490234375,
            "std_diff_to_data": 0.014919229783117771
        }
    },
    "out_domain": {
        "error": {
            "rmse": 9.615839958190918,
            "loglikelihood": -185.2652130126953,
            "mae": 7.693179607391357
        },
        "predictive_eval": {
            "kl_div_to_data": 182.08737182617188,
            "mean_diff_to_data": 7.526788711547852,
            "std_diff_to_data": 0.059645842760801315
        }
    }
}