{
    "train": {
        "error": {
            "rmse": 1.1768783330917358,
            "loglikelihood": -2.907677412033081,
            "mae": 0.9375945925712585
        },
        "predictive_eval": {
            "kl_div_to_data": 2.349717855453491,
            "mean_diff_to_data": 0.8531123995780945,
            "std_diff_to_data": 0.016075745224952698
        }
    },
    "test": {
        "error": {
            "rmse": 6.84929895401001,
            "loglikelihood": -74.9420166015625,
            "mae": 4.328292369842529
        },
        "predictive_eval": {
            "kl_div_to_data": 98.58452606201172,
            "mean_diff_to_data": 4.509624004364014,
            "std_diff_to_data": 0.03957069292664528
        }
    },
    "in_domain": {
        "error": {
            "rmse": 1.2259095907211304,
            "loglikelihood": -3.1336026191711426,
            "mae": 0.9742733836174011
        },
        "predictive_eval": {
            "kl_div_to_data": 2.4549639225006104,
            "mean_diff_to_data": 0.8821249008178711,
            "std_diff_to_data": 0.015429103747010231
        }
    },
    "out_domain": {
        "error": {
            "rmse": 9.61052131652832,
            "loglikelihood": -146.87411499023438,
            "mae": 7.684678554534912
        },
        "predictive_eval": {
            "kl_div_to_data": 183.46377563476562,
            "mean_diff_to_data": 7.551475524902344,
            "std_diff_to_data": 0.05832509696483612
        }
    }
}