{
    "test_error": {
        "rmse": 2.4745118618011475,
        "mae": 1.9385481238365174
    },
    "in_domain_error": {
        "rmse": 1.703279232978821,
        "mae": 1.375590968132019
    },
    "out_domain_error": {
        "rmse": 4.266597080230713,
        "mae": 3.9340099573135374
    },
    "predictive": {
        "kl_div": 148.20875549316406,
        "mean_diff": 1.1555086374282837,
        "std_diff": 13.63049602508545
    },
    "predictive_in_domain": {
        "kl_div": 0.9685119986534119,
        "mean_diff": 1.1376484632492065,
        "std_diff": 0.0426151268184185
    },
    "predictive_out_domain": {
        "kl_div": 1048.3704833984375,
        "mean_diff": 1.397033452987671,
        "std_diff": 43.765621185302734
    }
}