{
    "train": {
        "error": {
            "rmse": 0.5289067029953003,
            "loglikelihood": -1.2689225673675537,
            "mae": 0.4103277325630188
        },
        "predictive_eval": {
            "kl_div_to_data": 1.0091116428375244,
            "mean_diff_to_data": 0.259861558675766,
            "std_diff_to_data": 0.17404109239578247
        }
    },
    "in_domain": {
        "error": {
            "rmse": 0.680885910987854,
            "loglikelihood": -2.2916533946990967,
            "mae": 0.528474748134613
        },
        "predictive_eval": {
            "kl_div_to_data": 1.8034074306488037,
            "mean_diff_to_data": 0.37262871861457825,
            "std_diff_to_data": 0.19255641102790833
        }
    },
    "out_domain": {
        "error": {
            "rmse": 31.661115646362305,
            "loglikelihood": -5570.31201171875,
            "mae": 26.06882095336914
        },
        "predictive_eval": {
            "kl_div_to_data": 5997.5068359375,
            "mean_diff_to_data": 27.032190322875977,
            "std_diff_to_data": 4.26605749130249
        }
    }
}