{
    "train": {
        "error": {
            "rmse": 0.3571106791496277,
            "loglikelihood": -0.48772165179252625,
            "mae": 0.2850433886051178
        },
        "predictive_eval": {
            "kl_div_to_data": 1.0309934616088867,
            "mean_diff_to_data": 0.2624923288822174,
            "std_diff_to_data": 0.18030685186386108
        }
    },
    "in_domain": {
        "error": {
            "rmse": 0.5944473743438721,
            "loglikelihood": -0.9014585614204407,
            "mae": 0.46007266640663147
        },
        "predictive_eval": {
            "kl_div_to_data": 2.094179630279541,
            "mean_diff_to_data": 0.41970595717430115,
            "std_diff_to_data": 0.19268114864826202
        }
    },
    "out_domain": {
        "error": {
            "rmse": 35.06314468383789,
            "loglikelihood": -27.355131149291992,
            "mae": 28.91255760192871
        },
        "predictive_eval": {
            "kl_div_to_data": 7553.36181640625,
            "mean_diff_to_data": 30.359846115112305,
            "std_diff_to_data": 4.860640525817871
        }
    }
}