{
    "train": {
        "error": {
            "rmse": 0.52772057056427,
            "loglikelihood": -1.6342039108276367,
            "mae": 0.41032981872558594
        },
        "predictive_eval": {
            "kl_div_to_data": 1.008956789970398,
            "mean_diff_to_data": 0.26093408465385437,
            "std_diff_to_data": 0.1742766797542572
        }
    },
    "in_domain": {
        "error": {
            "rmse": 0.6606565117835999,
            "loglikelihood": -2.7934892177581787,
            "mae": 0.5107242465019226
        },
        "predictive_eval": {
            "kl_div_to_data": 1.796215295791626,
            "mean_diff_to_data": 0.3733377456665039,
            "std_diff_to_data": 0.1892988681793213
        }
    },
    "out_domain": {
        "error": {
            "rmse": 32.47117233276367,
            "loglikelihood": -7610.72216796875,
            "mae": 26.718847274780273
        },
        "predictive_eval": {
            "kl_div_to_data": 6034.8271484375,
            "mean_diff_to_data": 27.110694885253906,
            "std_diff_to_data": 4.257480621337891
        }
    }
}