{
    "train": {
        "error": {
            "rmse": 0.37924110889434814,
            "loglikelihood": -0.5272083282470703,
            "mae": 0.30311426520347595
        },
        "predictive_eval": {
            "kl_div_to_data": 1.1118261814117432,
            "mean_diff_to_data": 0.27521514892578125,
            "std_diff_to_data": 0.17585140466690063
        }
    },
    "in_domain": {
        "error": {
            "rmse": 0.6338859796524048,
            "loglikelihood": -1.0003536939620972,
            "mae": 0.4928804039955139
        },
        "predictive_eval": {
            "kl_div_to_data": 2.162123441696167,
            "mean_diff_to_data": 0.4194473624229431,
            "std_diff_to_data": 0.1893056184053421
        }
    },
    "out_domain": {
        "error": {
            "rmse": 33.37351989746094,
            "loglikelihood": -26.5375919342041,
            "mae": 27.464162826538086
        },
        "predictive_eval": {
            "kl_div_to_data": 6730.712890625,
            "mean_diff_to_data": 28.54104232788086,
            "std_diff_to_data": 4.718977928161621
        }
    }
}