{
    "train": {
        "error": {
            "rmse": 0.511944591999054,
            "loglikelihood": -1.1712807416915894,
            "mae": 0.3993571400642395
        },
        "predictive_eval": {
            "kl_div_to_data": 0.9041814804077148,
            "mean_diff_to_data": 0.2523116171360016,
            "std_diff_to_data": 0.15694323182106018
        }
    },
    "in_domain": {
        "error": {
            "rmse": 0.6859266757965088,
            "loglikelihood": -2.326439619064331,
            "mae": 0.517166018486023
        },
        "predictive_eval": {
            "kl_div_to_data": 1.830429196357727,
            "mean_diff_to_data": 0.3883648216724396,
            "std_diff_to_data": 0.16806502640247345
        }
    },
    "out_domain": {
        "error": {
            "rmse": 36.44352722167969,
            "loglikelihood": -7379.1796875,
            "mae": 30.034231185913086
        },
        "predictive_eval": {
            "kl_div_to_data": 7746.10009765625,
            "mean_diff_to_data": 31.09498405456543,
            "std_diff_to_data": 4.328165531158447
        }
    }
}