{
    "train": {
        "error": {
            "rmse": 0.5428172945976257,
            "loglikelihood": -1.7695074081420898,
            "mae": 0.423525333404541
        },
        "predictive_eval": {
            "kl_div_to_data": 1.0324286222457886,
            "mean_diff_to_data": 0.2635148763656616,
            "std_diff_to_data": 0.18023867905139923
        }
    },
    "in_domain": {
        "error": {
            "rmse": 0.7297051548957825,
            "loglikelihood": -3.394249677658081,
            "mae": 0.5546852946281433
        },
        "predictive_eval": {
            "kl_div_to_data": 2.1026976108551025,
            "mean_diff_to_data": 0.42098236083984375,
            "std_diff_to_data": 0.19176176190376282
        }
    },
    "out_domain": {
        "error": {
            "rmse": 35.718204498291016,
            "loglikelihood": -9262.4091796875,
            "mae": 29.421558380126953
        },
        "predictive_eval": {
            "kl_div_to_data": 7536.48388671875,
            "mean_diff_to_data": 30.308120727539062,
            "std_diff_to_data": 4.896019458770752
        }
    }
}