{
    "train": {
        "error": {
            "rmse": 0.5039618015289307,
            "loglikelihood": -1.4151285886764526,
            "mae": 0.3929968774318695
        },
        "predictive_eval": {
            "kl_div_to_data": 0.9212952256202698,
            "mean_diff_to_data": 0.2599868178367615,
            "std_diff_to_data": 0.1541644185781479
        }
    },
    "in_domain": {
        "error": {
            "rmse": 0.661408543586731,
            "loglikelihood": -2.7996461391448975,
            "mae": 0.508632242679596
        },
        "predictive_eval": {
            "kl_div_to_data": 1.6115127801895142,
            "mean_diff_to_data": 0.3479921221733093,
            "std_diff_to_data": 0.16560226678848267
        }
    },
    "out_domain": {
        "error": {
            "rmse": 33.650020599365234,
            "loglikelihood": -8064.5048828125,
            "mae": 27.3363094329834
        },
        "predictive_eval": {
            "kl_div_to_data": 6588.6591796875,
            "mean_diff_to_data": 27.890031814575195,
            "std_diff_to_data": 4.538394927978516
        }
    }
}