{
    "train": {
        "error": {
            "rmse": 0.5211154818534851,
            "loglikelihood": -1.5956577062606812,
            "mae": 0.40565070509910583
        },
        "predictive_eval": {
            "kl_div_to_data": 0.9041814804077148,
            "mean_diff_to_data": 0.2523116171360016,
            "std_diff_to_data": 0.15694323182106018
        }
    },
    "in_domain": {
        "error": {
            "rmse": 0.6741266250610352,
            "loglikelihood": -2.814115047454834,
            "mae": 0.5174970030784607
        },
        "predictive_eval": {
            "kl_div_to_data": 1.830429196357727,
            "mean_diff_to_data": 0.3883648216724396,
            "std_diff_to_data": 0.16806502640247345
        }
    },
    "out_domain": {
        "error": {
            "rmse": 35.400020599365234,
            "loglikelihood": -8886.453125,
            "mae": 29.274307250976562
        },
        "predictive_eval": {
            "kl_div_to_data": 7746.10009765625,
            "mean_diff_to_data": 31.09498405456543,
            "std_diff_to_data": 4.328165531158447
        }
    }
}