{
    "train": {
        "error": {
            "rmse": 0.5249805450439453,
            "loglikelihood": -1.6550556421279907,
            "mae": 0.4094395637512207
        },
        "predictive_eval": {
            "kl_div_to_data": 1.0494545698165894,
            "mean_diff_to_data": 0.2694666385650635,
            "std_diff_to_data": 0.17386311292648315
        }
    },
    "in_domain": {
        "error": {
            "rmse": 0.747115433216095,
            "loglikelihood": -3.6929290294647217,
            "mae": 0.5653489232063293
        },
        "predictive_eval": {
            "kl_div_to_data": 2.298187255859375,
            "mean_diff_to_data": 0.4345018267631531,
            "std_diff_to_data": 0.18939308822155
        }
    },
    "out_domain": {
        "error": {
            "rmse": 35.46474075317383,
            "loglikelihood": -9027.9658203125,
            "mae": 28.792022705078125
        },
        "predictive_eval": {
            "kl_div_to_data": 7232.31103515625,
            "mean_diff_to_data": 29.117137908935547,
            "std_diff_to_data": 4.519506931304932
        }
    }
}