{
    "train": {
        "error": {
            "rmse": 0.538418710231781,
            "loglikelihood": -1.6842607259750366,
            "mae": 0.4233112037181854
        },
        "predictive_eval": {
            "kl_div_to_data": 1.0289992094039917,
            "mean_diff_to_data": 0.2640681266784668,
            "std_diff_to_data": 0.1724800169467926
        }
    },
    "in_domain": {
        "error": {
            "rmse": 0.7207849025726318,
            "loglikelihood": -3.430157423019409,
            "mae": 0.5490788221359253
        },
        "predictive_eval": {
            "kl_div_to_data": 2.165928363800049,
            "mean_diff_to_data": 0.40575408935546875,
            "std_diff_to_data": 0.18752455711364746
        }
    },
    "out_domain": {
        "error": {
            "rmse": 35.47411346435547,
            "loglikelihood": -9052.064453125,
            "mae": 29.052783966064453
        },
        "predictive_eval": {
            "kl_div_to_data": 7209.84619140625,
            "mean_diff_to_data": 29.460264205932617,
            "std_diff_to_data": 4.730262756347656
        }
    }
}