{
    "train": {
        "error": {
            "rmse": 0.3716306686401367,
            "loglikelihood": -0.5120789408683777,
            "mae": 0.296394020318985
        },
        "predictive_eval": {
            "kl_div_to_data": 1.1183793544769287,
            "mean_diff_to_data": 0.26878631114959717,
            "std_diff_to_data": 0.18620823323726654
        }
    },
    "in_domain": {
        "error": {
            "rmse": 0.5907148122787476,
            "loglikelihood": -0.8887926340103149,
            "mae": 0.4574173092842102
        },
        "predictive_eval": {
            "kl_div_to_data": 1.9970898628234863,
            "mean_diff_to_data": 0.38781189918518066,
            "std_diff_to_data": 0.20026306807994843
        }
    },
    "out_domain": {
        "error": {
            "rmse": 36.66500473022461,
            "loglikelihood": -28.240095138549805,
            "mae": 29.87264060974121
        },
        "predictive_eval": {
            "kl_div_to_data": 8089.12109375,
            "mean_diff_to_data": 30.985628128051758,
            "std_diff_to_data": 4.778411388397217
        }
    }
}