{
    "train": {
        "error": {
            "rmse": 0.5475704669952393,
            "loglikelihood": -1.836228609085083,
            "mae": 0.4286194443702698
        },
        "predictive_eval": {
            "kl_div_to_data": 1.1103092432022095,
            "mean_diff_to_data": 0.27552029490470886,
            "std_diff_to_data": 0.17562228441238403
        }
    },
    "in_domain": {
        "error": {
            "rmse": 0.7667780518531799,
            "loglikelihood": -3.93114972114563,
            "mae": 0.5876984596252441
        },
        "predictive_eval": {
            "kl_div_to_data": 2.1836342811584473,
            "mean_diff_to_data": 0.4198286533355713,
            "std_diff_to_data": 0.1926305890083313
        }
    },
    "out_domain": {
        "error": {
            "rmse": 33.64895248413086,
            "loglikelihood": -8251.0068359375,
            "mae": 27.623432159423828
        },
        "predictive_eval": {
            "kl_div_to_data": 6722.4775390625,
            "mean_diff_to_data": 28.535564422607422,
            "std_diff_to_data": 4.6998291015625
        }
    }
}