{
    "train": {
        "error": {
            "rmse": 0.5627880692481995,
            "loglikelihood": -1.9032188653945923,
            "mae": 0.43743643164634705
        },
        "predictive_eval": {
            "kl_div_to_data": 1.1145738363265991,
            "mean_diff_to_data": 0.26991400122642517,
            "std_diff_to_data": 0.1849183887243271
        }
    },
    "in_domain": {
        "error": {
            "rmse": 0.7334574460983276,
            "loglikelihood": -3.43912672996521,
            "mae": 0.562981903553009
        },
        "predictive_eval": {
            "kl_div_to_data": 1.9891873598098755,
            "mean_diff_to_data": 0.3874362111091614,
            "std_diff_to_data": 0.19938649237155914
        }
    },
    "out_domain": {
        "error": {
            "rmse": 37.36384582519531,
            "loglikelihood": -9993.5224609375,
            "mae": 30.410913467407227
        },
        "predictive_eval": {
            "kl_div_to_data": 8059.85400390625,
            "mean_diff_to_data": 30.913818359375,
            "std_diff_to_data": 4.826992034912109
        }
    }
}