{
    "train": {
        "error": {
            "rmse": 0.5331241488456726,
            "loglikelihood": -1.293482780456543,
            "mae": 0.41421595215797424
        },
        "predictive_eval": {
            "kl_div_to_data": 1.0435210466384888,
            "mean_diff_to_data": 0.26897767186164856,
            "std_diff_to_data": 0.17200534045696259
        }
    },
    "in_domain": {
        "error": {
            "rmse": 0.7244535684585571,
            "loglikelihood": -2.634033679962158,
            "mae": 0.5500814318656921
        },
        "predictive_eval": {
            "kl_div_to_data": 2.30165696144104,
            "mean_diff_to_data": 0.4348548650741577,
            "std_diff_to_data": 0.18819235265254974
        }
    },
    "out_domain": {
        "error": {
            "rmse": 35.2394905090332,
            "loglikelihood": -6897.68359375,
            "mae": 28.576791763305664
        },
        "predictive_eval": {
            "kl_div_to_data": 7219.99951171875,
            "mean_diff_to_data": 29.084609985351562,
            "std_diff_to_data": 4.524074554443359
        }
    }
}