{
    "train": {
        "error": {
            "rmse": 0.5344460606575012,
            "loglikelihood": -1.726191520690918,
            "mae": 0.41861897706985474
        },
        "predictive_eval": {
            "kl_div_to_data": 0.9515572786331177,
            "mean_diff_to_data": 0.27034300565719604,
            "std_diff_to_data": 0.14663128554821014
        }
    },
    "in_domain": {
        "error": {
            "rmse": 0.686411440372467,
            "loglikelihood": -2.952655792236328,
            "mae": 0.5269618034362793
        },
        "predictive_eval": {
            "kl_div_to_data": 1.8313002586364746,
            "mean_diff_to_data": 0.39096349477767944,
            "std_diff_to_data": 0.1613686978816986
        }
    },
    "out_domain": {
        "error": {
            "rmse": 35.80522537231445,
            "loglikelihood": -9285.4013671875,
            "mae": 29.47159767150879
        },
        "predictive_eval": {
            "kl_div_to_data": 7397.35498046875,
            "mean_diff_to_data": 30.109804153442383,
            "std_diff_to_data": 4.95660924911499
        }
    }
}