{
    "train": {
        "error": {
            "rmse": 0.3642573356628418,
            "loglikelihood": -0.4929349422454834,
            "mae": 0.2901420593261719
        },
        "predictive_eval": {
            "kl_div_to_data": 1.0315080881118774,
            "mean_diff_to_data": 0.2640893757343292,
            "std_diff_to_data": 0.17301268875598907
        }
    },
    "in_domain": {
        "error": {
            "rmse": 0.585467517375946,
            "loglikelihood": -0.8886651992797852,
            "mae": 0.4514046311378479
        },
        "predictive_eval": {
            "kl_div_to_data": 2.150804281234741,
            "mean_diff_to_data": 0.405374139547348,
            "std_diff_to_data": 0.18630795180797577
        }
    },
    "out_domain": {
        "error": {
            "rmse": 34.99697494506836,
            "loglikelihood": -26.868972778320312,
            "mae": 28.624074935913086
        },
        "predictive_eval": {
            "kl_div_to_data": 7207.98388671875,
            "mean_diff_to_data": 29.456628799438477,
            "std_diff_to_data": 4.715671539306641
        }
    }
}