{
    "train": {
        "error": {
            "rmse": 0.5179058313369751,
            "loglikelihood": -1.582267165184021,
            "mae": 0.40388432145118713
        },
        "predictive_eval": {
            "kl_div_to_data": 0.9266617298126221,
            "mean_diff_to_data": 0.27462342381477356,
            "std_diff_to_data": 0.13684804737567902
        }
    },
    "in_domain": {
        "error": {
            "rmse": 0.6516850590705872,
            "loglikelihood": -2.7270426750183105,
            "mae": 0.5055534243583679
        },
        "predictive_eval": {
            "kl_div_to_data": 1.4277806282043457,
            "mean_diff_to_data": 0.3432898223400116,
            "std_diff_to_data": 0.15046392381191254
        }
    },
    "out_domain": {
        "error": {
            "rmse": 38.532958984375,
            "loglikelihood": -10296.099609375,
            "mae": 32.000343322753906
        },
        "predictive_eval": {
            "kl_div_to_data": 8444.236328125,
            "mean_diff_to_data": 32.501068115234375,
            "std_diff_to_data": 4.959897994995117
        }
    }
}