{
    "train": {
        "error": {
            "rmse": 0.3598513603210449,
            "loglikelihood": -0.47316381335258484,
            "mae": 0.28590428829193115
        },
        "predictive_eval": {
            "kl_div_to_data": 0.9099860787391663,
            "mean_diff_to_data": 0.2524319887161255,
            "std_diff_to_data": 0.15748874843120575
        }
    },
    "test": {
        "error": {
            "rmse": 25.440837860107422,
            "loglikelihood": -17.721290588378906,
            "mae": 15.11901569366455
        },
        "predictive_eval": {
            "kl_div_to_data": 3961.941650390625,
            "mean_diff_to_data": 16.17039680480957,
            "std_diff_to_data": 2.398923873901367
        }
    },
    "in_domain": {
        "error": {
            "rmse": 0.5708892345428467,
            "loglikelihood": -0.8638842701911926,
            "mae": 0.4380209445953369
        },
        "predictive_eval": {
            "kl_div_to_data": 1.8390567302703857,
            "mean_diff_to_data": 0.389616996049881,
            "std_diff_to_data": 0.1682218611240387
        }
    },
    "out_domain": {
        "error": {
            "rmse": 35.97781753540039,
            "loglikelihood": -34.87184524536133,
            "mae": 29.820703506469727
        },
        "predictive_eval": {
            "kl_div_to_data": 7753.9375,
            "mean_diff_to_data": 31.10341453552246,
            "std_diff_to_data": 4.355886936187744
        }
    }
}