{
    "train": {
        "error": {
            "rmse": 0.3597496747970581,
            "loglikelihood": -0.4731016159057617,
            "mae": 0.28591176867485046
        },
        "predictive_eval": {
            "kl_div_to_data": 0.9041814804077148,
            "mean_diff_to_data": 0.2523116171360016,
            "std_diff_to_data": 0.15694323182106018
        }
    },
    "in_domain": {
        "error": {
            "rmse": 0.570839524269104,
            "loglikelihood": -0.8626738786697388,
            "mae": 0.4381382167339325
        },
        "predictive_eval": {
            "kl_div_to_data": 1.830429196357727,
            "mean_diff_to_data": 0.3883648216724396,
            "std_diff_to_data": 0.16806502640247345
        }
    },
    "out_domain": {
        "error": {
            "rmse": 35.989784240722656,
            "loglikelihood": -34.671749114990234,
            "mae": 29.821903228759766
        },
        "predictive_eval": {
            "kl_div_to_data": 7746.10009765625,
            "mean_diff_to_data": 31.09498405456543,
            "std_diff_to_data": 4.328165531158447
        }
    }
}