{
    "train": {
        "error": {
            "rmse": 0.3564324975013733,
            "loglikelihood": -0.47152915596961975,
            "mae": 0.2829667031764984
        },
        "predictive_eval": {
            "kl_div_to_data": 0.9097416400909424,
            "mean_diff_to_data": 0.25895002484321594,
            "std_diff_to_data": 0.15141311287879944
        }
    },
    "in_domain": {
        "error": {
            "rmse": 0.5343930721282959,
            "loglikelihood": -0.7959817051887512,
            "mae": 0.4189465641975403
        },
        "predictive_eval": {
            "kl_div_to_data": 1.6213843822479248,
            "mean_diff_to_data": 0.34870946407318115,
            "std_diff_to_data": 0.16656050086021423
        }
    },
    "out_domain": {
        "error": {
            "rmse": 32.99030685424805,
            "loglikelihood": -26.369321823120117,
            "mae": 26.893930435180664
        },
        "predictive_eval": {
            "kl_div_to_data": 6567.7626953125,
            "mean_diff_to_data": 27.84937858581543,
            "std_diff_to_data": 4.50962495803833
        }
    }
}