{
    "predictive": {
        "kl_div": 5.250658294911171,
        "mean_diff": 0.9832903146743774,
        "var_diff": 0.5894309282302856,
        "std_diff": 0.24257557094097137
    },
    "predictive_in_domain": {
        "kl_div": 1.67817978848748,
        "mean_diff": 0.5434777140617371,
        "var_diff": 0.26320376992225647,
        "std_diff": 0.12289693206548691
    },
    "predictive_out_domain": {
        "kl_div": 12.699013601402473,
        "mean_diff": 2.801713705062866,
        "var_diff": 2.1873691082000732,
        "std_diff": 0.7489402890205383
    }
}