{
    "test_error": {
        "rmse": 2.029220724105835,
        "mae": 1.6152209639549255
    },
    "in_domain_error": {
        "rmse": 1.9750191569328308,
        "mae": 1.5735291242599487
    },
    "out_domain_error": {
        "rmse": 2.457586717605591,
        "mae": 1.9148878097534179
    },
    "predictive": {
        "kl_div": 0.2337333709001541,
        "mean_diff": 0.2552676200866699,
        "std_diff": 0.6249265670776367
    },
    "predictive_in_domain": {
        "kl_div": 0.17704036831855774,
        "mean_diff": 0.10569358617067337,
        "std_diff": 0.7574664354324341
    },
    "predictive_out_domain": {
        "kl_div": 1.2245664596557617,
        "mean_diff": 0.9264063239097595,
        "std_diff": 2.3523471355438232
    }
}