{
    "test_error": {
        "rmse": 1.7839367270469666,
        "mae": 1.4352859497070312
    },
    "in_domain_error": {
        "rmse": 1.6859386324882508,
        "mae": 1.3491773843765258
    },
    "out_domain_error": {
        "rmse": 1.8488742113113403,
        "mae": 1.478352701663971
    },
    "predictive": {
        "kl_div": 1.1775850057601929,
        "mean_diff": 1.131864070892334,
        "std_diff": 0.43667876720428467
    },
    "predictive_in_domain": {
        "kl_div": 0.9669406414031982,
        "mean_diff": 1.1307815313339233,
        "std_diff": 0.024977685883641243
    },
    "predictive_out_domain": {
        "kl_div": 1.664968490600586,
        "mean_diff": 1.2266430854797363,
        "std_diff": 0.7854935526847839
    }
}