{
    "train": {
        "error": {
            "rmse": 6.674379825592041,
            "loglikelihood": -246.5800018310547,
            "mae": 5.4060893058776855
        },
        "predictive_eval": {
            "kl_div_to_data": 249.96043395996094,
            "mean_diff_to_data": 5.4163126945495605,
            "std_diff_to_data": 0.007591686211526394
        }
    },
    "test": {
        "error": {
            "rmse": 14.197068214416504,
            "loglikelihood": -1103.55224609375,
            "mae": 10.418777465820312
        },
        "predictive_eval": {
            "kl_div_to_data": 1177.7335205078125,
            "mean_diff_to_data": 10.623590469360352,
            "std_diff_to_data": 0.007629553787410259
        }
    },
    "in_domain": {
        "error": {
            "rmse": 6.688874244689941,
            "loglikelihood": -247.6547393798828,
            "mae": 5.463742256164551
        },
        "predictive_eval": {
            "kl_div_to_data": 265.617431640625,
            "mean_diff_to_data": 5.6743035316467285,
            "std_diff_to_data": 0.007202107924968004
        }
    },
    "out_domain": {
        "error": {
            "rmse": 18.950281143188477,
            "loglikelihood": -1963.6390380859375,
            "mae": 15.394482612609863
        },
        "predictive_eval": {
            "kl_div_to_data": 1929.7567138671875,
            "mean_diff_to_data": 15.103718757629395,
            "std_diff_to_data": 0.007878723554313183
        }
    }
}