{
    "train": {
        "error": {
            "rmse": 6.6734113693237305,
            "loglikelihood": -246.5373992919922,
            "mae": 5.406814098358154
        },
        "predictive_eval": {
            "kl_div_to_data": 249.98049926757812,
            "mean_diff_to_data": 5.4162139892578125,
            "std_diff_to_data": 0.007504679728299379
        }
    },
    "test": {
        "error": {
            "rmse": 14.210638999938965,
            "loglikelihood": -1106.468505859375,
            "mae": 10.430225372314453
        },
        "predictive_eval": {
            "kl_div_to_data": 1177.8277587890625,
            "mean_diff_to_data": 10.6243257522583,
            "std_diff_to_data": 0.007742172107100487
        }
    },
    "in_domain": {
        "error": {
            "rmse": 6.688849925994873,
            "loglikelihood": -247.6803741455078,
            "mae": 5.465223789215088
        },
        "predictive_eval": {
            "kl_div_to_data": 265.6054992675781,
            "mean_diff_to_data": 5.674071788787842,
            "std_diff_to_data": 0.007557314820587635
        }
    },
    "out_domain": {
        "error": {
            "rmse": 18.935277938842773,
            "loglikelihood": -1961.9019775390625,
            "mae": 15.379977226257324
        },
        "predictive_eval": {
            "kl_div_to_data": 1929.6334228515625,
            "mean_diff_to_data": 15.102829933166504,
            "std_diff_to_data": 0.007602469064295292
        }
    }
}