{
    "train": {
        "error": {
            "rmse": 6.67056941986084,
            "loglikelihood": -246.2978057861328,
            "mae": 5.404730796813965
        },
        "predictive_eval": {
            "kl_div_to_data": 250.0087127685547,
            "mean_diff_to_data": 5.41666316986084,
            "std_diff_to_data": 0.007622981909662485
        }
    },
    "test": {
        "error": {
            "rmse": 14.21649169921875,
            "loglikelihood": -1106.5672607421875,
            "mae": 10.432354927062988
        },
        "predictive_eval": {
            "kl_div_to_data": 1177.77001953125,
            "mean_diff_to_data": 10.623740196228027,
            "std_diff_to_data": 0.007591267582029104
        }
    },
    "in_domain": {
        "error": {
            "rmse": 6.68862771987915,
            "loglikelihood": -247.62998962402344,
            "mae": 5.463831901550293
        },
        "predictive_eval": {
            "kl_div_to_data": 265.62518310546875,
            "mean_diff_to_data": 5.6738972663879395,
            "std_diff_to_data": 0.00748455198481679
        }
    },
    "out_domain": {
        "error": {
            "rmse": 18.94418716430664,
            "loglikelihood": -1962.3294677734375,
            "mae": 15.393355369567871
        },
        "predictive_eval": {
            "kl_div_to_data": 1929.6724853515625,
            "mean_diff_to_data": 15.10325813293457,
            "std_diff_to_data": 0.007611119654029608
        }
    }
}