{
    "train": {
        "error": {
            "rmse": 6.675559997558594,
            "loglikelihood": -246.6844940185547,
            "mae": 5.408114910125732
        },
        "predictive_eval": {
            "kl_div_to_data": 249.9264373779297,
            "mean_diff_to_data": 5.416092872619629,
            "std_diff_to_data": 0.007716408930718899
        }
    },
    "test": {
        "error": {
            "rmse": 14.19432544708252,
            "loglikelihood": -1103.380126953125,
            "mae": 10.417323112487793
        },
        "predictive_eval": {
            "kl_div_to_data": 1177.9256591796875,
            "mean_diff_to_data": 10.624519348144531,
            "std_diff_to_data": 0.007994652725756168
        }
    },
    "in_domain": {
        "error": {
            "rmse": 6.684665679931641,
            "loglikelihood": -247.355712890625,
            "mae": 5.459628582000732
        },
        "predictive_eval": {
            "kl_div_to_data": 265.64483642578125,
            "mean_diff_to_data": 5.67445182800293,
            "std_diff_to_data": 0.00730282673612237
        }
    },
    "out_domain": {
        "error": {
            "rmse": 18.944793701171875,
            "loglikelihood": -1962.8316650390625,
            "mae": 15.391191482543945
        },
        "predictive_eval": {
            "kl_div_to_data": 1929.766357421875,
            "mean_diff_to_data": 15.103158950805664,
            "std_diff_to_data": 0.007716561201959848
        }
    }
}