{
    "train": {
        "error": {
            "rmse": 6.682312965393066,
            "loglikelihood": -247.17581176757812,
            "mae": 5.413562774658203
        },
        "predictive_eval": {
            "kl_div_to_data": 249.97511291503906,
            "mean_diff_to_data": 5.4169158935546875,
            "std_diff_to_data": 0.00753958523273468
        }
    },
    "test": {
        "error": {
            "rmse": 14.21452522277832,
            "loglikelihood": -1106.4808349609375,
            "mae": 10.432249069213867
        },
        "predictive_eval": {
            "kl_div_to_data": 1177.7947998046875,
            "mean_diff_to_data": 10.624109268188477,
            "std_diff_to_data": 0.00749169709160924
        }
    },
    "in_domain": {
        "error": {
            "rmse": 6.686375617980957,
            "loglikelihood": -247.4781036376953,
            "mae": 5.460151672363281
        },
        "predictive_eval": {
            "kl_div_to_data": 265.61773681640625,
            "mean_diff_to_data": 5.674160003662109,
            "std_diff_to_data": 0.0076174503192305565
        }
    },
    "out_domain": {
        "error": {
            "rmse": 18.95005989074707,
            "loglikelihood": -1964.0732421875,
            "mae": 15.39636516571045
        },
        "predictive_eval": {
            "kl_div_to_data": 1929.7235107421875,
            "mean_diff_to_data": 15.103407859802246,
            "std_diff_to_data": 0.007541794795542955
        }
    }
}