{
    "sites": {
        "net_guide.net.0.weight.loc": [
            -0.00011027201981050894,
            -0.08143826574087143,
            -0.018589163199067116,
            3.985605001449585,
            -0.03233933821320534,
            -0.005486495792865753,
            3.9913649559020996,
            0.0875777080655098,
            -0.03877692669630051,
            -0.034361597150564194
        ],
        "net_guide.net.0.weight.scale": [
            0.0037163556553423405,
            0.0038196209352463484,
            0.003792958799749613,
            0.003742368659004569,
            0.0038144064601510763,
            0.0037268279120326042,
            0.003791042370721698,
            0.003730531083419919,
            0.003790820250287652,
            0.0037069437094032764
        ],
        "net_guide.net.0.bias.loc": [
            -0.01920807734131813
        ],
        "net_guide.net.0.bias.scale": [
            0.004211823455989361
        ]
    },
    "mean_weight_scale": 0.0038039726628498597,
    "min_weight_scale": 0.0037069437094032764,
    "max_weight_scale": 0.004211823455989361
}