{
    "sites": {
        "net_guide.net.0.weight.loc": [
            -5.8071338571608067e-05,
            -0.08147931843996048,
            -0.018655389547348022,
            3.9857356548309326,
            -0.03213970735669136,
            -0.005429865326732397,
            3.991316556930542,
            0.08768747001886368,
            -0.038566119968891144,
            -0.03406544774770737
        ],
        "net_guide.net.0.weight.scale": [
            0.003806870896369219,
            0.003838970558717847,
            0.0038042727392166853,
            0.003764403983950615,
            0.003792852396145463,
            0.0038417025934904814,
            0.0038454728201031685,
            0.003824100596830249,
            0.003783064428716898,
            0.003762299194931984
        ],
        "net_guide.net.0.bias.loc": [
            -0.019442684948444366
        ],
        "net_guide.net.0.bias.scale": [
            0.004240421112626791
        ]
    },
    "mean_weight_scale": 0.003845857392827218,
    "min_weight_scale": 0.003762299194931984,
    "max_weight_scale": 0.004240421112626791
}