{
    "sites": {
        "net_guide.net.0.weight.loc": [
            -7.705498137511313e-05,
            -0.08145042508840561,
            -0.01871294528245926,
            3.985765218734741,
            -0.03243853151798248,
            -0.005580581724643707,
            3.9915714263916016,
            0.08772382885217667,
            -0.03849407657980919,
            -0.03419795259833336
        ],
        "net_guide.net.0.weight.scale": [
            0.003918493632227182,
            0.003768464783206582,
            0.0038131154142320156,
            0.003765369998291135,
            0.00383073091506958,
            0.003815159434452653,
            0.0038552770856767893,
            0.003856501542031765,
            0.003730488708242774,
            0.0037778024561703205
        ],
        "net_guide.net.0.bias.loc": [
            -0.019376829266548157
        ],
        "net_guide.net.0.bias.scale": [
            0.004266590811312199
        ]
    },
    "mean_weight_scale": 0.0038543631619011812,
    "min_weight_scale": 0.003730488708242774,
    "max_weight_scale": 0.004266590811312199
}