{
    "sites": {
        "net_guide.net.0.weight.loc": [
            -4.315968544688076e-05,
            -0.08137395232915878,
            -0.018569592386484146,
            3.9857430458068848,
            -0.03220989182591438,
            -0.005279303062707186,
            3.9914910793304443,
            0.08758125454187393,
            -0.038602735847234726,
            -0.034229129552841187
        ],
        "net_guide.net.0.weight.scale": [
            0.003909210674464703,
            0.0038271178491413593,
            0.003781513310968876,
            0.0038583059795200825,
            0.003835354931652546,
            0.0037775845266878605,
            0.003813051851466298,
            0.0038276270497590303,
            0.003836117684841156,
            0.0037669215817004442
        ],
        "net_guide.net.0.bias.loc": [
            -0.019381793215870857
        ],
        "net_guide.net.0.bias.scale": [
            0.004254831466823816
        ]
    },
    "mean_weight_scale": 0.0038625124460932884,
    "min_weight_scale": 0.0037669215817004442,
    "max_weight_scale": 0.004254831466823816
}