{
    "test_error": {
        "rmse": 0.8403667867183685,
        "mae": 0.6679874897003174
    },
    "in_domain_error": {
        "rmse": 0.6225078701972961,
        "mae": 0.47560068070888517
    },
    "out_domain_error": {
        "rmse": 1.6231624007225036,
        "mae": 1.4075001537799836
    },
    "predictive": {
        "kl_div": 23.57984733581543,
        "mean_diff": 0.4613794684410095,
        "std_diff": 2.4478490352630615
    },
    "predictive_in_domain": {
        "kl_div": 2.6618266105651855,
        "mean_diff": 0.26866716146469116,
        "std_diff": 0.8746814727783203
    },
    "predictive_out_domain": {
        "kl_div": 102.21135711669922,
        "mean_diff": 1.1990164518356323,
        "std_diff": 6.558125019073486
    }
}