{
    "test_error": {
        "rmse": 4.2200174808502195,
        "mae": 3.3472489595413206
    },
    "in_domain_error": {
        "rmse": 4.17818169593811,
        "mae": 3.339181923866272
    },
    "out_domain_error": {
        "rmse": 4.294012260437012,
        "mae": 3.407538056373596
    },
    "predictive": {
        "kl_div": 0.803797721862793,
        "mean_diff": 1.1387639045715332,
        "std_diff": 2.7902231216430664
    },
    "predictive_in_domain": {
        "kl_div": 0.9302982091903687,
        "mean_diff": 1.134151816368103,
        "std_diff": 2.9440414905548096
    },
    "predictive_out_domain": {
        "kl_div": 0.7104377150535583,
        "mean_diff": 1.1971889734268188,
        "std_diff": 2.647237539291382
    }
}