{
    "train": {
        "error": {
            "rmse": 0.6867333650588989,
            "loglikelihood": -1.0441430807113647,
            "mae": 0.539012610912323
        },
        "predictive_eval": {
            "kl_div_to_data": 0.5318389534950256,
            "mean_diff_to_data": 0.31236910820007324,
            "std_diff_to_data": 0.2463243156671524
        }
    },
    "in_domain": {
        "error": {
            "rmse": 0.7250511050224304,
            "loglikelihood": -1.1034743785858154,
            "mae": 0.5740730166435242
        },
        "predictive_eval": {
            "kl_div_to_data": 0.6339585185050964,
            "mean_diff_to_data": 0.35655269026756287,
            "std_diff_to_data": 0.24728108942508698
        }
    },
    "out_domain": {
        "error": {
            "rmse": 11.99778938293457,
            "loglikelihood": -169.7227020263672,
            "mae": 9.545812606811523
        },
        "predictive_eval": {
            "kl_div_to_data": 306.2597351074219,
            "mean_diff_to_data": 9.83796501159668,
            "std_diff_to_data": 1.5307352542877197
        }
    }
}