{
    "train": {
        "error": {
            "rmse": 0.6990078687667847,
            "loglikelihood": -1.0622221231460571,
            "mae": 0.5552098155021667
        },
        "predictive_eval": {
            "kl_div_to_data": 0.6201461553573608,
            "mean_diff_to_data": 0.3386472463607788,
            "std_diff_to_data": 0.2659376561641693
        }
    },
    "in_domain": {
        "error": {
            "rmse": 0.7594656944274902,
            "loglikelihood": -1.1587485074996948,
            "mae": 0.597956657409668
        },
        "predictive_eval": {
            "kl_div_to_data": 0.7058078646659851,
            "mean_diff_to_data": 0.3723351061344147,
            "std_diff_to_data": 0.2706916034221649
        }
    },
    "out_domain": {
        "error": {
            "rmse": 11.528241157531738,
            "loglikelihood": -140.7854461669922,
            "mae": 9.186545372009277
        },
        "predictive_eval": {
            "kl_div_to_data": 286.1581115722656,
            "mean_diff_to_data": 9.510761260986328,
            "std_diff_to_data": 1.1276774406433105
        }
    }
}