{
    "train": {
        "error": {
            "rmse": 0.657143235206604,
            "loglikelihood": -1.0009756088256836,
            "mae": 0.5240159034729004
        },
        "predictive_eval": {
            "kl_div_to_data": 0.5284392237663269,
            "mean_diff_to_data": 0.30592432618141174,
            "std_diff_to_data": 0.25564178824424744
        }
    },
    "in_domain": {
        "error": {
            "rmse": 0.7574561834335327,
            "loglikelihood": -1.1557879447937012,
            "mae": 0.5997140407562256
        },
        "predictive_eval": {
            "kl_div_to_data": 0.6477324366569519,
            "mean_diff_to_data": 0.3541264235973358,
            "std_diff_to_data": 0.25979340076446533
        }
    },
    "out_domain": {
        "error": {
            "rmse": 11.494455337524414,
            "loglikelihood": -137.38333129882812,
            "mae": 9.170866966247559
        },
        "predictive_eval": {
            "kl_div_to_data": 283.1492919921875,
            "mean_diff_to_data": 9.477678298950195,
            "std_diff_to_data": 1.396240234375
        }
    }
}