{
    "train": {
        "error": {
            "rmse": 0.7048522233963013,
            "loglikelihood": -1.0706679821014404,
            "mae": 0.5581602454185486
        },
        "predictive_eval": {
            "kl_div_to_data": 0.6290876269340515,
            "mean_diff_to_data": 0.3355175852775574,
            "std_diff_to_data": 0.2749236822128296
        }
    },
    "in_domain": {
        "error": {
            "rmse": 0.7759275436401367,
            "loglikelihood": -1.1822746992111206,
            "mae": 0.6144394278526306
        },
        "predictive_eval": {
            "kl_div_to_data": 0.7485530376434326,
            "mean_diff_to_data": 0.3845634460449219,
            "std_diff_to_data": 0.27856793999671936
        }
    },
    "out_domain": {
        "error": {
            "rmse": 11.883941650390625,
            "loglikelihood": -147.68751525878906,
            "mae": 9.49137020111084
        },
        "predictive_eval": {
            "kl_div_to_data": 310.4444274902344,
            "mean_diff_to_data": 9.892614364624023,
            "std_diff_to_data": 1.792240023612976
        }
    }
}