{
    "train": {
        "error": {
            "rmse": 0.6962885856628418,
            "loglikelihood": -1.0578500032424927,
            "mae": 0.5522748827934265
        },
        "predictive_eval": {
            "kl_div_to_data": 0.6526519656181335,
            "mean_diff_to_data": 0.3493276834487915,
            "std_diff_to_data": 0.2715087831020355
        }
    },
    "in_domain": {
        "error": {
            "rmse": 0.7632838487625122,
            "loglikelihood": -1.1584025621414185,
            "mae": 0.6053657531738281
        },
        "predictive_eval": {
            "kl_div_to_data": 0.7333132028579712,
            "mean_diff_to_data": 0.37794029712677,
            "std_diff_to_data": 0.2717318534851074
        }
    },
    "out_domain": {
        "error": {
            "rmse": 11.8745698928833,
            "loglikelihood": -151.35537719726562,
            "mae": 9.509050369262695
        },
        "predictive_eval": {
            "kl_div_to_data": 313.1347351074219,
            "mean_diff_to_data": 9.981595993041992,
            "std_diff_to_data": 1.642049789428711
        }
    }
}