{
    "train": {
        "error": {
            "rmse": 0.6165729761123657,
            "loglikelihood": -0.976699948310852,
            "mae": 0.4911421239376068
        },
        "predictive_eval": {
            "kl_div_to_data": 0.6261121034622192,
            "mean_diff_to_data": 0.3387713134288788,
            "std_diff_to_data": 0.26634109020233154
        }
    },
    "test": {
        "error": {
            "rmse": 8.199027061462402,
            "loglikelihood": -7.353678226470947,
            "mae": 4.8970465660095215
        },
        "predictive_eval": {
            "kl_div_to_data": 143.92283630371094,
            "mean_diff_to_data": 5.045078754425049,
            "std_diff_to_data": 1.084421157836914
        }
    },
    "in_domain": {
        "error": {
            "rmse": 0.6904032826423645,
            "loglikelihood": -1.0546692609786987,
            "mae": 0.5501291155815125
        },
        "predictive_eval": {
            "kl_div_to_data": 0.705124020576477,
            "mean_diff_to_data": 0.3781847059726715,
            "std_diff_to_data": 0.26991429924964905
        }
    },
    "out_domain": {
        "error": {
            "rmse": 11.58387565612793,
            "loglikelihood": -13.476534843444824,
            "mae": 9.25131893157959
        },
        "predictive_eval": {
            "kl_div_to_data": 298.52618408203125,
            "mean_diff_to_data": 9.647058486938477,
            "std_diff_to_data": 1.8289014101028442
        }
    }
}