{
    "train": {
        "error": {
            "rmse": 1.2930234670639038,
            "loglikelihood": -1.676006555557251,
            "mae": 1.020324468612671
        },
        "predictive_eval": {
            "kl_div_to_data": 5.080195426940918,
            "mean_diff_to_data": 0.6129686236381531,
            "std_diff_to_data": 1.1654555797576904
        }
    },
    "in_domain": {
        "error": {
            "rmse": 1.5203393697738647,
            "loglikelihood": -1.8579988479614258,
            "mae": 1.190865397453308
        },
        "predictive_eval": {
            "kl_div_to_data": 5.981337070465088,
            "mean_diff_to_data": 0.7441774010658264,
            "std_diff_to_data": 1.1934561729431152
        }
    },
    "out_domain": {
        "error": {
            "rmse": 18.944826126098633,
            "loglikelihood": -102.16210174560547,
            "mae": 12.411070823669434
        },
        "predictive_eval": {
            "kl_div_to_data": 763.3245239257812,
            "mean_diff_to_data": 11.878342628479004,
            "std_diff_to_data": 10.44566822052002
        }
    }
}