{
    "train": {
        "error": {
            "rmse": 0.7795163989067078,
            "loglikelihood": -1.3746970891952515,
            "mae": 0.621330201625824
        },
        "predictive_eval": {
            "kl_div_to_data": 2.912064552307129,
            "mean_diff_to_data": 0.5266218781471252,
            "std_diff_to_data": 0.8135142922401428
        }
    },
    "in_domain": {
        "error": {
            "rmse": 0.9530527591705322,
            "loglikelihood": -1.4548583030700684,
            "mae": 0.7575837969779968
        },
        "predictive_eval": {
            "kl_div_to_data": 3.394561290740967,
            "mean_diff_to_data": 0.6390434503555298,
            "std_diff_to_data": 0.8232743144035339
        }
    },
    "out_domain": {
        "error": {
            "rmse": 17.92547607421875,
            "loglikelihood": -5.711586952209473,
            "mae": 14.100427627563477
        },
        "predictive_eval": {
            "kl_div_to_data": 37376.12890625,
            "mean_diff_to_data": 15.128558158874512,
            "std_diff_to_data": 126.3778305053711
        }
    }
}