{
    "train": {
        "error": {
            "rmse": 0.7785474061965942,
            "loglikelihood": -1.3829649686813354,
            "mae": 0.620517909526825
        },
        "predictive_eval": {
            "kl_div_to_data": 2.9654345512390137,
            "mean_diff_to_data": 0.5278826355934143,
            "std_diff_to_data": 0.8235400915145874
        }
    },
    "in_domain": {
        "error": {
            "rmse": 0.9527947902679443,
            "loglikelihood": -1.4672006368637085,
            "mae": 0.7572919130325317
        },
        "predictive_eval": {
            "kl_div_to_data": 4.027820587158203,
            "mean_diff_to_data": 0.6396512389183044,
            "std_diff_to_data": 0.9221366047859192
        }
    },
    "out_domain": {
        "error": {
            "rmse": 17.50399398803711,
            "loglikelihood": -5.718080043792725,
            "mae": 13.821009635925293
        },
        "predictive_eval": {
            "kl_div_to_data": 37115.0,
            "mean_diff_to_data": 14.645323753356934,
            "std_diff_to_data": 125.97241973876953
        }
    }
}