{
    "train": {
        "error": {
            "rmse": 0.9465731382369995,
            "loglikelihood": -1.652322769165039,
            "mae": 0.749893844127655
        },
        "predictive_eval": {
            "kl_div_to_data": 6.253812313079834,
            "mean_diff_to_data": 0.6692148447036743,
            "std_diff_to_data": 1.3105703592300415
        }
    },
    "in_domain": {
        "error": {
            "rmse": 1.1585711240768433,
            "loglikelihood": -1.7134603261947632,
            "mae": 0.9194403886795044
        },
        "predictive_eval": {
            "kl_div_to_data": 6.970824241638184,
            "mean_diff_to_data": 0.8280332088470459,
            "std_diff_to_data": 1.302875280380249
        }
    },
    "out_domain": {
        "error": {
            "rmse": 13.873229026794434,
            "loglikelihood": -8.964606285095215,
            "mae": 11.069167137145996
        },
        "predictive_eval": {
            "kl_div_to_data": 419.88433837890625,
            "mean_diff_to_data": 11.16830062866211,
            "std_diff_to_data": 3.4105916023254395
        }
    }
}