{
    "train": {
        "error": {
            "rmse": 0.8762394785881042,
            "loglikelihood": -1.5894237756729126,
            "mae": 0.6930596232414246
        },
        "predictive_eval": {
            "kl_div_to_data": 5.420743465423584,
            "mean_diff_to_data": 0.6317148208618164,
            "std_diff_to_data": 1.1929160356521606
        }
    },
    "in_domain": {
        "error": {
            "rmse": 1.092995524406433,
            "loglikelihood": -1.6583040952682495,
            "mae": 0.8681374788284302
        },
        "predictive_eval": {
            "kl_div_to_data": 6.397998809814453,
            "mean_diff_to_data": 0.7579108476638794,
            "std_diff_to_data": 1.2389109134674072
        }
    },
    "out_domain": {
        "error": {
            "rmse": 15.348259925842285,
            "loglikelihood": -4.838520526885986,
            "mae": 12.228705406188965
        },
        "predictive_eval": {
            "kl_div_to_data": 1215.594482421875,
            "mean_diff_to_data": 12.660784721374512,
            "std_diff_to_data": 15.693948745727539
        }
    }
}