{
    "train": {
        "error": {
            "rmse": 0.9448121190071106,
            "loglikelihood": -1.6530675888061523,
            "mae": 0.7485057711601257
        },
        "predictive_eval": {
            "kl_div_to_data": 6.211195468902588,
            "mean_diff_to_data": 0.6655362844467163,
            "std_diff_to_data": 1.307275414466858
        }
    },
    "in_domain": {
        "error": {
            "rmse": 1.156011939048767,
            "loglikelihood": -1.7140573263168335,
            "mae": 0.9171280264854431
        },
        "predictive_eval": {
            "kl_div_to_data": 7.002313137054443,
            "mean_diff_to_data": 0.8305279612541199,
            "std_diff_to_data": 1.3053215742111206
        }
    },
    "out_domain": {
        "error": {
            "rmse": 13.86838150024414,
            "loglikelihood": -8.354402542114258,
            "mae": 11.064364433288574
        },
        "predictive_eval": {
            "kl_div_to_data": 421.0242919921875,
            "mean_diff_to_data": 11.170605659484863,
            "std_diff_to_data": 3.486633777618408
        }
    }
}