{
    "train": {
        "error": {
            "rmse": 0.8890624046325684,
            "loglikelihood": -1.5895848274230957,
            "mae": 0.7048909068107605
        },
        "predictive_eval": {
            "kl_div_to_data": 5.382589340209961,
            "mean_diff_to_data": 0.617364764213562,
            "std_diff_to_data": 1.202202558517456
        }
    },
    "in_domain": {
        "error": {
            "rmse": 1.0888164043426514,
            "loglikelihood": -1.6466785669326782,
            "mae": 0.8623300790786743
        },
        "predictive_eval": {
            "kl_div_to_data": 5.962575912475586,
            "mean_diff_to_data": 0.7593084573745728,
            "std_diff_to_data": 1.1974081993103027
        }
    },
    "out_domain": {
        "error": {
            "rmse": 14.765763282775879,
            "loglikelihood": -5.846191883087158,
            "mae": 11.783007621765137
        },
        "predictive_eval": {
            "kl_div_to_data": 565.0192260742188,
            "mean_diff_to_data": 12.059816360473633,
            "std_diff_to_data": 6.440822124481201
        }
    }
}