{
    "train": {
        "error": {
            "rmse": 0.8729882836341858,
            "loglikelihood": -1.5639995336532593,
            "mae": 0.6913763880729675
        },
        "predictive_eval": {
            "kl_div_to_data": 5.446161270141602,
            "mean_diff_to_data": 0.6106210947036743,
            "std_diff_to_data": 1.2080891132354736
        }
    },
    "in_domain": {
        "error": {
            "rmse": 1.0860748291015625,
            "loglikelihood": -1.6374233961105347,
            "mae": 0.8579437136650085
        },
        "predictive_eval": {
            "kl_div_to_data": 5.6341142654418945,
            "mean_diff_to_data": 0.7428792715072632,
            "std_diff_to_data": 1.1548711061477661
        }
    },
    "out_domain": {
        "error": {
            "rmse": 14.5173921585083,
            "loglikelihood": -5.060463905334473,
            "mae": 11.575072288513184
        },
        "predictive_eval": {
            "kl_div_to_data": 649.7308959960938,
            "mean_diff_to_data": 11.872515678405762,
            "std_diff_to_data": 8.496414184570312
        }
    }
}