{
    "train": {
        "error": {
            "rmse": 0.8760942220687866,
            "loglikelihood": -1.5875390768051147,
            "mae": 0.693005383014679
        },
        "predictive_eval": {
            "kl_div_to_data": 5.436253070831299,
            "mean_diff_to_data": 0.6320154070854187,
            "std_diff_to_data": 1.2026257514953613
        }
    },
    "test": {
        "error": {
            "rmse": 10.881123542785645,
            "loglikelihood": -3.238036870956421,
            "mae": 6.548694610595703
        },
        "predictive_eval": {
            "kl_div_to_data": 454.4964294433594,
            "mean_diff_to_data": 6.826213359832764,
            "std_diff_to_data": 6.589963912963867
        }
    },
    "in_domain": {
        "error": {
            "rmse": 1.0923070907592773,
            "loglikelihood": -1.6501959562301636,
            "mae": 0.8677301406860352
        },
        "predictive_eval": {
            "kl_div_to_data": 5.882059574127197,
            "mean_diff_to_data": 0.7588797807693481,
            "std_diff_to_data": 1.185945987701416
        }
    },
    "out_domain": {
        "error": {
            "rmse": 15.337921142578125,
            "loglikelihood": -4.71419095993042,
            "mae": 12.214530944824219
        },
        "predictive_eval": {
            "kl_div_to_data": 1094.2012939453125,
            "mean_diff_to_data": 12.593144416809082,
            "std_diff_to_data": 14.312710762023926
        }
    }
}