{
    "train": {
        "error": {
            "rmse": 1.0442169904708862,
            "loglikelihood": -1.4653558731079102,
            "mae": 0.8055969476699829
        },
        "predictive_eval": {
            "kl_div_to_data": 3.0918946266174316,
            "mean_diff_to_data": 0.5266870260238647,
            "std_diff_to_data": 0.8485972881317139
        }
    },
    "in_domain": {
        "error": {
            "rmse": 1.2629203796386719,
            "loglikelihood": -1.6675156354904175,
            "mae": 0.9151857495307922
        },
        "predictive_eval": {
            "kl_div_to_data": 3.3543639183044434,
            "mean_diff_to_data": 0.6394312381744385,
            "std_diff_to_data": 0.8152709007263184
        }
    },
    "out_domain": {
        "error": {
            "rmse": 128.8667449951172,
            "loglikelihood": -7292.24365234375,
            "mae": 79.1306381225586
        },
        "predictive_eval": {
            "kl_div_to_data": 37448.01171875,
            "mean_diff_to_data": 14.62215805053711,
            "std_diff_to_data": 126.42418670654297
        }
    }
}