{
    "train": {
        "error": {
            "rmse": 1.3416692018508911,
            "loglikelihood": -1.7145776748657227,
            "mae": 1.048154354095459
        },
        "predictive_eval": {
            "kl_div_to_data": 6.317415237426758,
            "mean_diff_to_data": 0.6239287853240967,
            "std_diff_to_data": 1.3146588802337646
        }
    },
    "in_domain": {
        "error": {
            "rmse": 1.465781807899475,
            "loglikelihood": -1.8041355609893799,
            "mae": 1.161737322807312
        },
        "predictive_eval": {
            "kl_div_to_data": 5.963813781738281,
            "mean_diff_to_data": 0.7573491334915161,
            "std_diff_to_data": 1.1991528272628784
        }
    },
    "out_domain": {
        "error": {
            "rmse": 15.955967903137207,
            "loglikelihood": -65.45862579345703,
            "mae": 12.424477577209473
        },
        "predictive_eval": {
            "kl_div_to_data": 575.7163696289062,
            "mean_diff_to_data": 12.059883117675781,
            "std_diff_to_data": 6.655281066894531
        }
    }
}