{
    "train": {
        "error": {
            "rmse": 0.8711174726486206,
            "loglikelihood": -1.572278618812561,
            "mae": 0.6897265911102295
        },
        "predictive_eval": {
            "kl_div_to_data": 5.134731769561768,
            "mean_diff_to_data": 0.6119514107704163,
            "std_diff_to_data": 1.1690841913223267
        }
    },
    "in_domain": {
        "error": {
            "rmse": 1.086012840270996,
            "loglikelihood": -1.6487735509872437,
            "mae": 0.8567700386047363
        },
        "predictive_eval": {
            "kl_div_to_data": 5.645847797393799,
            "mean_diff_to_data": 0.7402417063713074,
            "std_diff_to_data": 1.159115195274353
        }
    },
    "out_domain": {
        "error": {
            "rmse": 14.504447937011719,
            "loglikelihood": -4.4157586097717285,
            "mae": 11.561285018920898
        },
        "predictive_eval": {
            "kl_div_to_data": 757.7659912109375,
            "mean_diff_to_data": 11.855745315551758,
            "std_diff_to_data": 10.00969123840332
        }
    }
}