{
    "train": {
        "error": {
            "rmse": 0.3538048267364502,
            "loglikelihood": -0.4708462357521057,
            "mae": 0.2825547754764557
        },
        "predictive_eval": {
            "kl_div_to_data": 0.6528710126876831,
            "mean_diff_to_data": 0.181666761636734,
            "std_diff_to_data": 0.18791303038597107
        }
    },
    "test": {
        "error": {
            "rmse": 28.37158203125,
            "loglikelihood": -4.501073360443115,
            "mae": 17.166996002197266
        },
        "predictive_eval": {
            "kl_div_to_data": 6090.71484375,
            "mean_diff_to_data": 19.283828735351562,
            "std_diff_to_data": 8.12291431427002
        }
    },
    "in_domain": {
        "error": {
            "rmse": 0.3859492242336273,
            "loglikelihood": -0.5216400027275085,
            "mae": 0.30857160687446594
        },
        "predictive_eval": {
            "kl_div_to_data": 0.6803095936775208,
            "mean_diff_to_data": 0.19269485771656036,
            "std_diff_to_data": 0.18857941031455994
        }
    },
    "out_domain": {
        "error": {
            "rmse": 40.156124114990234,
            "loglikelihood": -8.38254451751709,
            "mae": 34.06185531616211
        },
        "predictive_eval": {
            "kl_div_to_data": 10584.6728515625,
            "mean_diff_to_data": 34.258853912353516,
            "std_diff_to_data": 15.137396812438965
        }
    }
}