{
    "train": {
        "error": {
            "rmse": 0.34157174825668335,
            "loglikelihood": -0.45316171646118164,
            "mae": 0.2730703353881836
        },
        "predictive_eval": {
            "kl_div_to_data": 0.570533812046051,
            "mean_diff_to_data": 0.17306305468082428,
            "std_diff_to_data": 0.17430050671100616
        }
    },
    "test": {
        "error": {
            "rmse": 27.628541946411133,
            "loglikelihood": -5.370422840118408,
            "mae": 16.731136322021484
        },
        "predictive_eval": {
            "kl_div_to_data": 5484.2275390625,
            "mean_diff_to_data": 18.690067291259766,
            "std_diff_to_data": 6.766254425048828
        }
    },
    "in_domain": {
        "error": {
            "rmse": 0.3696422874927521,
            "loglikelihood": -0.4818992614746094,
            "mae": 0.2950857877731323
        },
        "predictive_eval": {
            "kl_div_to_data": 0.7575849294662476,
            "mean_diff_to_data": 0.165773406624794,
            "std_diff_to_data": 0.2066790610551834
        }
    },
    "out_domain": {
        "error": {
            "rmse": 39.150634765625,
            "loglikelihood": -10.172380447387695,
            "mae": 33.224342346191406
        },
        "predictive_eval": {
            "kl_div_to_data": 9645.69140625,
            "mean_diff_to_data": 33.46343231201172,
            "std_diff_to_data": 13.023818969726562
        }
    }
}