{"rmse": [9.988692283630371], "val_rmse": [], "time": 996.7895052433014}