{
    "train": {
        "error": {
            "rmse": 0.15579800307750702,
            "loglikelihood": -10.899155616760254,
            "mae": 0.12188079208135605
        },
        "predictive_eval": {
            "kl_div_to_data": 0.8726333975791931,
            "mean_diff_to_data": 0.24320271611213684,
            "std_diff_to_data": 0.15425963699817657
        }
    },
    "in_domain": {
        "error": {
            "rmse": 3.5414814949035645,
            "loglikelihood": -6968.99755859375,
            "mae": 2.6890242099761963
        },
        "predictive_eval": {
            "kl_div_to_data": 72.82462310791016,
            "mean_diff_to_data": 2.760115146636963,
            "std_diff_to_data": 0.1485009789466858
        }
    },
    "out_domain": {
        "error": {
            "rmse": 18.48207664489746,
            "loglikelihood": -189822.3125,
            "mae": 14.802653312683105
        },
        "predictive_eval": {
            "kl_div_to_data": 1823.35205078125,
            "mean_diff_to_data": 14.76408576965332,
            "std_diff_to_data": 0.18979212641716003
        }
    }
}