{
    "train": {
        "error": {
            "rmse": 0.05318453535437584,
            "loglikelihood": 0.9731349349021912,
            "mae": 0.04205339774489403
        },
        "predictive_eval": {
            "kl_div_to_data": 0.8839781284332275,
            "mean_diff_to_data": 0.24483129382133484,
            "std_diff_to_data": 0.15673626959323883
        }
    },
    "test": {
        "error": {
            "rmse": 13.413100242614746,
            "loglikelihood": -608.9766235351562,
            "mae": 8.807273864746094
        },
        "predictive_eval": {
            "kl_div_to_data": 1084.9107666015625,
            "mean_diff_to_data": 9.304081916809082,
            "std_diff_to_data": 0.1442171335220337
        }
    },
    "in_domain": {
        "error": {
            "rmse": 3.5169589519500732,
            "loglikelihood": -267.7973327636719,
            "mae": 2.709024667739868
        },
        "predictive_eval": {
            "kl_div_to_data": 68.78618621826172,
            "mean_diff_to_data": 2.679945468902588,
            "std_diff_to_data": 0.1527959704399109
        }
    },
    "out_domain": {
        "error": {
            "rmse": 18.633569717407227,
            "loglikelihood": -950.3493041992188,
            "mae": 14.899795532226562
        },
        "predictive_eval": {
            "kl_div_to_data": 1848.268310546875,
            "mean_diff_to_data": 14.622081756591797,
            "std_diff_to_data": 0.1313144564628601
        }
    }
}