{
    "train": {
        "error": {
            "rmse": 0.0669756755232811,
            "loglikelihood": 0.9334003329277039,
            "mae": 0.054052602499723434
        },
        "predictive_eval": {
            "kl_div_to_data": 0.8975662589073181,
            "mean_diff_to_data": 0.24678292870521545,
            "std_diff_to_data": 0.15683680772781372
        }
    },
    "test": {
        "error": {
            "rmse": 13.29109001159668,
            "loglikelihood": -486.04443359375,
            "mae": 8.677447319030762
        },
        "predictive_eval": {
            "kl_div_to_data": 1163.042236328125,
            "mean_diff_to_data": 9.588335990905762,
            "std_diff_to_data": 0.17742909491062164
        }
    },
    "in_domain": {
        "error": {
            "rmse": 3.3384077548980713,
            "loglikelihood": -232.3783416748047,
            "mae": 2.53336501121521
        },
        "predictive_eval": {
            "kl_div_to_data": 63.6297492980957,
            "mean_diff_to_data": 2.543898344039917,
            "std_diff_to_data": 0.15090203285217285
        }
    },
    "out_domain": {
        "error": {
            "rmse": 18.48007583618164,
            "loglikelihood": -734.5346069335938,
            "mae": 14.805055618286133
        },
        "predictive_eval": {
            "kl_div_to_data": 1774.9237060546875,
            "mean_diff_to_data": 14.302898406982422,
            "std_diff_to_data": 0.20156963169574738
        }
    }
}