{
    "train": {
        "error": {
            "rmse": 0.15445774793624878,
            "loglikelihood": -10.669547080993652,
            "mae": 0.12236678600311279
        },
        "predictive_eval": {
            "kl_div_to_data": 0.8877043724060059,
            "mean_diff_to_data": 0.24637509882450104,
            "std_diff_to_data": 0.1561080366373062
        }
    },
    "in_domain": {
        "error": {
            "rmse": 3.395474672317505,
            "loglikelihood": -6401.6904296875,
            "mae": 2.588947057723999
        },
        "predictive_eval": {
            "kl_div_to_data": 66.09292602539062,
            "mean_diff_to_data": 2.6339926719665527,
            "std_diff_to_data": 0.149897038936615
        }
    },
    "out_domain": {
        "error": {
            "rmse": 19.178558349609375,
            "loglikelihood": -204366.609375,
            "mae": 15.43553352355957
        },
        "predictive_eval": {
            "kl_div_to_data": 2014.686767578125,
            "mean_diff_to_data": 15.587288856506348,
            "std_diff_to_data": 0.19154275953769684
        }
    }
}