{
    "train": {
        "error": {
            "rmse": 0.07333898544311523,
            "loglikelihood": 0.9122730493545532,
            "mae": 0.05980513244867325
        },
        "predictive_eval": {
            "kl_div_to_data": 0.9021503925323486,
            "mean_diff_to_data": 0.24746012687683105,
            "std_diff_to_data": 0.15664678812026978
        }
    },
    "in_domain": {
        "error": {
            "rmse": 3.3970389366149902,
            "loglikelihood": -240.93650817871094,
            "mae": 2.59216046333313
        },
        "predictive_eval": {
            "kl_div_to_data": 68.2690658569336,
            "mean_diff_to_data": 2.6847245693206787,
            "std_diff_to_data": 0.14927931129932404
        }
    },
    "out_domain": {
        "error": {
            "rmse": 18.644207000732422,
            "loglikelihood": -825.6617431640625,
            "mae": 14.968306541442871
        },
        "predictive_eval": {
            "kl_div_to_data": 1784.6217041015625,
            "mean_diff_to_data": 14.421937942504883,
            "std_diff_to_data": 0.18174292147159576
        }
    }
}