{
    "train": {
        "error": {
            "rmse": 0.05446263402700424,
            "loglikelihood": 0.965569019317627,
            "mae": 0.04311760142445564
        },
        "predictive_eval": {
            "kl_div_to_data": 0.8793325424194336,
            "mean_diff_to_data": 0.24513739347457886,
            "std_diff_to_data": 0.15552307665348053
        }
    },
    "in_domain": {
        "error": {
            "rmse": 3.312504291534424,
            "loglikelihood": -227.33580017089844,
            "mae": 2.5071511268615723
        },
        "predictive_eval": {
            "kl_div_to_data": 63.9247932434082,
            "mean_diff_to_data": 2.5475270748138428,
            "std_diff_to_data": 0.14998842775821686
        }
    },
    "out_domain": {
        "error": {
            "rmse": 18.44738006591797,
            "loglikelihood": -741.1742553710938,
            "mae": 14.747809410095215
        },
        "predictive_eval": {
            "kl_div_to_data": 1795.2847900390625,
            "mean_diff_to_data": 14.426251411437988,
            "std_diff_to_data": 0.19406837224960327
        }
    }
}