{
    "train": {
        "error": {
            "rmse": 0.08674115687608719,
            "loglikelihood": 0.8588336110115051,
            "mae": 0.07249022275209427
        },
        "predictive_eval": {
            "kl_div_to_data": 0.9210534691810608,
            "mean_diff_to_data": 0.2532442510128021,
            "std_diff_to_data": 0.15744392573833466
        }
    },
    "in_domain": {
        "error": {
            "rmse": 3.455071210861206,
            "loglikelihood": -254.05593872070312,
            "mae": 2.627744197845459
        },
        "predictive_eval": {
            "kl_div_to_data": 74.41548156738281,
            "mean_diff_to_data": 2.8130273818969727,
            "std_diff_to_data": 0.1499432772397995
        }
    },
    "out_domain": {
        "error": {
            "rmse": 18.05158042907715,
            "loglikelihood": -738.4239501953125,
            "mae": 14.567183494567871
        },
        "predictive_eval": {
            "kl_div_to_data": 1697.7679443359375,
            "mean_diff_to_data": 14.014257431030273,
            "std_diff_to_data": 0.22207427024841309
        }
    }
}