{
    "train": {
        "error": {
            "rmse": 0.05178451165556908,
            "loglikelihood": 0.9685739874839783,
            "mae": 0.04071947559714317
        },
        "predictive_eval": {
            "kl_div_to_data": 0.8788474202156067,
            "mean_diff_to_data": 0.24446611106395721,
            "std_diff_to_data": 0.15520215034484863
        }
    },
    "in_domain": {
        "error": {
            "rmse": 3.448625326156616,
            "loglikelihood": -244.177734375,
            "mae": 2.608534336090088
        },
        "predictive_eval": {
            "kl_div_to_data": 71.1920394897461,
            "mean_diff_to_data": 2.6732051372528076,
            "std_diff_to_data": 0.14934535324573517
        }
    },
    "out_domain": {
        "error": {
            "rmse": 18.732873916625977,
            "loglikelihood": -850.1625366210938,
            "mae": 15.005940437316895
        },
        "predictive_eval": {
            "kl_div_to_data": 1784.9410400390625,
            "mean_diff_to_data": 14.525714874267578,
            "std_diff_to_data": 0.18401624262332916
        }
    }
}