{
    "train": {
        "error": {
            "rmse": 0.15129956603050232,
            "loglikelihood": -10.13775634765625,
            "mae": 0.11898578703403473
        },
        "predictive_eval": {
            "kl_div_to_data": 0.8828911781311035,
            "mean_diff_to_data": 0.24428048729896545,
            "std_diff_to_data": 0.15684549510478973
        }
    },
    "in_domain": {
        "error": {
            "rmse": 3.520834445953369,
            "loglikelihood": -6886.57373046875,
            "mae": 2.7138311862945557
        },
        "predictive_eval": {
            "kl_div_to_data": 68.77977752685547,
            "mean_diff_to_data": 2.6798439025878906,
            "std_diff_to_data": 0.15284796059131622
        }
    },
    "out_domain": {
        "error": {
            "rmse": 18.628780364990234,
            "loglikelihood": -192813.109375,
            "mae": 14.893010139465332
        },
        "predictive_eval": {
            "kl_div_to_data": 1847.6632080078125,
            "mean_diff_to_data": 14.619688034057617,
            "std_diff_to_data": 0.13229332864284515
        }
    }
}