{
    "train": {
        "error": {
            "rmse": 0.0518280453979969,
            "loglikelihood": 0.9690749049186707,
            "mae": 0.04067639634013176
        },
        "predictive_eval": {
            "kl_div_to_data": 0.8783366084098816,
            "mean_diff_to_data": 0.24482522904872894,
            "std_diff_to_data": 0.15483590960502625
        }
    },
    "test": {
        "error": {
            "rmse": 13.477632522583008,
            "loglikelihood": -548.5338745117188,
            "mae": 8.805876731872559
        },
        "predictive_eval": {
            "kl_div_to_data": 1170.561767578125,
            "mean_diff_to_data": 9.573314666748047,
            "std_diff_to_data": 0.16328442096710205
        }
    },
    "in_domain": {
        "error": {
            "rmse": 3.444967746734619,
            "loglikelihood": -245.07701110839844,
            "mae": 2.608941078186035
        },
        "predictive_eval": {
            "kl_div_to_data": 71.19845581054688,
            "mean_diff_to_data": 2.6734111309051514,
            "std_diff_to_data": 0.14908084273338318
        }
    },
    "out_domain": {
        "error": {
            "rmse": 18.73999786376953,
            "loglikelihood": -851.4406127929688,
            "mae": 15.012784004211426
        },
        "predictive_eval": {
            "kl_div_to_data": 1785.3406982421875,
            "mean_diff_to_data": 14.52709674835205,
            "std_diff_to_data": 0.1856440156698227
        }
    }
}