{
    "train": {
        "error": {
            "rmse": 0.05522853881120682,
            "loglikelihood": 0.9697926640510559,
            "mae": 0.04395562782883644
        },
        "predictive_eval": {
            "kl_div_to_data": 0.89063560962677,
            "mean_diff_to_data": 0.24576051533222198,
            "std_diff_to_data": 0.15667016804218292
        }
    },
    "in_domain": {
        "error": {
            "rmse": 3.3129632472991943,
            "loglikelihood": -228.47178649902344,
            "mae": 2.533472776412964
        },
        "predictive_eval": {
            "kl_div_to_data": 61.74409103393555,
            "mean_diff_to_data": 2.573477268218994,
            "std_diff_to_data": 0.15109868347644806
        }
    },
    "out_domain": {
        "error": {
            "rmse": 18.104537963867188,
            "loglikelihood": -749.3207397460938,
            "mae": 14.519572257995605
        },
        "predictive_eval": {
            "kl_div_to_data": 1775.5174560546875,
            "mean_diff_to_data": 14.2984037399292,
            "std_diff_to_data": 0.18318761885166168
        }
    }
}