{
    "train": {
        "error": {
            "rmse": 0.05653376504778862,
            "loglikelihood": 0.9512031674385071,
            "mae": 0.04492687061429024
        },
        "predictive_eval": {
            "kl_div_to_data": 0.8726333975791931,
            "mean_diff_to_data": 0.24320271611213684,
            "std_diff_to_data": 0.15425963699817657
        }
    },
    "in_domain": {
        "error": {
            "rmse": 3.5357463359832764,
            "loglikelihood": -255.026123046875,
            "mae": 2.68613862991333
        },
        "predictive_eval": {
            "kl_div_to_data": 72.82462310791016,
            "mean_diff_to_data": 2.760115146636963,
            "std_diff_to_data": 0.1485009789466858
        }
    },
    "out_domain": {
        "error": {
            "rmse": 18.517333984375,
            "loglikelihood": -759.6808471679688,
            "mae": 14.831923484802246
        },
        "predictive_eval": {
            "kl_div_to_data": 1823.35205078125,
            "mean_diff_to_data": 14.76408576965332,
            "std_diff_to_data": 0.18979212641716003
        }
    }
}