{
    "train": {
        "error": {
            "rmse": 0.14935411512851715,
            "loglikelihood": -9.807524681091309,
            "mae": 0.11666955798864365
        },
        "predictive_eval": {
            "kl_div_to_data": 0.8793325424194336,
            "mean_diff_to_data": 0.24513739347457886,
            "std_diff_to_data": 0.15552307665348053
        }
    },
    "in_domain": {
        "error": {
            "rmse": 3.317161798477173,
            "loglikelihood": -6110.21435546875,
            "mae": 2.509998321533203
        },
        "predictive_eval": {
            "kl_div_to_data": 63.9247932434082,
            "mean_diff_to_data": 2.5475270748138428,
            "std_diff_to_data": 0.14998842775821686
        }
    },
    "out_domain": {
        "error": {
            "rmse": 18.4483585357666,
            "loglikelihood": -189160.09375,
            "mae": 14.748588562011719
        },
        "predictive_eval": {
            "kl_div_to_data": 1795.2847900390625,
            "mean_diff_to_data": 14.426251411437988,
            "std_diff_to_data": 0.19406837224960327
        }
    }
}