{
    "train": {
        "error": {
            "rmse": 0.054672494530677795,
            "loglikelihood": 0.9657451510429382,
            "mae": 0.04324765503406525
        },
        "predictive_eval": {
            "kl_div_to_data": 0.88115394115448,
            "mean_diff_to_data": 0.24478529393672943,
            "std_diff_to_data": 0.15599197149276733
        }
    },
    "test": {
        "error": {
            "rmse": 13.235203742980957,
            "loglikelihood": -483.1858825683594,
            "mae": 8.62160873413086
        },
        "predictive_eval": {
            "kl_div_to_data": 1059.2440185546875,
            "mean_diff_to_data": 9.046923637390137,
            "std_diff_to_data": 0.17809711396694183
        }
    },
    "in_domain": {
        "error": {
            "rmse": 3.3174057006835938,
            "loglikelihood": -228.3734893798828,
            "mae": 2.511298418045044
        },
        "predictive_eval": {
            "kl_div_to_data": 63.93868637084961,
            "mean_diff_to_data": 2.5477452278137207,
            "std_diff_to_data": 0.15017884969711304
        }
    },
    "out_domain": {
        "error": {
            "rmse": 18.456275939941406,
            "loglikelihood": -742.7210083007812,
            "mae": 14.754168510437012
        },
        "predictive_eval": {
            "kl_div_to_data": 1794.9158935546875,
            "mean_diff_to_data": 14.424653053283691,
            "std_diff_to_data": 0.19382111728191376
        }
    }
}