{
    "train": {
        "error": {
            "rmse": 0.05314488708972931,
            "loglikelihood": 0.9732685089111328,
            "mae": 0.04201766476035118
        },
        "predictive_eval": {
            "kl_div_to_data": 0.8828911781311035,
            "mean_diff_to_data": 0.24428048729896545,
            "std_diff_to_data": 0.15684549510478973
        }
    },
    "in_domain": {
        "error": {
            "rmse": 3.518969774246216,
            "loglikelihood": -268.21142578125,
            "mae": 2.7117042541503906
        },
        "predictive_eval": {
            "kl_div_to_data": 68.77977752685547,
            "mean_diff_to_data": 2.6798439025878906,
            "std_diff_to_data": 0.15284796059131622
        }
    },
    "out_domain": {
        "error": {
            "rmse": 18.622371673583984,
            "loglikelihood": -948.3230590820312,
            "mae": 14.888705253601074
        },
        "predictive_eval": {
            "kl_div_to_data": 1847.6632080078125,
            "mean_diff_to_data": 14.619688034057617,
            "std_diff_to_data": 0.13229332864284515
        }
    }
}