{
    "train": {
        "error": {
            "rmse": 0.0508393757045269,
            "loglikelihood": 0.9686850905418396,
            "mae": 0.03968781232833862
        },
        "predictive_eval": {
            "kl_div_to_data": 0.864965558052063,
            "mean_diff_to_data": 0.24262873828411102,
            "std_diff_to_data": 0.15493643283843994
        }
    },
    "in_domain": {
        "error": {
            "rmse": 3.3326292037963867,
            "loglikelihood": -228.14208984375,
            "mae": 2.53778076171875
        },
        "predictive_eval": {
            "kl_div_to_data": 67.1897201538086,
            "mean_diff_to_data": 2.6444127559661865,
            "std_diff_to_data": 0.14986151456832886
        }
    },
    "out_domain": {
        "error": {
            "rmse": 18.841854095458984,
            "loglikelihood": -913.8827514648438,
            "mae": 14.910346031188965
        },
        "predictive_eval": {
            "kl_div_to_data": 1851.4298095703125,
            "mean_diff_to_data": 14.471744537353516,
            "std_diff_to_data": 0.16223639249801636
        }
    }
}