{
    "train": {
        "error": {
            "rmse": 0.15216225385665894,
            "loglikelihood": -10.277769088745117,
            "mae": 0.1194947138428688
        },
        "predictive_eval": {
            "kl_div_to_data": 0.864965558052063,
            "mean_diff_to_data": 0.24262873828411102,
            "std_diff_to_data": 0.15493643283843994
        }
    },
    "in_domain": {
        "error": {
            "rmse": 3.3339641094207764,
            "loglikelihood": -6174.98388671875,
            "mae": 2.539311408996582
        },
        "predictive_eval": {
            "kl_div_to_data": 67.1897201538086,
            "mean_diff_to_data": 2.6444127559661865,
            "std_diff_to_data": 0.14986151456832886
        }
    },
    "out_domain": {
        "error": {
            "rmse": 18.854354858398438,
            "loglikelihood": -197442.546875,
            "mae": 14.916172981262207
        },
        "predictive_eval": {
            "kl_div_to_data": 1851.4298095703125,
            "mean_diff_to_data": 14.471744537353516,
            "std_diff_to_data": 0.16223639249801636
        }
    }
}