{
    "train": {
        "error": {
            "rmse": 0.17193830013275146,
            "loglikelihood": -13.835135459899902,
            "mae": 0.13518798351287842
        },
        "predictive_eval": {
            "kl_div_to_data": 0.9210534691810608,
            "mean_diff_to_data": 0.2532442510128021,
            "std_diff_to_data": 0.15744392573833466
        }
    },
    "in_domain": {
        "error": {
            "rmse": 3.4606974124908447,
            "loglikelihood": -6648.76806640625,
            "mae": 2.6317451000213623
        },
        "predictive_eval": {
            "kl_div_to_data": 74.41548156738281,
            "mean_diff_to_data": 2.8130273818969727,
            "std_diff_to_data": 0.1499432772397995
        }
    },
    "out_domain": {
        "error": {
            "rmse": 18.071781158447266,
            "loglikelihood": -181436.59375,
            "mae": 14.589126586914062
        },
        "predictive_eval": {
            "kl_div_to_data": 1697.7679443359375,
            "mean_diff_to_data": 14.014257431030273,
            "std_diff_to_data": 0.22207427024841309
        }
    }
}