{
    "train": {
        "error": {
            "rmse": 0.06669236719608307,
            "loglikelihood": 0.9334869384765625,
            "mae": 0.053858961910009384
        },
        "predictive_eval": {
            "kl_div_to_data": 0.8962103724479675,
            "mean_diff_to_data": 0.246831476688385,
            "std_diff_to_data": 0.15646758675575256
        }
    },
    "in_domain": {
        "error": {
            "rmse": 3.3372223377227783,
            "loglikelihood": -231.58584594726562,
            "mae": 2.5337953567504883
        },
        "predictive_eval": {
            "kl_div_to_data": 63.62544631958008,
            "mean_diff_to_data": 2.5439140796661377,
            "std_diff_to_data": 0.15195715427398682
        }
    },
    "out_domain": {
        "error": {
            "rmse": 18.47789192199707,
            "loglikelihood": -731.5513916015625,
            "mae": 14.804160118103027
        },
        "predictive_eval": {
            "kl_div_to_data": 1775.4188232421875,
            "mean_diff_to_data": 14.304840087890625,
            "std_diff_to_data": 0.20431284606456757
        }
    }
}