{
    "train": {
        "error": {
            "rmse": 0.1599789261817932,
            "loglikelihood": -11.632912635803223,
            "mae": 0.12552417814731598
        },
        "predictive_eval": {
            "kl_div_to_data": 0.8962103724479675,
            "mean_diff_to_data": 0.246831476688385,
            "std_diff_to_data": 0.15646758675575256
        }
    },
    "in_domain": {
        "error": {
            "rmse": 3.3433659076690674,
            "loglikelihood": -6208.30224609375,
            "mae": 2.538187026977539
        },
        "predictive_eval": {
            "kl_div_to_data": 63.62544631958008,
            "mean_diff_to_data": 2.5439140796661377,
            "std_diff_to_data": 0.15195715427398682
        }
    },
    "out_domain": {
        "error": {
            "rmse": 18.49816131591797,
            "loglikelihood": -190053.171875,
            "mae": 14.83219051361084
        },
        "predictive_eval": {
            "kl_div_to_data": 1775.4188232421875,
            "mean_diff_to_data": 14.304840087890625,
            "std_diff_to_data": 0.20431284606456757
        }
    }
}