{
    "train": {
        "error": {
            "rmse": 0.1509658247232437,
            "loglikelihood": -10.072846412658691,
            "mae": 0.1183849573135376
        },
        "predictive_eval": {
            "kl_div_to_data": 0.89063560962677,
            "mean_diff_to_data": 0.24576051533222198,
            "std_diff_to_data": 0.15667016804218292
        }
    },
    "in_domain": {
        "error": {
            "rmse": 3.3159918785095215,
            "loglikelihood": -6105.25244140625,
            "mae": 2.535116195678711
        },
        "predictive_eval": {
            "kl_div_to_data": 61.74409103393555,
            "mean_diff_to_data": 2.573477268218994,
            "std_diff_to_data": 0.15109868347644806
        }
    },
    "out_domain": {
        "error": {
            "rmse": 18.1002197265625,
            "loglikelihood": -181953.109375,
            "mae": 14.517596244812012
        },
        "predictive_eval": {
            "kl_div_to_data": 1775.5174560546875,
            "mean_diff_to_data": 14.2984037399292,
            "std_diff_to_data": 0.18318761885166168
        }
    }
}