{
    "train": {
        "error": {
            "rmse": 0.057924605906009674,
            "loglikelihood": 0.9600138664245605,
            "mae": 0.045681990683078766
        },
        "predictive_eval": {
            "kl_div_to_data": 0.8853380084037781,
            "mean_diff_to_data": 0.24604760110378265,
            "std_diff_to_data": 0.15586026012897491
        }
    },
    "test": {
        "error": {
            "rmse": 13.741338729858398,
            "loglikelihood": -536.4264526367188,
            "mae": 8.985459327697754
        },
        "predictive_eval": {
            "kl_div_to_data": 1188.721435546875,
            "mean_diff_to_data": 9.679268836975098,
            "std_diff_to_data": 0.1733819544315338
        }
    },
    "in_domain": {
        "error": {
            "rmse": 3.388307571411133,
            "loglikelihood": -240.4972686767578,
            "mae": 2.5835561752319336
        },
        "predictive_eval": {
            "kl_div_to_data": 66.09172058105469,
            "mean_diff_to_data": 2.633974313735962,
            "std_diff_to_data": 0.15043042600154877
        }
    },
    "out_domain": {
        "error": {
            "rmse": 19.137304306030273,
            "loglikelihood": -835.1532592773438,
            "mae": 15.400164604187012
        },
        "predictive_eval": {
            "kl_div_to_data": 2014.6634521484375,
            "mean_diff_to_data": 15.587224960327148,
            "std_diff_to_data": 0.18852588534355164
        }
    }
}