{
    "train": {
        "error": {
            "rmse": 0.05752285569906235,
            "loglikelihood": 0.9614300727844238,
            "mae": 0.045334648340940475
        },
        "predictive_eval": {
            "kl_div_to_data": 0.8877043724060059,
            "mean_diff_to_data": 0.24637509882450104,
            "std_diff_to_data": 0.1561080366373062
        }
    },
    "in_domain": {
        "error": {
            "rmse": 3.392482280731201,
            "loglikelihood": -240.2343292236328,
            "mae": 2.586435317993164
        },
        "predictive_eval": {
            "kl_div_to_data": 66.09292602539062,
            "mean_diff_to_data": 2.6339926719665527,
            "std_diff_to_data": 0.149897038936615
        }
    },
    "out_domain": {
        "error": {
            "rmse": 19.165786743164062,
            "loglikelihood": -832.7841796875,
            "mae": 15.419638633728027
        },
        "predictive_eval": {
            "kl_div_to_data": 2014.686767578125,
            "mean_diff_to_data": 15.587288856506348,
            "std_diff_to_data": 0.19154275953769684
        }
    }
}