{
    "train": {
        "error": {
            "rmse": 0.1564422994852066,
            "loglikelihood": -11.019031524658203,
            "mae": 0.12264853715896606
        },
        "predictive_eval": {
            "kl_div_to_data": 0.8788474202156067,
            "mean_diff_to_data": 0.24446611106395721,
            "std_diff_to_data": 0.15520215034484863
        }
    },
    "in_domain": {
        "error": {
            "rmse": 3.4522061347961426,
            "loglikelihood": -6622.30859375,
            "mae": 2.6096904277801514
        },
        "predictive_eval": {
            "kl_div_to_data": 71.1920394897461,
            "mean_diff_to_data": 2.6732051372528076,
            "std_diff_to_data": 0.14934535324573517
        }
    },
    "out_domain": {
        "error": {
            "rmse": 18.74753189086914,
            "loglikelihood": -195275.53125,
            "mae": 15.021414756774902
        },
        "predictive_eval": {
            "kl_div_to_data": 1784.9410400390625,
            "mean_diff_to_data": 14.525714874267578,
            "std_diff_to_data": 0.18401624262332916
        }
    }
}