{
    "train": {
        "error": {
            "rmse": 0.16243627667427063,
            "loglikelihood": -12.073893547058105,
            "mae": 0.1276528239250183
        },
        "predictive_eval": {
            "kl_div_to_data": 0.9021503925323486,
            "mean_diff_to_data": 0.24746012687683105,
            "std_diff_to_data": 0.15664678812026978
        }
    },
    "in_domain": {
        "error": {
            "rmse": 3.3985841274261475,
            "loglikelihood": -6415.62451171875,
            "mae": 2.5959415435791016
        },
        "predictive_eval": {
            "kl_div_to_data": 68.2690658569336,
            "mean_diff_to_data": 2.6847245693206787,
            "std_diff_to_data": 0.14927931129932404
        }
    },
    "out_domain": {
        "error": {
            "rmse": 18.6488037109375,
            "loglikelihood": -193325.984375,
            "mae": 14.972317695617676
        },
        "predictive_eval": {
            "kl_div_to_data": 1784.6217041015625,
            "mean_diff_to_data": 14.421937942504883,
            "std_diff_to_data": 0.18174292147159576
        }
    }
}