{
    "train": {
        "error": {
            "rmse": 0.08687207847833633,
            "loglikelihood": 0.858304500579834,
            "mae": 0.07262643426656723
        },
        "predictive_eval": {
            "kl_div_to_data": 0.9209087491035461,
            "mean_diff_to_data": 0.25364741683006287,
            "std_diff_to_data": 0.15694166719913483
        }
    },
    "test": {
        "error": {
            "rmse": 13.003087997436523,
            "loglikelihood": -496.7485046386719,
            "mae": 8.59476089477539
        },
        "predictive_eval": {
            "kl_div_to_data": 1044.10009765625,
            "mean_diff_to_data": 9.071805953979492,
            "std_diff_to_data": 0.1869625598192215
        }
    },
    "in_domain": {
        "error": {
            "rmse": 3.455043315887451,
            "loglikelihood": -254.12442016601562,
            "mae": 2.6276533603668213
        },
        "predictive_eval": {
            "kl_div_to_data": 74.42587280273438,
            "mean_diff_to_data": 2.812844753265381,
            "std_diff_to_data": 0.15048737823963165
        }
    },
    "out_domain": {
        "error": {
            "rmse": 18.06177520751953,
            "loglikelihood": -741.1187744140625,
            "mae": 14.57080364227295
        },
        "predictive_eval": {
            "kl_div_to_data": 1697.435546875,
            "mean_diff_to_data": 14.011704444885254,
            "std_diff_to_data": 0.21945300698280334
        }
    }
}