{
    "train": {
        "error": {
            "rmse": 0.05645410344004631,
            "loglikelihood": 0.9524839520454407,
            "mae": 0.04482264444231987
        },
        "predictive_eval": {
            "kl_div_to_data": 0.8721490502357483,
            "mean_diff_to_data": 0.24375197291374207,
            "std_diff_to_data": 0.1539679914712906
        }
    },
    "test": {
        "error": {
            "rmse": 13.344417572021484,
            "loglikelihood": -509.87628173828125,
            "mae": 8.771476745605469
        },
        "predictive_eval": {
            "kl_div_to_data": 1192.33935546875,
            "mean_diff_to_data": 9.694568634033203,
            "std_diff_to_data": 0.17133328318595886
        }
    },
    "in_domain": {
        "error": {
            "rmse": 3.53745436668396,
            "loglikelihood": -255.8564453125,
            "mae": 2.6890180110931396
        },
        "predictive_eval": {
            "kl_div_to_data": 72.81822204589844,
            "mean_diff_to_data": 2.7601640224456787,
            "std_diff_to_data": 0.14940901100635529
        }
    },
    "out_domain": {
        "error": {
            "rmse": 18.52191925048828,
            "loglikelihood": -759.9606323242188,
            "mae": 14.832615852355957
        },
        "predictive_eval": {
            "kl_div_to_data": 1823.4442138671875,
            "mean_diff_to_data": 14.76431655883789,
            "std_diff_to_data": 0.19040830433368683
        }
    }
}