{
    "train": {
        "error": {
            "rmse": 0.055556878447532654,
            "loglikelihood": 0.9689988493919373,
            "mae": 0.04421365633606911
        },
        "predictive_eval": {
            "kl_div_to_data": 0.8898919820785522,
            "mean_diff_to_data": 0.24621084332466125,
            "std_diff_to_data": 0.15647418797016144
        }
    },
    "test": {
        "error": {
            "rmse": 13.004524230957031,
            "loglikelihood": -491.254638671875,
            "mae": 8.5210599899292
        },
        "predictive_eval": {
            "kl_div_to_data": 1008.7928466796875,
            "mean_diff_to_data": 8.84598159790039,
            "std_diff_to_data": 0.17181909084320068
        }
    },
    "in_domain": {
        "error": {
            "rmse": 3.3164119720458984,
            "loglikelihood": -229.84719848632812,
            "mae": 2.536564588546753
        },
        "predictive_eval": {
            "kl_div_to_data": 61.746299743652344,
            "mean_diff_to_data": 2.573481559753418,
            "std_diff_to_data": 0.15088288486003876
        }
    },
    "out_domain": {
        "error": {
            "rmse": 18.104909896850586,
            "loglikelihood": -749.4815063476562,
            "mae": 14.519754409790039
        },
        "predictive_eval": {
            "kl_div_to_data": 1775.26806640625,
            "mean_diff_to_data": 14.29712963104248,
            "std_diff_to_data": 0.18500560522079468
        }
    }
}