{
    "train_error": {
        "rmse": 0.7400432229042053,
        "loglikelihood": -860.9498901367188
    },
    "test_error": {
        "rmse": 100.99321746826172,
        "loglikelihood": -1437.412353515625
    },
    "in_domain_error": {
        "rmse": 1.4581964015960693,
        "loglikelihood": -2684.353271484375
    },
    "out_domain_error": {
        "rmse": 141.7434844970703,
        "loglikelihood": -204.77786254882812
    },
    "predictive_train": {
        "kl_div": 30.268831253051758,
        "mean_diff": 0.6154316663742065,
        "std_diff": 0.07031836360692978
    },
    "predictive_test": {
        "kl_div": 547964.5,
        "mean_diff": 74.84819030761719,
        "std_diff": 4.1806793212890625
    },
    "predictive_in_domain": {
        "kl_div": 107.93113708496094,
        "mean_diff": 1.1400132179260254,
        "std_diff": 0.07192480564117432
    },
    "predictive_out_domain": {
        "kl_div": 1016858.875,
        "mean_diff": 139.68646240234375,
        "std_diff": 7.840015411376953
    }
}