{
    "test_error": {
        "rmse": 2.4279380083084106,
        "mae": 1.9202842235565185
    },
    "in_domain_error": {
        "rmse": 2.463317847251892,
        "mae": 1.9374871015548707
    },
    "out_domain_error": {
        "rmse": 2.4917853832244874,
        "mae": 1.988746428489685
    },
    "predictive": {
        "kl_div": 0.3580223321914673,
        "mean_diff": 1.13169527053833,
        "std_diff": 0.5446385145187378
    },
    "predictive_in_domain": {
        "kl_div": 0.34518659114837646,
        "mean_diff": 1.113660454750061,
        "std_diff": 0.5926985144615173
    },
    "predictive_out_domain": {
        "kl_div": 0.47298941016197205,
        "mean_diff": 1.1516008377075195,
        "std_diff": 0.6721194386482239
    }
}