{
    "test_error": {
        "rmse": 3.9959319114685057,
        "mae": 3.1782705307006838
    },
    "in_domain_error": {
        "rmse": 3.930270719528198,
        "mae": 3.136246585845947
    },
    "out_domain_error": {
        "rmse": 4.180145525932312,
        "mae": 3.311617851257324
    },
    "predictive": {
        "kl_div": 0.34951481223106384,
        "mean_diff": 0.2822813093662262,
        "std_diff": 2.0284085273742676
    },
    "predictive_in_domain": {
        "kl_div": 0.7527639269828796,
        "mean_diff": 0.13724297285079956,
        "std_diff": 2.7996110916137695
    },
    "predictive_out_domain": {
        "kl_div": 0.037325624376535416,
        "mean_diff": 0.8597486615180969,
        "std_diff": 0.3262800872325897
    }
}