{
    "test_error": {
        "rmse": 0.4374201372265816,
        "mae": 0.3790990561246872
    },
    "in_domain_error": {
        "rmse": 0.4555389955639839,
        "mae": 0.40972913801670074
    },
    "out_domain_error": {
        "rmse": 0.6521027088165283,
        "mae": 0.46993979066610336
    },
    "predictive": {
        "kl_div": 263305314304.0,
        "mean_diff": 0.39742493629455566,
        "std_diff": 2.95645809173584
    },
    "predictive_in_domain": {
        "kl_div": -1.0,
        "mean_diff": 0.37229523062705994,
        "std_diff": 2.9478228092193604
    },
    "predictive_out_domain": {
        "kl_div": 116011352064.0,
        "mean_diff": 0.4599805474281311,
        "std_diff": 2.9461312294006348
    }
}