{
    "test_error": {
        "rmse": 1.0202822238206863,
        "mae": 1.0342140048742294
    },
    "in_domain_error": {
        "rmse": 1.003705382347107,
        "mae": 0.6494847536087036
    },
    "out_domain_error": {
        "rmse": 1.3757456839084625,
        "mae": 0.9292602837085724
    },
    "predictive": {
        "kl_div": 269752909824.0,
        "mean_diff": 0.8628641366958618,
        "std_diff": 2.9726402759552
    },
    "predictive_in_domain": {
        "kl_div": -1.0,
        "mean_diff": 0.7815911769866943,
        "std_diff": 2.968404769897461
    },
    "predictive_out_domain": {
        "kl_div": 131985326080.0,
        "mean_diff": 1.0839675664901733,
        "std_diff": 3.0065555572509766
    }
}