{
    "test_error": {
        "rmse": 0.9016131162643433,
        "mae": 0.660491093993187
    },
    "in_domain_error": {
        "rmse": 0.4288943111896515,
        "mae": 0.34834375977516174
    },
    "out_domain_error": {
        "rmse": 1.3335739970207214,
        "mae": 0.9849025905132294
    },
    "predictive": {
        "kl_div": 12.819647789001465,
        "mean_diff": 0.5501914620399475,
        "std_diff": 0.7970881462097168
    },
    "predictive_in_domain": {
        "kl_div": 6.4103498458862305,
        "mean_diff": 0.20193219184875488,
        "std_diff": 0.697432279586792
    },
    "predictive_out_domain": {
        "kl_div": 20.61429214477539,
        "mean_diff": 0.9942628145217896,
        "std_diff": 0.905363142490387
    }
}