{
    "test_error": {
        "rmse": 0.8665967434644699,
        "mae": 0.5932122021913528
    },
    "in_domain_error": {
        "rmse": 0.2668755352497101,
        "mae": 0.23069382086396217
    },
    "out_domain_error": {
        "rmse": 1.264795333147049,
        "mae": 1.031850814819336
    },
    "predictive": {
        "kl_div": 29822322688.0,
        "mean_diff": 0.5600271224975586,
        "std_diff": 1.0539517402648926
    },
    "predictive_in_domain": {
        "kl_div": NaN,
        "mean_diff": 0.21613317728042603,
        "std_diff": 0.9427236318588257
    },
    "predictive_out_domain": {
        "kl_div": 28832776192.0,
        "mean_diff": 0.9828108549118042,
        "std_diff": 1.1856365203857422
    }
}