{
    "test_error": {
        "rmse": 1.0637947916984558,
        "mae": 0.8163035362958908
    },
    "in_domain_error": {
        "rmse": 0.3725774884223938,
        "mae": 0.2807963117957115
    },
    "out_domain_error": {
        "rmse": 1.3565618395805359,
        "mae": 0.9484370052814484
    },
    "predictive": {
        "kl_div": 14.594789505004883,
        "mean_diff": 0.7036950588226318,
        "std_diff": 0.6151549816131592
    },
    "predictive_in_domain": {
        "kl_div": 0.8409553170204163,
        "mean_diff": 0.06044570356607437,
        "std_diff": 0.15908293426036835
    },
    "predictive_out_domain": {
        "kl_div": 22.077768325805664,
        "mean_diff": 0.9707306027412415,
        "std_diff": 0.8449991345405579
    }
}