{
    "test_error": {
        "rmse": 1.04494409263134,
        "mae": 0.7262557595968246
    },
    "in_domain_error": {
        "rmse": 0.40246229618787766,
        "mae": 0.30583731830120087
    },
    "out_domain_error": {
        "rmse": 1.2448144555091858,
        "mae": 0.948921337723732
    },
    "predictive": {
        "kl_div": 13.376667022705078,
        "standardized_mean_diff": 0.05087098106741905,
        "mean_diff": 0.0878903716802597,
        "std_diff": 0.6752583980560303
    },
    "predictive_in_domain": {
        "kl_div": 1.9687570333480835,
        "standardized_mean_diff": 0.13410376012325287,
        "mean_diff": 0.1022622287273407,
        "std_diff": 0.2912428379058838
    },
    "predictive_out_domain": {
        "kl_div": 19.680782318115234,
        "standardized_mean_diff": 0.03899521008133888,
        "mean_diff": 0.1038677990436554,
        "std_diff": 0.862561047077179
    }
}