{
    "test_error": {
        "rmse": 0.7615850120782852,
        "mae": 0.5469520539045334
    },
    "in_domain_error": {
        "rmse": 0.4111366495490074,
        "mae": 0.31837932765483856
    },
    "out_domain_error": {
        "rmse": 0.8148720413446426,
        "mae": 0.609526738524437
    },
    "predictive": {
        "kl_div": 14.701831817626953,
        "standardized_mean_diff": 0.06550631672143936,
        "mean_diff": 0.1327207386493683,
        "std_diff": 0.9154080748558044
    },
    "predictive_in_domain": {
        "kl_div": 6.527037620544434,
        "standardized_mean_diff": 0.03282598778605461,
        "mean_diff": 0.034616563469171524,
        "std_diff": 0.6369532346725464
    },
    "predictive_out_domain": {
        "kl_div": 17.167999267578125,
        "standardized_mean_diff": 0.06954571604728699,
        "mean_diff": 0.15508797764778137,
        "std_diff": 1.012082576751709
    }
}