{
    "test_error": {
        "rmse": 0.9692967385053635,
        "mae": 0.716867595911026
    },
    "in_domain_error": {
        "rmse": 0.38728179782629013,
        "mae": 0.29970189183950424
    },
    "out_domain_error": {
        "rmse": 1.2667244672775269,
        "mae": 0.8719727098941803
    },
    "predictive": {
        "kl_div": 13.44402027130127,
        "mean_diff": 0.5987961292266846,
        "std_diff": 0.7057489156723022
    },
    "predictive_in_domain": {
        "kl_div": 1.9526886940002441,
        "mean_diff": 0.11044315993785858,
        "std_diff": 0.2964400053024292
    },
    "predictive_out_domain": {
        "kl_div": 19.846702575683594,
        "mean_diff": 0.8289817571640015,
        "std_diff": 0.9075414538383484
    }
}