{
    "test_error": {
        "rmse": 1.4975871562957763,
        "mae": 1.2080075860023498
    },
    "in_domain_error": {
        "rmse": 1.4958780646324157,
        "mae": 1.2098943591117859
    },
    "out_domain_error": {
        "rmse": 1.5444698333740234,
        "mae": 1.249575960636139
    },
    "predictive": {
        "kl_div": 5.181023120880127,
        "standardized_mean_diff": 0.1881943643093109,
        "mean_diff": 0.2425786405801773,
        "std_diff": 0.6753436923027039
    },
    "predictive_in_domain": {
        "kl_div": 4.937378883361816,
        "standardized_mean_diff": 0.11236798763275146,
        "mean_diff": 0.13108474016189575,
        "std_diff": 0.5453165769577026
    },
    "predictive_out_domain": {
        "kl_div": 6.145509719848633,
        "standardized_mean_diff": 0.22827593982219696,
        "mean_diff": 0.31927794218063354,
        "std_diff": 0.799192488193512
    }
}