{
    "test_error": {
        "rmse": 1.4949735879898072,
        "mae": 1.2071619629859924
    },
    "in_domain_error": {
        "rmse": 1.4984870672225952,
        "mae": 1.2095348119735718
    },
    "out_domain_error": {
        "rmse": 1.5469569087028503,
        "mae": 1.247283411026001
    },
    "predictive": {
        "kl_div": 5.181023120880127,
        "mean_diff": 1.1236621141433716,
        "std_diff": 0.6753436923027039
    },
    "predictive_in_domain": {
        "kl_div": 4.937378883361816,
        "mean_diff": 1.1296247243881226,
        "std_diff": 0.5453165769577026
    },
    "predictive_out_domain": {
        "kl_div": 6.145509719848633,
        "mean_diff": 1.1764178276062012,
        "std_diff": 0.799192488193512
    }
}