{
    "train": {
        "error": {
            "rmse": 0.4599555432796478,
            "loglikelihood": -0.8428556323051453,
            "mae": 0.36491096019744873
        },
        "predictive_eval": {
            "kl_div_to_data": 2.830213785171509,
            "mean_diff_to_data": 0.2984168231487274,
            "std_diff_to_data": 0.48144447803497314
        }
    },
    "in_domain": {
        "error": {
            "rmse": 0.5153818130493164,
            "loglikelihood": -0.8824724555015564,
            "mae": 0.407379150390625
        },
        "predictive_eval": {
            "kl_div_to_data": 3.103560447692871,
            "mean_diff_to_data": 0.32875433564186096,
            "std_diff_to_data": 0.4933029115200043
        }
    },
    "out_domain": {
        "error": {
            "rmse": 34.02238845825195,
            "loglikelihood": -7.81770658493042,
            "mae": 28.406827926635742
        },
        "predictive_eval": {
            "kl_div_to_data": 7741.22216796875,
            "mean_diff_to_data": 29.432340621948242,
            "std_diff_to_data": 12.410866737365723
        }
    }
}