{
    "train": {
        "error": {
            "rmse": 0.5677926540374756,
            "loglikelihood": -1.0672529935836792,
            "mae": 0.45226165652275085
        },
        "predictive_eval": {
            "kl_div_to_data": 5.225003719329834,
            "mean_diff_to_data": 0.3810763657093048,
            "std_diff_to_data": 0.6892435550689697
        }
    },
    "test": {
        "error": {
            "rmse": 22.972537994384766,
            "loglikelihood": -3.5032646656036377,
            "mae": 13.774405479431152
        },
        "predictive_eval": {
            "kl_div_to_data": 4197.9072265625,
            "mean_diff_to_data": 14.911826133728027,
            "std_diff_to_data": 9.092280387878418
        }
    },
    "in_domain": {
        "error": {
            "rmse": 0.6525158286094666,
            "loglikelihood": -1.1157078742980957,
            "mae": 0.5150579214096069
        },
        "predictive_eval": {
            "kl_div_to_data": 5.951866626739502,
            "mean_diff_to_data": 0.45546138286590576,
            "std_diff_to_data": 0.7051548361778259
        }
    },
    "out_domain": {
        "error": {
            "rmse": 32.36338424682617,
            "loglikelihood": -5.8669562339782715,
            "mae": 26.941404342651367
        },
        "predictive_eval": {
            "kl_div_to_data": 7833.9052734375,
            "mean_diff_to_data": 27.951313018798828,
            "std_diff_to_data": 15.892521858215332
        }
    }
}