{
    "train": {
        "error": {
            "rmse": 0.7954310178756714,
            "loglikelihood": -1.1921406984329224,
            "mae": 0.6132633090019226
        },
        "predictive_eval": {
            "kl_div_to_data": 5.4979658126831055,
            "mean_diff_to_data": 0.41157597303390503,
            "std_diff_to_data": 0.6993427872657776
        }
    },
    "in_domain": {
        "error": {
            "rmse": 0.861565887928009,
            "loglikelihood": -1.2761667966842651,
            "mae": 0.656512439250946
        },
        "predictive_eval": {
            "kl_div_to_data": 6.13241720199585,
            "mean_diff_to_data": 0.47815418243408203,
            "std_diff_to_data": 0.7051940560340881
        }
    },
    "out_domain": {
        "error": {
            "rmse": 31.65003776550293,
            "loglikelihood": -756.6016845703125,
            "mae": 25.87932777404785
        },
        "predictive_eval": {
            "kl_div_to_data": 6064.04296875,
            "mean_diff_to_data": 24.89573860168457,
            "std_diff_to_data": 13.496790885925293
        }
    }
}