{
    "train": {
        "error": {
            "rmse": 0.6191253662109375,
            "loglikelihood": -0.9428973197937012,
            "mae": 0.4824402928352356
        },
        "predictive_eval": {
            "kl_div_to_data": 2.852505922317505,
            "mean_diff_to_data": 0.29861778020858765,
            "std_diff_to_data": 0.4839870035648346
        }
    },
    "in_domain": {
        "error": {
            "rmse": 0.6629959344863892,
            "loglikelihood": -1.0097256898880005,
            "mae": 0.5136739611625671
        },
        "predictive_eval": {
            "kl_div_to_data": 3.1325464248657227,
            "mean_diff_to_data": 0.3286689519882202,
            "std_diff_to_data": 0.4957903325557709
        }
    },
    "out_domain": {
        "error": {
            "rmse": 37.5538215637207,
            "loglikelihood": -1624.3572998046875,
            "mae": 30.580780029296875
        },
        "predictive_eval": {
            "kl_div_to_data": 7716.56884765625,
            "mean_diff_to_data": 29.40424156188965,
            "std_diff_to_data": 12.327101707458496
        }
    }
}