{
    "train": {
        "error": {
            "rmse": 0.5362959504127502,
            "loglikelihood": -0.9797863364219666,
            "mae": 0.4262469410896301
        },
        "predictive_eval": {
            "kl_div_to_data": 4.247123718261719,
            "mean_diff_to_data": 0.3811222016811371,
            "std_diff_to_data": 0.5919903516769409
        }
    },
    "test": {
        "error": {
            "rmse": 21.539112091064453,
            "loglikelihood": -4.100762367248535,
            "mae": 13.112784385681152
        },
        "predictive_eval": {
            "kl_div_to_data": 3256.525634765625,
            "mean_diff_to_data": 13.998331069946289,
            "std_diff_to_data": 6.851411819458008
        }
    },
    "in_domain": {
        "error": {
            "rmse": 0.5903821587562561,
            "loglikelihood": -1.0177396535873413,
            "mae": 0.47074952721595764
        },
        "predictive_eval": {
            "kl_div_to_data": 4.470702171325684,
            "mean_diff_to_data": 0.40408605337142944,
            "std_diff_to_data": 0.6014279723167419
        }
    },
    "out_domain": {
        "error": {
            "rmse": 30.401098251342773,
            "loglikelihood": -7.150730133056641,
            "mae": 25.707904815673828
        },
        "predictive_eval": {
            "kl_div_to_data": 6297.26904296875,
            "mean_diff_to_data": 26.483930587768555,
            "std_diff_to_data": 12.007858276367188
        }
    }
}