{
    "train": {
        "error": {
            "rmse": 0.4760076403617859,
            "loglikelihood": -0.89105623960495,
            "mae": 0.380442351102829
        },
        "predictive_eval": {
            "kl_div_to_data": 3.4121475219726562,
            "mean_diff_to_data": 0.3285195529460907,
            "std_diff_to_data": 0.533685564994812
        }
    },
    "test": {
        "error": {
            "rmse": 23.763303756713867,
            "loglikelihood": -3.7610912322998047,
            "mae": 14.383997917175293
        },
        "predictive_eval": {
            "kl_div_to_data": 4212.27197265625,
            "mean_diff_to_data": 15.480332374572754,
            "std_diff_to_data": 8.251967430114746
        }
    },
    "in_domain": {
        "error": {
            "rmse": 0.535264790058136,
            "loglikelihood": -0.9343962073326111,
            "mae": 0.42697787284851074
        },
        "predictive_eval": {
            "kl_div_to_data": 3.6007094383239746,
            "mean_diff_to_data": 0.355451375246048,
            "std_diff_to_data": 0.5358749032020569
        }
    },
    "out_domain": {
        "error": {
            "rmse": 33.6021842956543,
            "loglikelihood": -6.601073741912842,
            "mae": 28.355331420898438
        },
        "predictive_eval": {
            "kl_div_to_data": 8065.0625,
            "mean_diff_to_data": 29.603147506713867,
            "std_diff_to_data": 14.697725296020508
        }
    }
}