{
    "train": {
        "error": {
            "rmse": 0.7098438143730164,
            "loglikelihood": -1.0761191844940186,
            "mae": 0.5391279458999634
        },
        "predictive_eval": {
            "kl_div_to_data": 3.516085624694824,
            "mean_diff_to_data": 0.3283718228340149,
            "std_diff_to_data": 0.5472817420959473
        }
    },
    "in_domain": {
        "error": {
            "rmse": 0.7469108700752258,
            "loglikelihood": -1.1312693357467651,
            "mae": 0.5677999258041382
        },
        "predictive_eval": {
            "kl_div_to_data": 3.8924307823181152,
            "mean_diff_to_data": 0.35881200432777405,
            "std_diff_to_data": 0.5562209486961365
        }
    },
    "out_domain": {
        "error": {
            "rmse": 39.159175872802734,
            "loglikelihood": -1596.3822021484375,
            "mae": 31.928943634033203
        },
        "predictive_eval": {
            "kl_div_to_data": 8213.4521484375,
            "mean_diff_to_data": 29.912288665771484,
            "std_diff_to_data": 12.470561981201172
        }
    }
}