{
    "train": {
        "error": {
            "rmse": 0.6284074187278748,
            "loglikelihood": -1.1311085224151611,
            "mae": 0.49715909361839294
        },
        "predictive_eval": {
            "kl_div_to_data": 6.253602504730225,
            "mean_diff_to_data": 0.46486663818359375,
            "std_diff_to_data": 0.7282059788703918
        }
    },
    "in_domain": {
        "error": {
            "rmse": 0.7015356421470642,
            "loglikelihood": -1.172247290611267,
            "mae": 0.5531163215637207
        },
        "predictive_eval": {
            "kl_div_to_data": 6.549806594848633,
            "mean_diff_to_data": 0.471382200717926,
            "std_diff_to_data": 0.7423038482666016
        }
    },
    "out_domain": {
        "error": {
            "rmse": 27.64368438720703,
            "loglikelihood": -5.819992542266846,
            "mae": 23.20505142211914
        },
        "predictive_eval": {
            "kl_div_to_data": 5718.67236328125,
            "mean_diff_to_data": 24.258739471435547,
            "std_diff_to_data": 13.592881202697754
        }
    }
}