{
    "train": {
        "error": {
            "rmse": 0.7349042892456055,
            "loglikelihood": -1.113721251487732,
            "mae": 0.5700975656509399
        },
        "predictive_eval": {
            "kl_div_to_data": 4.384383201599121,
            "mean_diff_to_data": 0.3584882616996765,
            "std_diff_to_data": 0.6147423386573792
        }
    },
    "in_domain": {
        "error": {
            "rmse": 0.791789174079895,
            "loglikelihood": -1.1921647787094116,
            "mae": 0.604756236076355
        },
        "predictive_eval": {
            "kl_div_to_data": 4.889552593231201,
            "mean_diff_to_data": 0.42264240980148315,
            "std_diff_to_data": 0.6231732368469238
        }
    },
    "out_domain": {
        "error": {
            "rmse": 35.29726028442383,
            "loglikelihood": -1117.7738037109375,
            "mae": 29.114660263061523
        },
        "predictive_eval": {
            "kl_div_to_data": 6911.99609375,
            "mean_diff_to_data": 27.117050170898438,
            "std_diff_to_data": 14.074498176574707
        }
    }
}