{
    "train": {
        "error": {
            "rmse": 0.9213933944702148,
            "loglikelihood": -1.346856951713562,
            "mae": 0.699062705039978
        },
        "predictive_eval": {
            "kl_div_to_data": 6.279576301574707,
            "mean_diff_to_data": 0.46523404121398926,
            "std_diff_to_data": 0.730610728263855
        }
    },
    "in_domain": {
        "error": {
            "rmse": 0.8832731246948242,
            "loglikelihood": -1.294952392578125,
            "mae": 0.6860231757164001
        },
        "predictive_eval": {
            "kl_div_to_data": 6.566478729248047,
            "mean_diff_to_data": 0.4727839529514313,
            "std_diff_to_data": 0.7435722947120667
        }
    },
    "out_domain": {
        "error": {
            "rmse": 31.964954376220703,
            "loglikelihood": -691.3508911132812,
            "mae": 25.700891494750977
        },
        "predictive_eval": {
            "kl_div_to_data": 5734.625,
            "mean_diff_to_data": 24.248228073120117,
            "std_diff_to_data": 13.69690990447998
        }
    }
}