{
    "train": {
        "error": {
            "rmse": 0.543057382106781,
            "loglikelihood": -1.0498840808868408,
            "mae": 0.43221065402030945
        },
        "predictive_eval": {
            "kl_div_to_data": 5.0900750160217285,
            "mean_diff_to_data": 0.37610092759132385,
            "std_diff_to_data": 0.6813918352127075
        }
    },
    "in_domain": {
        "error": {
            "rmse": 0.616989254951477,
            "loglikelihood": -1.0864070653915405,
            "mae": 0.48233315348625183
        },
        "predictive_eval": {
            "kl_div_to_data": 5.572800636291504,
            "mean_diff_to_data": 0.4104711413383484,
            "std_diff_to_data": 0.6947532296180725
        }
    },
    "out_domain": {
        "error": {
            "rmse": 26.452375411987305,
            "loglikelihood": -5.466362476348877,
            "mae": 22.586647033691406
        },
        "predictive_eval": {
            "kl_div_to_data": 5489.98779296875,
            "mean_diff_to_data": 23.586109161376953,
            "std_diff_to_data": 14.403857231140137
        }
    }
}