{
    "train_error": {
        "rmse": 1.9253203868865967,
        "loglikelihood": -172.99432373046875
    },
    "test_error": {
        "rmse": 143.51905822753906,
        "loglikelihood": -710387.9375
    },
    "in_domain_error": {
        "rmse": 2.147608995437622,
        "loglikelihood": -215.22262573242188
    },
    "out_domain_error": {
        "rmse": 203.03482055664062,
        "loglikelihood": -1405548.5
    },
    "predictive_train": {
        "kl_div": 139.02835083007812,
        "mean_diff": 1.3254094123840332,
        "std_diff": 0.0038156970404088497
    },
    "predictive_test": {
        "kl_div": 1073957.625,
        "mean_diff": 104.19590759277344,
        "std_diff": 0.011997362598776817
    },
    "predictive_in_domain": {
        "kl_div": 263.74932861328125,
        "mean_diff": 1.7972111701965332,
        "std_diff": 0.003698057262226939
    },
    "predictive_out_domain": {
        "kl_div": 2112166.5,
        "mean_diff": 203.32208251953125,
        "std_diff": 0.021015919744968414
    }
}