{
    "test_error": {
        "rmse": 3.808982992172241,
        "mae": 2.5398221969604493
    },
    "in_domain_error": {
        "rmse": 1.0397691190242768,
        "mae": 0.8469846189022064
    },
    "out_domain_error": {
        "rmse": 8.298641729354859,
        "mae": 7.736590242385864
    },
    "predictive": {
        "kl_div": -1.0,
        "mean_diff": 2.523019790649414,
        "std_diff": 3.995563507080078
    },
    "predictive_in_domain": {
        "kl_div": 3189273001984.0,
        "mean_diff": 0.8343092203140259,
        "std_diff": 1.119404911994934
    },
    "predictive_out_domain": {
        "kl_div": 4.117999868717302e+17,
        "mean_diff": 7.725131988525391,
        "std_diff": 13.99106216430664
    }
}