{"test_rmse": 935.2339324951172, "kl_div_normal_baseline": 124.90529863900049, "kl_div_predictive": 5.474790726159177, "mean_diff_normal_baseline": 111.89733123779297, "mean_diff_predictive": 28.862300872802734, "var_diff_normal_baseline": 156001.796875, "var_diff_predictive": 766226.6875, "std_diff_normal_baseline": 394.0107421875, "std_diff_predictive": 550.0803833007812}