{
    "train_error": {
        "rmse": 1.1872283220291138,
        "loglikelihood": -1.6218551397323608
    },
    "test_error": {
        "rmse": 65.53014373779297,
        "loglikelihood": -7.46125602722168
    },
    "in_domain_error": {
        "rmse": 1.2534977197647095,
        "loglikelihood": -1.6899878978729248
    },
    "out_domain_error": {
        "rmse": 91.71220397949219,
        "loglikelihood": -11.83837890625
    },
    "predictive_train": {
        "kl_div": 0.23556604981422424,
        "mean_diff": 0.5289952754974365,
        "std_diff": 0.1219167411327362
    },
    "predictive_test": {
        "kl_div": 2452.333740234375,
        "mean_diff": 46.62517166137695,
        "std_diff": 12.173959732055664
    },
    "predictive_in_domain": {
        "kl_div": 0.28990638256073,
        "mean_diff": 0.5625313520431519,
        "std_diff": 0.07016820460557938
    },
    "predictive_out_domain": {
        "kl_div": 4678.8359375,
        "mean_diff": 91.38153076171875,
        "std_diff": 26.083280563354492
    }
}