{
    "train": {
        "error": {
            "rmse": 0.5280354619026184,
            "loglikelihood": -0.8347659111022949,
            "mae": 0.420962393283844
        },
        "predictive_eval": {
            "kl_div_to_data": 0.611359715461731,
            "mean_diff_to_data": 0.38574934005737305,
            "std_diff_to_data": 0.16249527037143707
        }
    },
    "in_domain": {
        "error": {
            "rmse": 0.8480318188667297,
            "loglikelihood": -1.3188585042953491,
            "mae": 0.6762486696243286
        },
        "predictive_eval": {
            "kl_div_to_data": 1.0328439474105835,
            "mean_diff_to_data": 0.5345290303230286,
            "std_diff_to_data": 0.1483827531337738
        }
    },
    "out_domain": {
        "error": {
            "rmse": 18.190954208374023,
            "loglikelihood": -5.207963466644287,
            "mae": 14.487879753112793
        },
        "predictive_eval": {
            "kl_div_to_data": 12287.4716796875,
            "mean_diff_to_data": 14.964737892150879,
            "std_diff_to_data": 72.76996612548828
        }
    }
}