{
    "train": {
        "error": {
            "rmse": 0.5283694863319397,
            "loglikelihood": -0.8310845494270325,
            "mae": 0.4212034344673157
        },
        "predictive_eval": {
            "kl_div_to_data": 0.611359715461731,
            "mean_diff_to_data": 0.38574934005737305,
            "std_diff_to_data": 0.16249527037143707
        }
    },
    "in_domain": {
        "error": {
            "rmse": 0.8487439155578613,
            "loglikelihood": -1.330621600151062,
            "mae": 0.6764621138572693
        },
        "predictive_eval": {
            "kl_div_to_data": 1.0328439474105835,
            "mean_diff_to_data": 0.5345290303230286,
            "std_diff_to_data": 0.1483827531337738
        }
    },
    "out_domain": {
        "error": {
            "rmse": 18.205602645874023,
            "loglikelihood": -5.205114364624023,
            "mae": 14.505914688110352
        },
        "predictive_eval": {
            "kl_div_to_data": 12287.4716796875,
            "mean_diff_to_data": 14.964737892150879,
            "std_diff_to_data": 72.76996612548828
        }
    }
}