{
    "train": {
        "error": {
            "rmse": 0.7089856863021851,
            "loglikelihood": -1.2295432090759277,
            "mae": 0.5316749215126038
        },
        "predictive_eval": {
            "kl_div_to_data": 0.5735994577407837,
            "mean_diff_to_data": 0.3837754428386688,
            "std_diff_to_data": 0.1547960489988327
        }
    },
    "in_domain": {
        "error": {
            "rmse": 0.9707056879997253,
            "loglikelihood": -2.111238479614258,
            "mae": 0.7535638809204102
        },
        "predictive_eval": {
            "kl_div_to_data": 1.0207916498184204,
            "mean_diff_to_data": 0.5320082902908325,
            "std_diff_to_data": 0.15645043551921844
        }
    },
    "out_domain": {
        "error": {
            "rmse": 58.019447326660156,
            "loglikelihood": -6732.49072265625,
            "mae": 41.222801208496094
        },
        "predictive_eval": {
            "kl_div_to_data": 7780.3095703125,
            "mean_diff_to_data": 12.278083801269531,
            "std_diff_to_data": 57.88949203491211
        }
    }
}