{
    "train": {
        "error": {
            "rmse": 0.7902419567108154,
            "loglikelihood": -1.4783353805541992,
            "mae": 0.5370626449584961
        },
        "predictive_eval": {
            "kl_div_to_data": 0.5958755612373352,
            "mean_diff_to_data": 0.38366466760635376,
            "std_diff_to_data": 0.16534487903118134
        }
    },
    "in_domain": {
        "error": {
            "rmse": 0.9525955319404602,
            "loglikelihood": -2.0408971309661865,
            "mae": 0.7496837377548218
        },
        "predictive_eval": {
            "kl_div_to_data": 1.1184049844741821,
            "mean_diff_to_data": 0.5621083974838257,
            "std_diff_to_data": 0.1561202108860016
        }
    },
    "out_domain": {
        "error": {
            "rmse": 58.2125244140625,
            "loglikelihood": -6775.28759765625,
            "mae": 40.48438262939453
        },
        "predictive_eval": {
            "kl_div_to_data": 9510.6337890625,
            "mean_diff_to_data": 12.34511947631836,
            "std_diff_to_data": 64.5166015625
        }
    }
}