{
    "train": {
        "error": {
            "rmse": 0.6649845838546753,
            "loglikelihood": -1.1104501485824585,
            "mae": 0.5291818976402283
        },
        "predictive_eval": {
            "kl_div_to_data": 0.611359715461731,
            "mean_diff_to_data": 0.38574934005737305,
            "std_diff_to_data": 0.16249527037143707
        }
    },
    "in_domain": {
        "error": {
            "rmse": 0.9365097284317017,
            "loglikelihood": -1.9791339635849,
            "mae": 0.743042528629303
        },
        "predictive_eval": {
            "kl_div_to_data": 1.0328439474105835,
            "mean_diff_to_data": 0.5345290303230286,
            "std_diff_to_data": 0.1483827531337738
        }
    },
    "out_domain": {
        "error": {
            "rmse": 82.2096939086914,
            "loglikelihood": -13522.9033203125,
            "mae": 57.2994384765625
        },
        "predictive_eval": {
            "kl_div_to_data": 12287.4716796875,
            "mean_diff_to_data": 14.964737892150879,
            "std_diff_to_data": 72.76996612548828
        }
    }
}