{
    "train": {
        "error": {
            "rmse": 0.5200715661048889,
            "loglikelihood": -0.8196185231208801,
            "mae": 0.4146032929420471
        },
        "predictive_eval": {
            "kl_div_to_data": 0.5932884812355042,
            "mean_diff_to_data": 0.3848820924758911,
            "std_diff_to_data": 0.1633518636226654
        }
    },
    "test": {
        "error": {
            "rmse": 10.722552299499512,
            "loglikelihood": -3.1631946563720703,
            "mae": 6.373631954193115
        },
        "predictive_eval": {
            "kl_div_to_data": 4206.50244140625,
            "mean_diff_to_data": 6.460411071777344,
            "std_diff_to_data": 31.305173873901367
        }
    },
    "in_domain": {
        "error": {
            "rmse": 0.856681227684021,
            "loglikelihood": -1.341892123222351,
            "mae": 0.6800307631492615
        },
        "predictive_eval": {
            "kl_div_to_data": 1.0195047855377197,
            "mean_diff_to_data": 0.531830370426178,
            "std_diff_to_data": 0.15566258132457733
        }
    },
    "out_domain": {
        "error": {
            "rmse": 15.087320327758789,
            "loglikelihood": -4.984986305236816,
            "mae": 11.998167037963867
        },
        "predictive_eval": {
            "kl_div_to_data": 7866.25390625,
            "mean_diff_to_data": 12.16085147857666,
            "std_diff_to_data": 58.36703872680664
        }
    }
}