{
    "train": {
        "error": {
            "rmse": 0.5167754292488098,
            "loglikelihood": -0.8153090476989746,
            "mae": 0.4139498770236969
        },
        "predictive_eval": {
            "kl_div_to_data": 0.5522099733352661,
            "mean_diff_to_data": 0.3840236961841583,
            "std_diff_to_data": 0.1588657796382904
        }
    },
    "in_domain": {
        "error": {
            "rmse": 0.8539272546768188,
            "loglikelihood": -1.3347352743148804,
            "mae": 0.6787393093109131
        },
        "predictive_eval": {
            "kl_div_to_data": 1.1133005619049072,
            "mean_diff_to_data": 0.5569133162498474,
            "std_diff_to_data": 0.15665970742702484
        }
    },
    "out_domain": {
        "error": {
            "rmse": 14.925925254821777,
            "loglikelihood": -4.626407146453857,
            "mae": 11.927409172058105
        },
        "predictive_eval": {
            "kl_div_to_data": 3686.05126953125,
            "mean_diff_to_data": 12.301323890686035,
            "std_diff_to_data": 37.99922561645508
        }
    }
}