{
    "train": {
        "error": {
            "rmse": 0.5063018202781677,
            "loglikelihood": -0.8090755343437195,
            "mae": 0.4029403626918793
        },
        "predictive_eval": {
            "kl_div_to_data": 0.534906268119812,
            "mean_diff_to_data": 0.36552566289901733,
            "std_diff_to_data": 0.16266317665576935
        }
    },
    "in_domain": {
        "error": {
            "rmse": 0.8439354300498962,
            "loglikelihood": -1.308745265007019,
            "mae": 0.670845627784729
        },
        "predictive_eval": {
            "kl_div_to_data": 1.003877878189087,
            "mean_diff_to_data": 0.5389543175697327,
            "std_diff_to_data": 0.15931768715381622
        }
    },
    "out_domain": {
        "error": {
            "rmse": 15.01551628112793,
            "loglikelihood": -4.905472755432129,
            "mae": 12.008685111999512
        },
        "predictive_eval": {
            "kl_div_to_data": 6790.357421875,
            "mean_diff_to_data": 12.65151596069336,
            "std_diff_to_data": 53.25788116455078
        }
    }
}