{
    "train": {
        "error": {
            "rmse": 0.668256402015686,
            "loglikelihood": -1.1186851263046265,
            "mae": 0.5255061388015747
        },
        "predictive_eval": {
            "kl_div_to_data": 0.5522099733352661,
            "mean_diff_to_data": 0.3840236961841583,
            "std_diff_to_data": 0.1588657796382904
        }
    },
    "in_domain": {
        "error": {
            "rmse": 0.9684157967567444,
            "loglikelihood": -2.1025331020355225,
            "mae": 0.7630087733268738
        },
        "predictive_eval": {
            "kl_div_to_data": 1.1133005619049072,
            "mean_diff_to_data": 0.5569133162498474,
            "std_diff_to_data": 0.15665970742702484
        }
    },
    "out_domain": {
        "error": {
            "rmse": 41.918304443359375,
            "loglikelihood": -3512.56689453125,
            "mae": 29.442548751831055
        },
        "predictive_eval": {
            "kl_div_to_data": 3686.05126953125,
            "mean_diff_to_data": 12.301323890686035,
            "std_diff_to_data": 37.99922561645508
        }
    }
}