{
    "train": {
        "error": {
            "rmse": 0.6643132567405701,
            "loglikelihood": -1.108498454093933,
            "mae": 0.519464910030365
        },
        "predictive_eval": {
            "kl_div_to_data": 0.534906268119812,
            "mean_diff_to_data": 0.36552566289901733,
            "std_diff_to_data": 0.16266317665576935
        }
    },
    "in_domain": {
        "error": {
            "rmse": 0.9389945268630981,
            "loglikelihood": -1.9891952276229858,
            "mae": 0.7470237016677856
        },
        "predictive_eval": {
            "kl_div_to_data": 1.003877878189087,
            "mean_diff_to_data": 0.5389543175697327,
            "std_diff_to_data": 0.15931768715381622
        }
    },
    "out_domain": {
        "error": {
            "rmse": 66.58395385742188,
            "loglikelihood": -8868.8271484375,
            "mae": 45.02178955078125
        },
        "predictive_eval": {
            "kl_div_to_data": 6790.357421875,
            "mean_diff_to_data": 12.65151596069336,
            "std_diff_to_data": 53.25788116455078
        }
    }
}