{
    "train": {
        "error": {
            "rmse": 0.516733705997467,
            "loglikelihood": -0.8248708844184875,
            "mae": 0.4124601483345032
        },
        "predictive_eval": {
            "kl_div_to_data": 0.5958755612373352,
            "mean_diff_to_data": 0.38366466760635376,
            "std_diff_to_data": 0.16534487903118134
        }
    },
    "in_domain": {
        "error": {
            "rmse": 0.8713138699531555,
            "loglikelihood": -1.3531312942504883,
            "mae": 0.6898598074913025
        },
        "predictive_eval": {
            "kl_div_to_data": 1.1184049844741821,
            "mean_diff_to_data": 0.5621083974838257,
            "std_diff_to_data": 0.1561202108860016
        }
    },
    "out_domain": {
        "error": {
            "rmse": 14.904462814331055,
            "loglikelihood": -5.098029613494873,
            "mae": 11.918130874633789
        },
        "predictive_eval": {
            "kl_div_to_data": 9510.6337890625,
            "mean_diff_to_data": 12.34511947631836,
            "std_diff_to_data": 64.5166015625
        }
    }
}