{
    "train": {
        "error": {
            "rmse": 0.5204048752784729,
            "loglikelihood": -0.8213343620300293,
            "mae": 0.4147612750530243
        },
        "predictive_eval": {
            "kl_div_to_data": 0.5735994577407837,
            "mean_diff_to_data": 0.3837754428386688,
            "std_diff_to_data": 0.1547960489988327
        }
    },
    "in_domain": {
        "error": {
            "rmse": 0.8563882112503052,
            "loglikelihood": -1.3351207971572876,
            "mae": 0.6801689863204956
        },
        "predictive_eval": {
            "kl_div_to_data": 1.0207916498184204,
            "mean_diff_to_data": 0.5320082902908325,
            "std_diff_to_data": 0.15645043551921844
        }
    },
    "out_domain": {
        "error": {
            "rmse": 14.943922996520996,
            "loglikelihood": -4.9872050285339355,
            "mae": 11.908617973327637
        },
        "predictive_eval": {
            "kl_div_to_data": 7780.3095703125,
            "mean_diff_to_data": 12.278083801269531,
            "std_diff_to_data": 57.88949203491211
        }
    }
}