{
    "train_rmse": 1.7731890276986726,
    "time": 7706.957506418228
}