{
    "train": {
        "error": {
            "rmse": 0.3601846694946289,
            "loglikelihood": -0.4915996193885803,
            "mae": 0.28669941425323486
        },
        "predictive_eval": {
            "kl_div_to_data": 1.0435210466384888,
            "mean_diff_to_data": 0.26897767186164856,
            "std_diff_to_data": 0.17200534045696259
        }
    },
    "in_domain": {
        "error": {
            "rmse": 0.6093579530715942,
            "loglikelihood": -0.92511385679245,
            "mae": 0.4682029187679291
        },
        "predictive_eval": {
            "kl_div_to_data": 2.30165696144104,
            "mean_diff_to_data": 0.4348548650741577,
            "std_diff_to_data": 0.18819235265254974
        }
    },
    "out_domain": {
        "error": {
            "rmse": 35.032928466796875,
            "loglikelihood": -29.290786743164062,
            "mae": 28.479299545288086
        },
        "predictive_eval": {
            "kl_div_to_data": 7219.99951171875,
            "mean_diff_to_data": 29.084609985351562,
            "std_diff_to_data": 4.524074554443359
        }
    }
}