{
    "train": {
        "error": {
            "rmse": 0.3645196855068207,
            "loglikelihood": -0.49224647879600525,
            "mae": 0.2902228534221649
        },
        "predictive_eval": {
            "kl_div_to_data": 1.0186400413513184,
            "mean_diff_to_data": 0.263122022151947,
            "std_diff_to_data": 0.17029672861099243
        }
    },
    "test": {
        "error": {
            "rmse": 24.777908325195312,
            "loglikelihood": -13.854113578796387,
            "mae": 14.553118705749512
        },
        "predictive_eval": {
            "kl_div_to_data": 3891.810546875,
            "mean_diff_to_data": 15.766401290893555,
            "std_diff_to_data": 2.6420681476593018
        }
    },
    "in_domain": {
        "error": {
            "rmse": 0.5865421295166016,
            "loglikelihood": -0.8901141285896301,
            "mae": 0.45188599824905396
        },
        "predictive_eval": {
            "kl_div_to_data": 2.1516425609588623,
            "mean_diff_to_data": 0.40553662180900574,
            "std_diff_to_data": 0.18418896198272705
        }
    },
    "out_domain": {
        "error": {
            "rmse": 35.009727478027344,
            "loglikelihood": -27.100080490112305,
            "mae": 28.64520835876465
        },
        "predictive_eval": {
            "kl_div_to_data": 7214.88720703125,
            "mean_diff_to_data": 29.471710205078125,
            "std_diff_to_data": 4.73659086227417
        }
    }
}