{
    "train": {
        "error": {
            "rmse": 0.3815630078315735,
            "loglikelihood": -0.5182411074638367,
            "mae": 0.30454641580581665
        },
        "predictive_eval": {
            "kl_div_to_data": 0.9527260065078735,
            "mean_diff_to_data": 0.2699500620365143,
            "std_diff_to_data": 0.14728982746601105
        }
    },
    "in_domain": {
        "error": {
            "rmse": 0.5679416060447693,
            "loglikelihood": -0.9014056324958801,
            "mae": 0.4463786780834198
        },
        "predictive_eval": {
            "kl_div_to_data": 1.8278692960739136,
            "mean_diff_to_data": 0.3906329870223999,
            "std_diff_to_data": 0.16060511767864227
        }
    },
    "out_domain": {
        "error": {
            "rmse": 35.381256103515625,
            "loglikelihood": -25.123767852783203,
            "mae": 29.257699966430664
        },
        "predictive_eval": {
            "kl_div_to_data": 7392.75048828125,
            "mean_diff_to_data": 30.091506958007812,
            "std_diff_to_data": 4.9553446769714355
        }
    }
}