{
    "train": {
        "error": {
            "rmse": 0.35614320635795593,
            "loglikelihood": -0.4785071313381195,
            "mae": 0.2836492657661438
        },
        "predictive_eval": {
            "kl_div_to_data": 1.0091116428375244,
            "mean_diff_to_data": 0.259861558675766,
            "std_diff_to_data": 0.17404109239578247
        }
    },
    "in_domain": {
        "error": {
            "rmse": 0.5526106357574463,
            "loglikelihood": -0.8150777816772461,
            "mae": 0.43136125802993774
        },
        "predictive_eval": {
            "kl_div_to_data": 1.8034074306488037,
            "mean_diff_to_data": 0.37262871861457825,
            "std_diff_to_data": 0.19255641102790833
        }
    },
    "out_domain": {
        "error": {
            "rmse": 31.362552642822266,
            "loglikelihood": -26.673492431640625,
            "mae": 25.849401473999023
        },
        "predictive_eval": {
            "kl_div_to_data": 5997.5068359375,
            "mean_diff_to_data": 27.032190322875977,
            "std_diff_to_data": 4.26605749130249
        }
    }
}