{
    "train": {
        "error": {
            "rmse": 0.5118355751037598,
            "loglikelihood": -1.1708699464797974,
            "mae": 0.399985671043396
        },
        "predictive_eval": {
            "kl_div_to_data": 0.9527260065078735,
            "mean_diff_to_data": 0.2699500620365143,
            "std_diff_to_data": 0.14728982746601105
        }
    },
    "in_domain": {
        "error": {
            "rmse": 0.6838431358337402,
            "loglikelihood": -2.3134677410125732,
            "mae": 0.5334932208061218
        },
        "predictive_eval": {
            "kl_div_to_data": 1.8278692960739136,
            "mean_diff_to_data": 0.3906329870223999,
            "std_diff_to_data": 0.16060511767864227
        }
    },
    "out_domain": {
        "error": {
            "rmse": 36.719932556152344,
            "loglikelihood": -7494.96435546875,
            "mae": 30.208337783813477
        },
        "predictive_eval": {
            "kl_div_to_data": 7392.75048828125,
            "mean_diff_to_data": 30.091506958007812,
            "std_diff_to_data": 4.9553446769714355
        }
    }
}