{
    "train": {
        "error": {
            "rmse": 0.4999547004699707,
            "loglikelihood": -1.1043285131454468,
            "mae": 0.39114806056022644
        },
        "predictive_eval": {
            "kl_div_to_data": 0.9303525686264038,
            "mean_diff_to_data": 0.27483904361724854,
            "std_diff_to_data": 0.138161301612854
        }
    },
    "in_domain": {
        "error": {
            "rmse": 0.6384077668190002,
            "loglikelihood": -1.9795984029769897,
            "mae": 0.4927785396575928
        },
        "predictive_eval": {
            "kl_div_to_data": 1.431366205215454,
            "mean_diff_to_data": 0.34293296933174133,
            "std_diff_to_data": 0.1517421305179596
        }
    },
    "out_domain": {
        "error": {
            "rmse": 38.08994674682617,
            "loglikelihood": -8062.04931640625,
            "mae": 31.44537353515625
        },
        "predictive_eval": {
            "kl_div_to_data": 8466.2744140625,
            "mean_diff_to_data": 32.55211639404297,
            "std_diff_to_data": 4.965646266937256
        }
    }
}