{
    "train": {
        "error": {
            "rmse": 0.3577151298522949,
            "loglikelihood": -0.4882434010505676,
            "mae": 0.2854934334754944
        },
        "predictive_eval": {
            "kl_div_to_data": 1.0360242128372192,
            "mean_diff_to_data": 0.26213669776916504,
            "std_diff_to_data": 0.18160751461982727
        }
    },
    "test": {
        "error": {
            "rmse": 24.822534561157227,
            "loglikelihood": -14.151717185974121,
            "mae": 14.699907302856445
        },
        "predictive_eval": {
            "kl_div_to_data": 3882.601318359375,
            "mean_diff_to_data": 15.96308708190918,
            "std_diff_to_data": 2.6983609199523926
        }
    },
    "in_domain": {
        "error": {
            "rmse": 0.5941767692565918,
            "loglikelihood": -0.9017515182495117,
            "mae": 0.45999574661254883
        },
        "predictive_eval": {
            "kl_div_to_data": 2.098644495010376,
            "mean_diff_to_data": 0.4196520447731018,
            "std_diff_to_data": 0.19341132044792175
        }
    },
    "out_domain": {
        "error": {
            "rmse": 35.09525680541992,
            "loglikelihood": -27.513477325439453,
            "mae": 28.94032096862793
        },
        "predictive_eval": {
            "kl_div_to_data": 7568.72607421875,
            "mean_diff_to_data": 30.3851375579834,
            "std_diff_to_data": 4.8614983558654785
        }
    }
}