{
    "train": {
        "error": {
            "rmse": 0.3820359706878662,
            "loglikelihood": -0.5022603869438171,
            "mae": 0.30440592765808105
        },
        "predictive_eval": {
            "kl_div_to_data": 0.9303525686264038,
            "mean_diff_to_data": 0.27483904361724854,
            "std_diff_to_data": 0.138161301612854
        }
    },
    "in_domain": {
        "error": {
            "rmse": 0.5437982082366943,
            "loglikelihood": -0.8382405638694763,
            "mae": 0.42525455355644226
        },
        "predictive_eval": {
            "kl_div_to_data": 1.431366205215454,
            "mean_diff_to_data": 0.34293296933174133,
            "std_diff_to_data": 0.1517421305179596
        }
    },
    "out_domain": {
        "error": {
            "rmse": 37.74592971801758,
            "loglikelihood": -28.947345733642578,
            "mae": 31.34986686706543
        },
        "predictive_eval": {
            "kl_div_to_data": 8466.2744140625,
            "mean_diff_to_data": 32.55211639404297,
            "std_diff_to_data": 4.965646266937256
        }
    }
}