{
    "train": {
        "error": {
            "rmse": 0.5345650911331177,
            "loglikelihood": -1.302561640739441,
            "mae": 0.41326355934143066
        },
        "predictive_eval": {
            "kl_div_to_data": 1.0309934616088867,
            "mean_diff_to_data": 0.2624923288822174,
            "std_diff_to_data": 0.18030685186386108
        }
    },
    "in_domain": {
        "error": {
            "rmse": 0.701056718826294,
            "loglikelihood": -2.4467251300811768,
            "mae": 0.5394513607025146
        },
        "predictive_eval": {
            "kl_div_to_data": 2.094179630279541,
            "mean_diff_to_data": 0.41970595717430115,
            "std_diff_to_data": 0.19268114864826202
        }
    },
    "out_domain": {
        "error": {
            "rmse": 36.00776290893555,
            "loglikelihood": -7203.7939453125,
            "mae": 29.709131240844727
        },
        "predictive_eval": {
            "kl_div_to_data": 7553.36181640625,
            "mean_diff_to_data": 30.359846115112305,
            "std_diff_to_data": 4.860640525817871
        }
    }
}