{
    "test_error": {
        "rmse": 1.229405951499939,
        "mae": 0.9180192470550537
    },
    "in_domain_error": {
        "rmse": 0.9891627788543701,
        "mae": 0.791679710149765
    },
    "out_domain_error": {
        "rmse": 8.021414422988892,
        "mae": 6.074467658996582
    },
    "predictive": {
        "kl_div": 0.31756940484046936,
        "standardized_mean_diff": 0.2397545427083969,
        "mean_diff": 0.38340818881988525,
        "std_diff": 0.24221999943256378
    },
    "predictive_in_domain": {
        "kl_div": 0.012017929926514626,
        "standardized_mean_diff": 0.06748852878808975,
        "mean_diff": 0.09856642037630081,
        "std_diff": 0.06030604615807533
    },
    "predictive_out_domain": {
        "kl_div": 30.070358276367188,
        "standardized_mean_diff": 3.255563974380493,
        "mean_diff": 5.6392621994018555,
        "std_diff": 0.48444420099258423
    }
}