{
    "train": {
        "error": {
            "rmse": 0.938102662563324,
            "loglikelihood": -1.4081953763961792,
            "mae": 0.7406336069107056
        },
        "predictive_eval": {
            "kl_div_to_data": 3.08009672164917,
            "mean_diff_to_data": 0.6898387670516968,
            "std_diff_to_data": 0.7012564539909363
        }
    },
    "in_domain": {
        "error": {
            "rmse": 1.2030339241027832,
            "loglikelihood": -1.6028509140014648,
            "mae": 0.9504866600036621
        },
        "predictive_eval": {
            "kl_div_to_data": 3.803011655807495,
            "mean_diff_to_data": 0.8362955451011658,
            "std_diff_to_data": 0.7003834247589111
        }
    },
    "out_domain": {
        "error": {
            "rmse": 13.377760887145996,
            "loglikelihood": -30.0756893157959,
            "mae": 10.709352493286133
        },
        "predictive_eval": {
            "kl_div_to_data": 364.9442443847656,
            "mean_diff_to_data": 10.808361053466797,
            "std_diff_to_data": 1.263465404510498
        }
    }
}