{
    "train": {
        "error": {
            "rmse": 0.9489879012107849,
            "loglikelihood": -1.4178472757339478,
            "mae": 0.752241313457489
        },
        "predictive_eval": {
            "kl_div_to_data": 3.1305630207061768,
            "mean_diff_to_data": 0.704240083694458,
            "std_diff_to_data": 0.7119240760803223
        }
    },
    "in_domain": {
        "error": {
            "rmse": 1.2119475603103638,
            "loglikelihood": -1.6098871231079102,
            "mae": 0.9605213403701782
        },
        "predictive_eval": {
            "kl_div_to_data": 4.062331676483154,
            "mean_diff_to_data": 0.8739048838615417,
            "std_diff_to_data": 0.7078402638435364
        }
    },
    "out_domain": {
        "error": {
            "rmse": 13.313200950622559,
            "loglikelihood": -29.694631576538086,
            "mae": 10.6202392578125
        },
        "predictive_eval": {
            "kl_div_to_data": 360.0431213378906,
            "mean_diff_to_data": 10.657906532287598,
            "std_diff_to_data": 1.265390396118164
        }
    }
}