{
    "train": {
        "error": {
            "rmse": 0.9342332482337952,
            "loglikelihood": -1.408263921737671,
            "mae": 0.7417096495628357
        },
        "predictive_eval": {
            "kl_div_to_data": 3.021707534790039,
            "mean_diff_to_data": 0.67140793800354,
            "std_diff_to_data": 0.707427978515625
        }
    },
    "in_domain": {
        "error": {
            "rmse": 1.2020701169967651,
            "loglikelihood": -1.6014950275421143,
            "mae": 0.9529072046279907
        },
        "predictive_eval": {
            "kl_div_to_data": 4.009040355682373,
            "mean_diff_to_data": 0.8638660907745361,
            "std_diff_to_data": 0.7112534046173096
        }
    },
    "out_domain": {
        "error": {
            "rmse": 13.397295951843262,
            "loglikelihood": -29.441476821899414,
            "mae": 10.72624683380127
        },
        "predictive_eval": {
            "kl_div_to_data": 367.122314453125,
            "mean_diff_to_data": 10.858202934265137,
            "std_diff_to_data": 1.2805603742599487
        }
    }
}