{
    "train": {
        "error": {
            "rmse": 0.9425191283226013,
            "loglikelihood": -1.4126529693603516,
            "mae": 0.7457228302955627
        },
        "predictive_eval": {
            "kl_div_to_data": 3.089191436767578,
            "mean_diff_to_data": 0.6954233050346375,
            "std_diff_to_data": 0.7067779898643494
        }
    },
    "in_domain": {
        "error": {
            "rmse": 1.2124255895614624,
            "loglikelihood": -1.610547423362732,
            "mae": 0.9549609422683716
        },
        "predictive_eval": {
            "kl_div_to_data": 3.9050419330596924,
            "mean_diff_to_data": 0.8625937700271606,
            "std_diff_to_data": 0.7072575688362122
        }
    },
    "out_domain": {
        "error": {
            "rmse": 13.301782608032227,
            "loglikelihood": -29.543684005737305,
            "mae": 10.643375396728516
        },
        "predictive_eval": {
            "kl_div_to_data": 356.3574523925781,
            "mean_diff_to_data": 10.649197578430176,
            "std_diff_to_data": 1.2651134729385376
        }
    }
}