{
    "train": {
        "error": {
            "rmse": 1.0740975141525269,
            "loglikelihood": -1.4913151264190674,
            "mae": 0.8511740565299988
        },
        "predictive_eval": {
            "kl_div_to_data": 3.082839250564575,
            "mean_diff_to_data": 0.6957479119300842,
            "std_diff_to_data": 0.7059952616691589
        }
    },
    "in_domain": {
        "error": {
            "rmse": 1.2913398742675781,
            "loglikelihood": -1.715802550315857,
            "mae": 1.0200785398483276
        },
        "predictive_eval": {
            "kl_div_to_data": 3.9031436443328857,
            "mean_diff_to_data": 0.8621383905410767,
            "std_diff_to_data": 0.70650714635849
        }
    },
    "out_domain": {
        "error": {
            "rmse": 13.318805694580078,
            "loglikelihood": -75.44124603271484,
            "mae": 10.658525466918945
        },
        "predictive_eval": {
            "kl_div_to_data": 356.0737609863281,
            "mean_diff_to_data": 10.645548820495605,
            "std_diff_to_data": 1.2633708715438843
        }
    }
}