{
    "train": {
        "error": {
            "rmse": 0.9418821334838867,
            "loglikelihood": -1.4118964672088623,
            "mae": 0.7449652552604675
        },
        "predictive_eval": {
            "kl_div_to_data": 3.089756727218628,
            "mean_diff_to_data": 0.693112313747406,
            "std_diff_to_data": 0.70827317237854
        }
    },
    "in_domain": {
        "error": {
            "rmse": 1.211957573890686,
            "loglikelihood": -1.6092280149459839,
            "mae": 0.9546207785606384
        },
        "predictive_eval": {
            "kl_div_to_data": 3.908872604370117,
            "mean_diff_to_data": 0.862431526184082,
            "std_diff_to_data": 0.7077732682228088
        }
    },
    "out_domain": {
        "error": {
            "rmse": 13.301630973815918,
            "loglikelihood": -29.558990478515625,
            "mae": 10.642253875732422
        },
        "predictive_eval": {
            "kl_div_to_data": 356.1282958984375,
            "mean_diff_to_data": 10.646647453308105,
            "std_diff_to_data": 1.2617326974868774
        }
    }
}