{
    "train": {
        "error": {
            "rmse": 0.9495590329170227,
            "loglikelihood": -1.4182244539260864,
            "mae": 0.752825915813446
        },
        "predictive_eval": {
            "kl_div_to_data": 3.1314573287963867,
            "mean_diff_to_data": 0.7034475207328796,
            "std_diff_to_data": 0.7133463025093079
        }
    },
    "in_domain": {
        "error": {
            "rmse": 1.211848497390747,
            "loglikelihood": -1.6104233264923096,
            "mae": 0.9602225422859192
        },
        "predictive_eval": {
            "kl_div_to_data": 4.083118438720703,
            "mean_diff_to_data": 0.8748204112052917,
            "std_diff_to_data": 0.7109606862068176
        }
    },
    "out_domain": {
        "error": {
            "rmse": 13.312800407409668,
            "loglikelihood": -29.745336532592773,
            "mae": 10.619463920593262
        },
        "predictive_eval": {
            "kl_div_to_data": 360.09173583984375,
            "mean_diff_to_data": 10.657166481018066,
            "std_diff_to_data": 1.2656909227371216
        }
    }
}