{
    "train": {
        "error": {
            "rmse": 1.08343505859375,
            "loglikelihood": -1.4993401765823364,
            "mae": 0.861482560634613
        },
        "predictive_eval": {
            "kl_div_to_data": 3.0747241973876953,
            "mean_diff_to_data": 0.7029873132705688,
            "std_diff_to_data": 0.7004361748695374
        }
    },
    "in_domain": {
        "error": {
            "rmse": 1.3273913860321045,
            "loglikelihood": -1.763267159461975,
            "mae": 1.0550965070724487
        },
        "predictive_eval": {
            "kl_div_to_data": 3.8948047161102295,
            "mean_diff_to_data": 0.852882444858551,
            "std_diff_to_data": 0.7019655108451843
        }
    },
    "out_domain": {
        "error": {
            "rmse": 13.40298843383789,
            "loglikelihood": -81.31596374511719,
            "mae": 10.72074031829834
        },
        "predictive_eval": {
            "kl_div_to_data": 357.7450256347656,
            "mean_diff_to_data": 10.6780366897583,
            "std_diff_to_data": 1.2746657133102417
        }
    }
}