{
    "train": {
        "error": {
            "rmse": 1.0734411478042603,
            "loglikelihood": -1.4913451671600342,
            "mae": 0.8510774970054626
        },
        "predictive_eval": {
            "kl_div_to_data": 3.0867817401885986,
            "mean_diff_to_data": 0.6915759444236755,
            "std_diff_to_data": 0.7014786601066589
        }
    },
    "in_domain": {
        "error": {
            "rmse": 1.3104829788208008,
            "loglikelihood": -1.729722023010254,
            "mae": 1.0396627187728882
        },
        "predictive_eval": {
            "kl_div_to_data": 3.8173317909240723,
            "mean_diff_to_data": 0.8369477391242981,
            "std_diff_to_data": 0.7008353471755981
        }
    },
    "out_domain": {
        "error": {
            "rmse": 13.480595588684082,
            "loglikelihood": -78.71302032470703,
            "mae": 10.792204856872559
        },
        "predictive_eval": {
            "kl_div_to_data": 365.1140441894531,
            "mean_diff_to_data": 10.811765670776367,
            "std_diff_to_data": 1.2638211250305176
        }
    }
}