{
    "train": {
        "error": {
            "rmse": 0.9333773255348206,
            "loglikelihood": -1.4077576398849487,
            "mae": 0.7407664656639099
        },
        "predictive_eval": {
            "kl_div_to_data": 3.0362870693206787,
            "mean_diff_to_data": 0.6720287203788757,
            "std_diff_to_data": 0.7089857459068298
        }
    },
    "in_domain": {
        "error": {
            "rmse": 1.2022993564605713,
            "loglikelihood": -1.6013602018356323,
            "mae": 0.9529563188552856
        },
        "predictive_eval": {
            "kl_div_to_data": 3.9939613342285156,
            "mean_diff_to_data": 0.865739643573761,
            "std_diff_to_data": 0.7079681754112244
        }
    },
    "out_domain": {
        "error": {
            "rmse": 13.397638320922852,
            "loglikelihood": -29.440610885620117,
            "mae": 10.726409912109375
        },
        "predictive_eval": {
            "kl_div_to_data": 367.19964599609375,
            "mean_diff_to_data": 10.859447479248047,
            "std_diff_to_data": 1.2752888202667236
        }
    }
}