{
    "train": {
        "error": {
            "rmse": 0.9293622374534607,
            "loglikelihood": -1.4020637273788452,
            "mae": 0.7357529401779175
        },
        "predictive_eval": {
            "kl_div_to_data": 3.0645086765289307,
            "mean_diff_to_data": 0.7038392424583435,
            "std_diff_to_data": 0.6995533108711243
        }
    },
    "in_domain": {
        "error": {
            "rmse": 1.197106957435608,
            "loglikelihood": -1.5967499017715454,
            "mae": 0.9479527473449707
        },
        "predictive_eval": {
            "kl_div_to_data": 3.8880810737609863,
            "mean_diff_to_data": 0.8527272939682007,
            "std_diff_to_data": 0.700243353843689
        }
    },
    "out_domain": {
        "error": {
            "rmse": 13.34933853149414,
            "loglikelihood": -29.424741744995117,
            "mae": 10.675824165344238
        },
        "predictive_eval": {
            "kl_div_to_data": 357.7012634277344,
            "mean_diff_to_data": 10.676530838012695,
            "std_diff_to_data": 1.2817519903182983
        }
    }
}