{
    "train": {
        "error": {
            "rmse": 0.9374378323554993,
            "loglikelihood": -1.4076093435287476,
            "mae": 0.7401458621025085
        },
        "predictive_eval": {
            "kl_div_to_data": 3.09250545501709,
            "mean_diff_to_data": 0.6894965171813965,
            "std_diff_to_data": 0.7044369578361511
        }
    },
    "in_domain": {
        "error": {
            "rmse": 1.2024811506271362,
            "loglikelihood": -1.6014578342437744,
            "mae": 0.9499818086624146
        },
        "predictive_eval": {
            "kl_div_to_data": 3.807981491088867,
            "mean_diff_to_data": 0.8341832160949707,
            "std_diff_to_data": 0.7027056813240051
        }
    },
    "out_domain": {
        "error": {
            "rmse": 13.3776216506958,
            "loglikelihood": -29.952787399291992,
            "mae": 10.708685874938965
        },
        "predictive_eval": {
            "kl_div_to_data": 365.18524169921875,
            "mean_diff_to_data": 10.813851356506348,
            "std_diff_to_data": 1.2640597820281982
        }
    }
}