{
    "test_error": {
        "rmse": 1.8259252071380616,
        "mae": 1.4539201140403748
    },
    "in_domain_error": {
        "rmse": 1.7378809928894043,
        "mae": 1.3934804797172546
    },
    "out_domain_error": {
        "rmse": 2.1006025671958923,
        "mae": 1.6831714987754822
    },
    "predictive": {
        "kl_div": 7.05018949508667,
        "standardized_mean_diff": 0.12788055837154388,
        "mean_diff": 0.3780743479728699,
        "std_diff": 2.305002450942993
    },
    "predictive_in_domain": {
        "kl_div": 1.1228102445602417,
        "standardized_mean_diff": 0.09804492443799973,
        "mean_diff": 0.15685902535915375,
        "std_diff": 0.2477058321237564
    },
    "predictive_out_domain": {
        "kl_div": 7.6379899978637695,
        "standardized_mean_diff": 0.22304752469062805,
        "mean_diff": 0.8314893245697021,
        "std_diff": 2.8668627738952637
    }
}