{
    "test_error": {
        "rmse": 1.4861695528030396,
        "mae": 1.193256688117981
    },
    "in_domain_error": {
        "rmse": 1.4977984070777892,
        "mae": 1.206213927268982
    },
    "out_domain_error": {
        "rmse": 1.5047675848007203,
        "mae": 1.2150748372077942
    },
    "predictive": {
        "kl_div": 4.766210079193115,
        "standardized_mean_diff": 0.024722779169678688,
        "mean_diff": 0.02799912728369236,
        "std_diff": 0.5375502705574036
    },
    "predictive_in_domain": {
        "kl_div": 5.002857685089111,
        "standardized_mean_diff": 0.019235413521528244,
        "mean_diff": 0.021369922906160355,
        "std_diff": 0.5089194774627686
    },
    "predictive_out_domain": {
        "kl_div": 4.976081848144531,
        "standardized_mean_diff": 0.0024405268486589193,
        "mean_diff": 0.002594604389742017,
        "std_diff": 0.5647876262664795
    }
}