{
    "test_error": {
        "rmse": 1.4837807178497315,
        "mae": 1.1908344745635986
    },
    "in_domain_error": {
        "rmse": 1.4959652185440064,
        "mae": 1.2093000769615174
    },
    "out_domain_error": {
        "rmse": 1.5011536121368407,
        "mae": 1.213153564929962
    },
    "predictive": {
        "kl_div": 4.766210079193115,
        "mean_diff": 1.120179533958435,
        "std_diff": 0.5375502705574036
    },
    "predictive_in_domain": {
        "kl_div": 5.002857685089111,
        "mean_diff": 1.1652156114578247,
        "std_diff": 0.5089194774627686
    },
    "predictive_out_domain": {
        "kl_div": 4.976081848144531,
        "mean_diff": 1.1291855573654175,
        "std_diff": 0.5647876262664795
    }
}