{
    "train": {
        "error": {
            "rmse": 0.633292019367218,
            "loglikelihood": -1.0572727918624878,
            "mae": 0.5004436373710632
        },
        "predictive_eval": {
            "kl_div_to_data": 2.6239004135131836,
            "mean_diff_to_data": 0.34976354241371155,
            "std_diff_to_data": 0.4175318479537964
        }
    },
    "in_domain": {
        "error": {
            "rmse": 0.6976118683815002,
            "loglikelihood": -1.1872913837432861,
            "mae": 0.5488787889480591
        },
        "predictive_eval": {
            "kl_div_to_data": 3.088524580001831,
            "mean_diff_to_data": 0.400163859128952,
            "std_diff_to_data": 0.42376708984375
        }
    },
    "out_domain": {
        "error": {
            "rmse": 41.520721435546875,
            "loglikelihood": -2698.824951171875,
            "mae": 34.05562210083008
        },
        "predictive_eval": {
            "kl_div_to_data": 9739.1708984375,
            "mean_diff_to_data": 33.94224166870117,
            "std_diff_to_data": 7.73924446105957
        }
    }
}