{
    "train": {
        "error": {
            "rmse": 0.5309377908706665,
            "loglikelihood": -0.9055291414260864,
            "mae": 0.42233482003211975
        },
        "predictive_eval": {
            "kl_div_to_data": 3.283219575881958,
            "mean_diff_to_data": 0.3693850040435791,
            "std_diff_to_data": 0.4896967113018036
        }
    },
    "in_domain": {
        "error": {
            "rmse": 0.6199592351913452,
            "loglikelihood": -0.9782856106758118,
            "mae": 0.49079152941703796
        },
        "predictive_eval": {
            "kl_div_to_data": 3.746398448944092,
            "mean_diff_to_data": 0.4229663610458374,
            "std_diff_to_data": 0.4966184198856354
        }
    },
    "out_domain": {
        "error": {
            "rmse": 37.58794403076172,
            "loglikelihood": -14.348132133483887,
            "mae": 30.675662994384766
        },
        "predictive_eval": {
            "kl_div_to_data": 8638.0908203125,
            "mean_diff_to_data": 31.64240264892578,
            "std_diff_to_data": 7.474305152893066
        }
    }
}