{
    "train": {
        "error": {
            "rmse": 0.7436650991439819,
            "loglikelihood": -1.2241716384887695,
            "mae": 0.5883472561836243
        },
        "predictive_eval": {
            "kl_div_to_data": 3.716625928878784,
            "mean_diff_to_data": 0.40271106362342834,
            "std_diff_to_data": 0.5187606811523438
        }
    },
    "in_domain": {
        "error": {
            "rmse": 0.8163843154907227,
            "loglikelihood": -1.3556400537490845,
            "mae": 0.6346394419670105
        },
        "predictive_eval": {
            "kl_div_to_data": 4.656861305236816,
            "mean_diff_to_data": 0.48174554109573364,
            "std_diff_to_data": 0.5282314419746399
        }
    },
    "out_domain": {
        "error": {
            "rmse": 39.919166564941406,
            "loglikelihood": -2036.4166259765625,
            "mae": 32.26906967163086
        },
        "predictive_eval": {
            "kl_div_to_data": 8590.841796875,
            "mean_diff_to_data": 31.540653228759766,
            "std_diff_to_data": 7.529353618621826
        }
    }
}