{
    "train": {
        "error": {
            "rmse": 0.6818576455116272,
            "loglikelihood": -1.037029504776001,
            "mae": 0.5358434915542603
        },
        "predictive_eval": {
            "kl_div_to_data": 3.1765782833099365,
            "mean_diff_to_data": 0.34826624393463135,
            "std_diff_to_data": 0.4918082356452942
        }
    },
    "in_domain": {
        "error": {
            "rmse": 0.7344487905502319,
            "loglikelihood": -1.12250554561615,
            "mae": 0.5718573927879333
        },
        "predictive_eval": {
            "kl_div_to_data": 3.6696150302886963,
            "mean_diff_to_data": 0.4116467833518982,
            "std_diff_to_data": 0.4991205930709839
        }
    },
    "out_domain": {
        "error": {
            "rmse": 37.72634506225586,
            "loglikelihood": -1561.03759765625,
            "mae": 30.534717559814453
        },
        "predictive_eval": {
            "kl_div_to_data": 8389.8095703125,
            "mean_diff_to_data": 31.226606369018555,
            "std_diff_to_data": 7.631665229797363
        }
    }
}