{
    "train": {
        "error": {
            "rmse": 0.6675251126289368,
            "loglikelihood": -1.0164003372192383,
            "mae": 0.5255076289176941
        },
        "predictive_eval": {
            "kl_div_to_data": 3.279050350189209,
            "mean_diff_to_data": 0.3677486181259155,
            "std_diff_to_data": 0.49010536074638367
        }
    },
    "in_domain": {
        "error": {
            "rmse": 0.7428067922592163,
            "loglikelihood": -1.1266239881515503,
            "mae": 0.5819069147109985
        },
        "predictive_eval": {
            "kl_div_to_data": 3.7744877338409424,
            "mean_diff_to_data": 0.4259265661239624,
            "std_diff_to_data": 0.49759113788604736
        }
    },
    "out_domain": {
        "error": {
            "rmse": 39.860496520996094,
            "loglikelihood": -1727.3349609375,
            "mae": 32.43586349487305
        },
        "predictive_eval": {
            "kl_div_to_data": 8641.5556640625,
            "mean_diff_to_data": 31.667158126831055,
            "std_diff_to_data": 7.4177937507629395
        }
    }
}