{
    "train": {
        "error": {
            "rmse": 0.5026965737342834,
            "loglikelihood": -0.8834835886955261,
            "mae": 0.40034958720207214
        },
        "predictive_eval": {
            "kl_div_to_data": 3.1621992588043213,
            "mean_diff_to_data": 0.3471086621284485,
            "std_diff_to_data": 0.49020496010780334
        }
    },
    "test": {
        "error": {
            "rmse": 26.242067337036133,
            "loglikelihood": -7.3105669021606445,
            "mae": 15.386804580688477
        },
        "predictive_eval": {
            "kl_div_to_data": 4423.8916015625,
            "mean_diff_to_data": 16.62875747680664,
            "std_diff_to_data": 4.339754581451416
        }
    },
    "in_domain": {
        "error": {
            "rmse": 0.5905118584632874,
            "loglikelihood": -0.954091489315033,
            "mae": 0.4677911400794983
        },
        "predictive_eval": {
            "kl_div_to_data": 3.6901724338531494,
            "mean_diff_to_data": 0.41249457001686096,
            "std_diff_to_data": 0.5005640983581543
        }
    },
    "out_domain": {
        "error": {
            "rmse": 37.09967041015625,
            "loglikelihood": -13.69129467010498,
            "mae": 30.28580093383789
        },
        "predictive_eval": {
            "kl_div_to_data": 8405.77734375,
            "mean_diff_to_data": 31.25301170349121,
            "std_diff_to_data": 7.676232814788818
        }
    }
}