{
    "train": {
        "error": {
            "rmse": 0.5030783414840698,
            "loglikelihood": -0.8645694851875305,
            "mae": 0.3995603322982788
        },
        "predictive_eval": {
            "kl_div_to_data": 2.8279688358306885,
            "mean_diff_to_data": 0.3359251022338867,
            "std_diff_to_data": 0.45951807498931885
        }
    },
    "in_domain": {
        "error": {
            "rmse": 0.5848225951194763,
            "loglikelihood": -0.9364208579063416,
            "mae": 0.4652036130428314
        },
        "predictive_eval": {
            "kl_div_to_data": 3.4306108951568604,
            "mean_diff_to_data": 0.4137500822544098,
            "std_diff_to_data": 0.4684712588787079
        }
    },
    "out_domain": {
        "error": {
            "rmse": 39.2037239074707,
            "loglikelihood": -13.961125373840332,
            "mae": 32.02067184448242
        },
        "predictive_eval": {
            "kl_div_to_data": 9462.5673828125,
            "mean_diff_to_data": 33.166358947753906,
            "std_diff_to_data": 8.060959815979004
        }
    }
}