{
    "train": {
        "error": {
            "rmse": 0.7075964212417603,
            "loglikelihood": -1.1652969121932983,
            "mae": 0.5561768412590027
        },
        "predictive_eval": {
            "kl_div_to_data": 3.2671196460723877,
            "mean_diff_to_data": 0.3682610094547272,
            "std_diff_to_data": 0.4883422255516052
        }
    },
    "in_domain": {
        "error": {
            "rmse": 0.7780383825302124,
            "loglikelihood": -1.322387456893921,
            "mae": 0.606482207775116
        },
        "predictive_eval": {
            "kl_div_to_data": 3.7478291988372803,
            "mean_diff_to_data": 0.42362117767333984,
            "std_diff_to_data": 0.49619677662849426
        }
    },
    "out_domain": {
        "error": {
            "rmse": 38.157676696777344,
            "loglikelihood": -2038.602783203125,
            "mae": 30.990514755249023
        },
        "predictive_eval": {
            "kl_div_to_data": 8645.4736328125,
            "mean_diff_to_data": 31.65286636352539,
            "std_diff_to_data": 7.47071647644043
        }
    }
}