{
    "train": {
        "error": {
            "rmse": 0.7016230225563049,
            "loglikelihood": -1.0646194219589233,
            "mae": 0.5500274896621704
        },
        "predictive_eval": {
            "kl_div_to_data": 3.7402734756469727,
            "mean_diff_to_data": 0.4029061198234558,
            "std_diff_to_data": 0.5213826894760132
        }
    },
    "in_domain": {
        "error": {
            "rmse": 0.7879148721694946,
            "loglikelihood": -1.1914352178573608,
            "mae": 0.6131432056427002
        },
        "predictive_eval": {
            "kl_div_to_data": 4.653937339782715,
            "mean_diff_to_data": 0.4815372824668884,
            "std_diff_to_data": 0.52820885181427
        }
    },
    "out_domain": {
        "error": {
            "rmse": 37.95782470703125,
            "loglikelihood": -1473.3375244140625,
            "mae": 30.66180419921875
        },
        "predictive_eval": {
            "kl_div_to_data": 8585.080078125,
            "mean_diff_to_data": 31.546823501586914,
            "std_diff_to_data": 7.457481861114502
        }
    }
}