{
    "train": {
        "error": {
            "rmse": 0.6810038685798645,
            "loglikelihood": -1.135380506515503,
            "mae": 0.5352277755737305
        },
        "predictive_eval": {
            "kl_div_to_data": 2.91324520111084,
            "mean_diff_to_data": 0.33932048082351685,
            "std_diff_to_data": 0.4691255986690521
        }
    },
    "in_domain": {
        "error": {
            "rmse": 0.7620192766189575,
            "loglikelihood": -1.3203299045562744,
            "mae": 0.5905556082725525
        },
        "predictive_eval": {
            "kl_div_to_data": 3.500656843185425,
            "mean_diff_to_data": 0.400634765625,
            "std_diff_to_data": 0.47872692346572876
        }
    },
    "out_domain": {
        "error": {
            "rmse": 37.24905776977539,
            "loglikelihood": -2108.42578125,
            "mae": 30.30183219909668
        },
        "predictive_eval": {
            "kl_div_to_data": 8443.5732421875,
            "mean_diff_to_data": 31.350862503051758,
            "std_diff_to_data": 7.081880569458008
        }
    }
}