{
    "train": {
        "error": {
            "rmse": 0.498931348323822,
            "loglikelihood": -0.8617421388626099,
            "mae": 0.39724549651145935
        },
        "predictive_eval": {
            "kl_div_to_data": 3.0078091621398926,
            "mean_diff_to_data": 0.35773929953575134,
            "std_diff_to_data": 0.46607130765914917
        }
    },
    "in_domain": {
        "error": {
            "rmse": 0.5736825466156006,
            "loglikelihood": -0.9244532585144043,
            "mae": 0.4531819820404053
        },
        "predictive_eval": {
            "kl_div_to_data": 3.370504140853882,
            "mean_diff_to_data": 0.3946385979652405,
            "std_diff_to_data": 0.4773968756198883
        }
    },
    "out_domain": {
        "error": {
            "rmse": 41.10667419433594,
            "loglikelihood": -16.051450729370117,
            "mae": 33.61701583862305
        },
        "predictive_eval": {
            "kl_div_to_data": 10424.6962890625,
            "mean_diff_to_data": 34.91049575805664,
            "std_diff_to_data": 7.65007209777832
        }
    }
}