{
    "train": {
        "error": {
            "rmse": 0.6234551072120667,
            "loglikelihood": -0.9471760988235474,
            "mae": 0.49204346537590027
        },
        "predictive_eval": {
            "kl_div_to_data": 2.6126625537872314,
            "mean_diff_to_data": 0.3497278392314911,
            "std_diff_to_data": 0.41617077589035034
        }
    },
    "in_domain": {
        "error": {
            "rmse": 0.6652629375457764,
            "loglikelihood": -1.0163122415542603,
            "mae": 0.5211808085441589
        },
        "predictive_eval": {
            "kl_div_to_data": 3.0918588638305664,
            "mean_diff_to_data": 0.40063512325286865,
            "std_diff_to_data": 0.4230286180973053
        }
    },
    "out_domain": {
        "error": {
            "rmse": 41.165191650390625,
            "loglikelihood": -2200.510986328125,
            "mae": 33.58849334716797
        },
        "predictive_eval": {
            "kl_div_to_data": 9773.8515625,
            "mean_diff_to_data": 34.00334548950195,
            "std_diff_to_data": 7.706190586090088
        }
    }
}