{
    "train": {
        "error": {
            "rmse": 0.6661611199378967,
            "loglikelihood": -1.116925597190857,
            "mae": 0.5221482515335083
        },
        "predictive_eval": {
            "kl_div_to_data": 2.6263084411621094,
            "mean_diff_to_data": 0.3313905894756317,
            "std_diff_to_data": 0.4358052909374237
        }
    },
    "in_domain": {
        "error": {
            "rmse": 0.7082231044769287,
            "loglikelihood": -1.206058382987976,
            "mae": 0.5552532076835632
        },
        "predictive_eval": {
            "kl_div_to_data": 3.1565914154052734,
            "mean_diff_to_data": 0.4049379229545593,
            "std_diff_to_data": 0.44214555621147156
        }
    },
    "out_domain": {
        "error": {
            "rmse": 39.125667572021484,
            "loglikelihood": -2440.117431640625,
            "mae": 31.997394561767578
        },
        "predictive_eval": {
            "kl_div_to_data": 9217.79296875,
            "mean_diff_to_data": 32.83743667602539,
            "std_diff_to_data": 8.09581470489502
        }
    }
}