{
    "train": {
        "error": {
            "rmse": 0.63929682970047,
            "loglikelihood": -0.9728814959526062,
            "mae": 0.5007110238075256
        },
        "predictive_eval": {
            "kl_div_to_data": 3.006380319595337,
            "mean_diff_to_data": 0.3577086329460144,
            "std_diff_to_data": 0.46590709686279297
        }
    },
    "in_domain": {
        "error": {
            "rmse": 0.7039525508880615,
            "loglikelihood": -1.0702896118164062,
            "mae": 0.5510295629501343
        },
        "predictive_eval": {
            "kl_div_to_data": 3.370734930038452,
            "mean_diff_to_data": 0.3946635127067566,
            "std_diff_to_data": 0.4773341715335846
        }
    },
    "out_domain": {
        "error": {
            "rmse": 41.3991584777832,
            "loglikelihood": -2161.33740234375,
            "mae": 33.726985931396484
        },
        "predictive_eval": {
            "kl_div_to_data": 10425.7373046875,
            "mean_diff_to_data": 34.911983489990234,
            "std_diff_to_data": 7.6489787101745605
        }
    }
}