{
    "train": {
        "error": {
            "rmse": 0.6816790699958801,
            "loglikelihood": -1.1295710802078247,
            "mae": 0.5381887555122375
        },
        "predictive_eval": {
            "kl_div_to_data": 2.832731008529663,
            "mean_diff_to_data": 0.3368804454803467,
            "std_diff_to_data": 0.4594639539718628
        }
    },
    "in_domain": {
        "error": {
            "rmse": 0.7358556985855103,
            "loglikelihood": -1.2242846488952637,
            "mae": 0.5799221396446228
        },
        "predictive_eval": {
            "kl_div_to_data": 3.4371132850646973,
            "mean_diff_to_data": 0.41345301270484924,
            "std_diff_to_data": 0.4696396291255951
        }
    },
    "out_domain": {
        "error": {
            "rmse": 40.222511291503906,
            "loglikelihood": -2525.68603515625,
            "mae": 32.84793472290039
        },
        "predictive_eval": {
            "kl_div_to_data": 9453.0966796875,
            "mean_diff_to_data": 33.142539978027344,
            "std_diff_to_data": 7.996816635131836
        }
    }
}