{
    "train": {
        "error": {
            "rmse": 0.685394823551178,
            "loglikelihood": -1.1508105993270874,
            "mae": 0.5387107729911804
        },
        "predictive_eval": {
            "kl_div_to_data": 3.1819469928741455,
            "mean_diff_to_data": 0.3473266065120697,
            "std_diff_to_data": 0.49227800965309143
        }
    },
    "in_domain": {
        "error": {
            "rmse": 0.7602244019508362,
            "loglikelihood": -1.280760407447815,
            "mae": 0.5946275591850281
        },
        "predictive_eval": {
            "kl_div_to_data": 3.677067756652832,
            "mean_diff_to_data": 0.4128429591655731,
            "std_diff_to_data": 0.4990997612476349
        }
    },
    "out_domain": {
        "error": {
            "rmse": 37.748512268066406,
            "loglikelihood": -2131.60595703125,
            "mae": 30.67972755432129
        },
        "predictive_eval": {
            "kl_div_to_data": 8429.9892578125,
            "mean_diff_to_data": 31.308408737182617,
            "std_diff_to_data": 7.617021560668945
        }
    }
}