{
    "train": {
        "error": {
            "rmse": 0.6827587485313416,
            "loglikelihood": -1.1551212072372437,
            "mae": 0.5318940281867981
        },
        "predictive_eval": {
            "kl_div_to_data": 3.013641595840454,
            "mean_diff_to_data": 0.3570801913738251,
            "std_diff_to_data": 0.4675147831439972
        }
    },
    "in_domain": {
        "error": {
            "rmse": 0.7304229140281677,
            "loglikelihood": -1.2633723020553589,
            "mae": 0.5682206749916077
        },
        "predictive_eval": {
            "kl_div_to_data": 3.3395960330963135,
            "mean_diff_to_data": 0.39113152027130127,
            "std_diff_to_data": 0.4761217534542084
        }
    },
    "out_domain": {
        "error": {
            "rmse": 41.65402603149414,
            "loglikelihood": -2723.75830078125,
            "mae": 34.01192855834961
        },
        "predictive_eval": {
            "kl_div_to_data": 10427.943359375,
            "mean_diff_to_data": 34.9090690612793,
            "std_diff_to_data": 7.699657917022705
        }
    }
}