{
    "train": {
        "error": {
            "rmse": 0.7436749339103699,
            "loglikelihood": -1.2419618368148804,
            "mae": 0.5806678533554077
        },
        "predictive_eval": {
            "kl_div_to_data": 3.6061928272247314,
            "mean_diff_to_data": 0.3535304069519043,
            "std_diff_to_data": 0.5441147685050964
        }
    },
    "in_domain": {
        "error": {
            "rmse": 0.8072620630264282,
            "loglikelihood": -1.3662853240966797,
            "mae": 0.6304925084114075
        },
        "predictive_eval": {
            "kl_div_to_data": 4.189252853393555,
            "mean_diff_to_data": 0.41898271441459656,
            "std_diff_to_data": 0.5574620962142944
        }
    },
    "out_domain": {
        "error": {
            "rmse": 34.5643196105957,
            "loglikelihood": -1475.435546875,
            "mae": 28.092620849609375
        },
        "predictive_eval": {
            "kl_div_to_data": 7332.29150390625,
            "mean_diff_to_data": 28.894515991210938,
            "std_diff_to_data": 7.824278354644775
        }
    }
}