{
    "train": {
        "error": {
            "rmse": 0.5209771990776062,
            "loglikelihood": -0.9378779530525208,
            "mae": 0.4135286509990692
        },
        "predictive_eval": {
            "kl_div_to_data": 3.610306978225708,
            "mean_diff_to_data": 0.35375794768333435,
            "std_diff_to_data": 0.5440926551818848
        }
    },
    "in_domain": {
        "error": {
            "rmse": 0.6043618321418762,
            "loglikelihood": -0.999079167842865,
            "mae": 0.4794635772705078
        },
        "predictive_eval": {
            "kl_div_to_data": 4.187633991241455,
            "mean_diff_to_data": 0.4208645820617676,
            "std_diff_to_data": 0.556464433670044
        }
    },
    "out_domain": {
        "error": {
            "rmse": 34.6189079284668,
            "loglikelihood": -11.806551933288574,
            "mae": 28.17681884765625
        },
        "predictive_eval": {
            "kl_div_to_data": 7316.17578125,
            "mean_diff_to_data": 28.853832244873047,
            "std_diff_to_data": 7.8725738525390625
        }
    }
}