{
    "train": {
        "error": {
            "rmse": 0.7139308452606201,
            "loglikelihood": -1.1959853172302246,
            "mae": 0.5628983378410339
        },
        "predictive_eval": {
            "kl_div_to_data": 3.336679220199585,
            "mean_diff_to_data": 0.3793047070503235,
            "std_diff_to_data": 0.4907910227775574
        }
    },
    "in_domain": {
        "error": {
            "rmse": 0.780573844909668,
            "loglikelihood": -1.3237448930740356,
            "mae": 0.6106897592544556
        },
        "predictive_eval": {
            "kl_div_to_data": 3.8581459522247314,
            "mean_diff_to_data": 0.4324662387371063,
            "std_diff_to_data": 0.49743521213531494
        }
    },
    "out_domain": {
        "error": {
            "rmse": 36.580692291259766,
            "loglikelihood": -1714.388916015625,
            "mae": 29.62668800354004
        },
        "predictive_eval": {
            "kl_div_to_data": 8139.62939453125,
            "mean_diff_to_data": 30.516281127929688,
            "std_diff_to_data": 8.413115501403809
        }
    }
}