{
    "train": {
        "error": {
            "rmse": 0.6444231271743774,
            "loglikelihood": -0.980191707611084,
            "mae": 0.5045475959777832
        },
        "predictive_eval": {
            "kl_div_to_data": 2.925802230834961,
            "mean_diff_to_data": 0.33908021450042725,
            "std_diff_to_data": 0.4709073007106781
        }
    },
    "in_domain": {
        "error": {
            "rmse": 0.7046191096305847,
            "loglikelihood": -1.076284408569336,
            "mae": 0.5424913763999939
        },
        "predictive_eval": {
            "kl_div_to_data": 3.5091969966888428,
            "mean_diff_to_data": 0.40219587087631226,
            "std_diff_to_data": 0.47866350412368774
        }
    },
    "out_domain": {
        "error": {
            "rmse": 37.41511535644531,
            "loglikelihood": -1622.87744140625,
            "mae": 30.369138717651367
        },
        "predictive_eval": {
            "kl_div_to_data": 8404.201171875,
            "mean_diff_to_data": 31.263551712036133,
            "std_diff_to_data": 7.150078296661377
        }
    }
}