{
    "train": {
        "error": {
            "rmse": 0.4958071708679199,
            "loglikelihood": -0.8366894125938416,
            "mae": 0.39425989985466003
        },
        "predictive_eval": {
            "kl_div_to_data": 2.607832670211792,
            "mean_diff_to_data": 0.3321096897125244,
            "std_diff_to_data": 0.4334971308708191
        }
    },
    "in_domain": {
        "error": {
            "rmse": 0.5643487572669983,
            "loglikelihood": -0.8964678049087524,
            "mae": 0.44723477959632874
        },
        "predictive_eval": {
            "kl_div_to_data": 3.163604974746704,
            "mean_diff_to_data": 0.40598464012145996,
            "std_diff_to_data": 0.4426157772541046
        }
    },
    "out_domain": {
        "error": {
            "rmse": 38.74492263793945,
            "loglikelihood": -13.513130187988281,
            "mae": 31.76112174987793
        },
        "predictive_eval": {
            "kl_div_to_data": 9183.3974609375,
            "mean_diff_to_data": 32.77839660644531,
            "std_diff_to_data": 8.111797332763672
        }
    }
}