{
    "train": {
        "error": {
            "rmse": 0.5589500069618225,
            "loglikelihood": -0.9518147706985474,
            "mae": 0.4452243745326996
        },
        "predictive_eval": {
            "kl_div_to_data": 3.7179908752441406,
            "mean_diff_to_data": 0.40236255526542664,
            "std_diff_to_data": 0.5190971493721008
        }
    },
    "in_domain": {
        "error": {
            "rmse": 0.6615620851516724,
            "loglikelihood": -1.0332227945327759,
            "mae": 0.5160673260688782
        },
        "predictive_eval": {
            "kl_div_to_data": 4.651024341583252,
            "mean_diff_to_data": 0.48005127906799316,
            "std_diff_to_data": 0.5290970206260681
        }
    },
    "out_domain": {
        "error": {
            "rmse": 37.57322311401367,
            "loglikelihood": -14.504358291625977,
            "mae": 30.454984664916992
        },
        "predictive_eval": {
            "kl_div_to_data": 8618.072265625,
            "mean_diff_to_data": 31.601043701171875,
            "std_diff_to_data": 7.537508487701416
        }
    }
}