{
    "train": {
        "error": {
            "rmse": 0.7183091640472412,
            "loglikelihood": -1.0882633924484253,
            "mae": 0.5615991950035095
        },
        "predictive_eval": {
            "kl_div_to_data": 3.631646156311035,
            "mean_diff_to_data": 0.35491669178009033,
            "std_diff_to_data": 0.546029269695282
        }
    },
    "in_domain": {
        "error": {
            "rmse": 0.7535127997398376,
            "loglikelihood": -1.1405397653579712,
            "mae": 0.5880469679832458
        },
        "predictive_eval": {
            "kl_div_to_data": 4.164892196655273,
            "mean_diff_to_data": 0.41679906845092773,
            "std_diff_to_data": 0.5570462942123413
        }
    },
    "out_domain": {
        "error": {
            "rmse": 35.50761795043945,
            "loglikelihood": -1229.7230224609375,
            "mae": 28.8110408782959
        },
        "predictive_eval": {
            "kl_div_to_data": 7329.98291015625,
            "mean_diff_to_data": 28.876874923706055,
            "std_diff_to_data": 7.914999008178711
        }
    }
}