{
    "train": {
        "error": {
            "rmse": 0.5028293132781982,
            "loglikelihood": -0.8839995265007019,
            "mae": 0.40029412508010864
        },
        "predictive_eval": {
            "kl_div_to_data": 3.15828275680542,
            "mean_diff_to_data": 0.3468148708343506,
            "std_diff_to_data": 0.4904302954673767
        }
    },
    "in_domain": {
        "error": {
            "rmse": 0.5911437273025513,
            "loglikelihood": -0.9548959732055664,
            "mae": 0.46824899315834045
        },
        "predictive_eval": {
            "kl_div_to_data": 3.689925193786621,
            "mean_diff_to_data": 0.4134892523288727,
            "std_diff_to_data": 0.5005636215209961
        }
    },
    "out_domain": {
        "error": {
            "rmse": 37.074459075927734,
            "loglikelihood": -13.646893501281738,
            "mae": 30.2657413482666
        },
        "predictive_eval": {
            "kl_div_to_data": 8390.5595703125,
            "mean_diff_to_data": 31.22422981262207,
            "std_diff_to_data": 7.682290554046631
        }
    }
}