{
    "train_error": {
        "rmse": 4.19880485534668,
        "loglikelihood": -35.48571014404297
    },
    "test_error": {
        "rmse": 104.90779876708984,
        "loglikelihood": -22011.51953125
    },
    "in_domain_error": {
        "rmse": 5.202620506286621,
        "loglikelihood": -54.360313415527344
    },
    "out_domain_error": {
        "rmse": 148.42343139648438,
        "loglikelihood": -44059.25
    },
    "predictive_train": {
        "kl_div": 34.905147552490234,
        "mean_diff": 3.484604597091675,
        "std_diff": 0.03054049052298069
    },
    "predictive_test": {
        "kl_div": 22005.357421875,
        "mean_diff": 75.07087707519531,
        "std_diff": 0.11733445525169373
    },
    "predictive_in_domain": {
        "kl_div": 54.952880859375,
        "mean_diff": 4.353594779968262,
        "std_diff": 0.02916860394179821
    },
    "predictive_out_domain": {
        "kl_div": 45390.171875,
        "mean_diff": 147.81129455566406,
        "std_diff": 0.22768540680408478
    }
}