{
    "train": {
        "error": {
            "rmse": 0.3130338191986084,
            "loglikelihood": -0.2793101370334625,
            "mae": 0.24985650181770325
        },
        "predictive_eval": {
            "kl_div_to_data": 0.3733067214488983,
            "mean_diff_to_data": 0.19461087882518768,
            "std_diff_to_data": 0.04761580005288124
        }
    },
    "test": {
        "error": {
            "rmse": 23.830259323120117,
            "loglikelihood": -4.279626846313477,
            "mae": 14.4207124710083
        },
        "predictive_eval": {
            "kl_div_to_data": 3384.33544921875,
            "mean_diff_to_data": 13.963910102844238,
            "std_diff_to_data": 5.879550457000732
        }
    },
    "in_domain": {
        "error": {
            "rmse": 0.4428439438343048,
            "loglikelihood": -0.6592522859573364,
            "mae": 0.3515254855155945
        },
        "predictive_eval": {
            "kl_div_to_data": 0.665696382522583,
            "mean_diff_to_data": 0.2600875794887543,
            "std_diff_to_data": 0.056301504373550415
        }
    },
    "out_domain": {
        "error": {
            "rmse": 33.68206787109375,
            "loglikelihood": -7.914242744445801,
            "mae": 28.479108810424805
        },
        "predictive_eval": {
            "kl_div_to_data": 7562.42041015625,
            "mean_diff_to_data": 29.047563552856445,
            "std_diff_to_data": 12.26180362701416
        }
    }
}