{
    "train": {
        "error": {
            "rmse": 0.31338950991630554,
            "loglikelihood": -0.28026118874549866,
            "mae": 0.24931633472442627
        },
        "predictive_eval": {
            "kl_div_to_data": 0.36729809641838074,
            "mean_diff_to_data": 0.1947443187236786,
            "std_diff_to_data": 0.042614419013261795
        }
    },
    "test": {
        "error": {
            "rmse": 20.291807174682617,
            "loglikelihood": -3.499448537826538,
            "mae": 11.952884674072266
        },
        "predictive_eval": {
            "kl_div_to_data": 2782.601318359375,
            "mean_diff_to_data": 11.470471382141113,
            "std_diff_to_data": 7.108832836151123
        }
    },
    "in_domain": {
        "error": {
            "rmse": 0.4414018988609314,
            "loglikelihood": -0.6640301942825317,
            "mae": 0.35022205114364624
        },
        "predictive_eval": {
            "kl_div_to_data": 0.5932788848876953,
            "mean_diff_to_data": 0.25215911865234375,
            "std_diff_to_data": 0.042941588908433914
        }
    },
    "out_domain": {
        "error": {
            "rmse": 28.663169860839844,
            "loglikelihood": -6.284217357635498,
            "mae": 23.52021598815918
        },
        "predictive_eval": {
            "kl_div_to_data": 5910.23291015625,
            "mean_diff_to_data": 23.11533546447754,
            "std_diff_to_data": 14.51337718963623
        }
    }
}