{
    "test_error": {
        "rmse": 1.716905665397644,
        "mae": 1.370391833782196
    },
    "in_domain_error": {
        "rmse": 1.7203463792800904,
        "mae": 1.3818342208862304
    },
    "out_domain_error": {
        "rmse": 1.7489384770393372,
        "mae": 1.4152993321418763
    },
    "predictive": {
        "kl_div": 1.1369943618774414,
        "mean_diff": 1.13999342918396,
        "std_diff": 0.4031127989292145
    },
    "predictive_in_domain": {
        "kl_div": 0.9451623558998108,
        "mean_diff": 1.0976653099060059,
        "std_diff": 0.06751788407564163
    },
    "predictive_out_domain": {
        "kl_div": 1.4961752891540527,
        "mean_diff": 1.1645190715789795,
        "std_diff": 0.7343848943710327
    }
}