{
    "train_error": {
        "rmse": 1.1092007160186768,
        "loglikelihood": -1.5349067449569702
    },
    "test_error": {
        "rmse": 44.11716842651367,
        "loglikelihood": -5.777524948120117
    },
    "in_domain_error": {
        "rmse": 1.2023999691009521,
        "loglikelihood": -1.7205363512039185
    },
    "out_domain_error": {
        "rmse": 59.79343795776367,
        "loglikelihood": -9.827818870544434
    },
    "predictive_train": {
        "kl_div": 0.1494782716035843,
        "mean_diff": 0.4203417897224426,
        "std_diff": 0.08771427720785141
    },
    "predictive_test": {
        "kl_div": 1142.5498046875,
        "mean_diff": 31.57039451599121,
        "std_diff": 11.339865684509277
    },
    "predictive_in_domain": {
        "kl_div": 0.15046297013759613,
        "mean_diff": 0.424897700548172,
        "std_diff": 0.07946866005659103
    },
    "predictive_out_domain": {
        "kl_div": 2191.689453125,
        "mean_diff": 59.72649383544922,
        "std_diff": 21.421043395996094
    }
}