{
    "train_error": {
        "rmse": 0.3986365497112274,
        "loglikelihood": -1.0323578119277954
    },
    "test_error": {
        "rmse": 48.89384460449219,
        "loglikelihood": -4.6206488609313965
    },
    "in_domain_error": {
        "rmse": 0.41064581274986267,
        "loglikelihood": -1.0501441955566406
    },
    "out_domain_error": {
        "rmse": 70.16959381103516,
        "loglikelihood": -8.116076469421387
    },
    "predictive_train": {
        "kl_div": 61.953304290771484,
        "mean_diff": 0.28291231393814087,
        "std_diff": 0.9787713289260864
    },
    "predictive_test": {
        "kl_div": 161019.78125,
        "mean_diff": 36.028663635253906,
        "std_diff": 18.2469425201416
    },
    "predictive_in_domain": {
        "kl_div": 60.37135314941406,
        "mean_diff": 0.3007487952709198,
        "std_diff": 0.959233283996582
    },
    "predictive_out_domain": {
        "kl_div": 308902.78125,
        "mean_diff": 68.7952651977539,
        "std_diff": 33.41697692871094
    }
}