{
    "train": {
        "error": {
            "rmse": 0.8519156575202942,
            "loglikelihood": -1.6168683767318726,
            "mae": 0.6736979484558105
        },
        "predictive_eval": {
            "kl_div_to_data": 5.983502388000488,
            "mean_diff_to_data": 0.6165186762809753,
            "std_diff_to_data": 1.2910354137420654
        }
    },
    "in_domain": {
        "error": {
            "rmse": 1.04892897605896,
            "loglikelihood": -1.6768674850463867,
            "mae": 0.8352225422859192
        },
        "predictive_eval": {
            "kl_div_to_data": 6.5114545822143555,
            "mean_diff_to_data": 0.7247406244277954,
            "std_diff_to_data": 1.297105073928833
        }
    },
    "out_domain": {
        "error": {
            "rmse": 15.717766761779785,
            "loglikelihood": -4.738589286804199,
            "mae": 12.499796867370605
        },
        "predictive_eval": {
            "kl_div_to_data": 713.8821411132812,
            "mean_diff_to_data": 12.90354061126709,
            "std_diff_to_data": 7.890763282775879
        }
    }
}