{
    "train": {
        "error": {
            "rmse": 0.9306879639625549,
            "loglikelihood": -1.604717493057251,
            "mae": 0.729263424873352
        },
        "predictive_eval": {
            "kl_div_to_data": 5.8307600021362305,
            "mean_diff_to_data": 0.6698029041290283,
            "std_diff_to_data": 1.2338054180145264
        }
    },
    "test": {
        "error": {
            "rmse": 10.112143516540527,
            "loglikelihood": -3.4151062965393066,
            "mae": 6.1486992835998535
        },
        "predictive_eval": {
            "kl_div_to_data": 348.0351867675781,
            "mean_diff_to_data": 6.424912929534912,
            "std_diff_to_data": 5.16378116607666
        }
    },
    "in_domain": {
        "error": {
            "rmse": 1.148375153541565,
            "loglikelihood": -1.6779879331588745,
            "mae": 0.9061717391014099
        },
        "predictive_eval": {
            "kl_div_to_data": 6.260733604431152,
            "mean_diff_to_data": 0.8059180974960327,
            "std_diff_to_data": 1.2087910175323486
        }
    },
    "out_domain": {
        "error": {
            "rmse": 14.26981258392334,
            "loglikelihood": -5.138026714324951,
            "mae": 11.409564971923828
        },
        "predictive_eval": {
            "kl_div_to_data": 691.9354858398438,
            "mean_diff_to_data": 11.745715141296387,
            "std_diff_to_data": 9.51468276977539
        }
    }
}