{
    "train": {
        "error": {
            "rmse": 0.8518324494361877,
            "loglikelihood": -1.6141468286514282,
            "mae": 0.6741581559181213
        },
        "predictive_eval": {
            "kl_div_to_data": 5.850888729095459,
            "mean_diff_to_data": 0.6250318884849548,
            "std_diff_to_data": 1.2789312601089478
        }
    },
    "test": {
        "error": {
            "rmse": 11.178805351257324,
            "loglikelihood": -3.554785966873169,
            "mae": 6.6877946853637695
        },
        "predictive_eval": {
            "kl_div_to_data": 444.62701416015625,
            "mean_diff_to_data": 6.946424961090088,
            "std_diff_to_data": 6.084171772003174
        }
    },
    "in_domain": {
        "error": {
            "rmse": 1.0490896701812744,
            "loglikelihood": -1.668073296546936,
            "mae": 0.8357505798339844
        },
        "predictive_eval": {
            "kl_div_to_data": 6.892603397369385,
            "mean_diff_to_data": 0.723390519618988,
            "std_diff_to_data": 1.3340678215026855
        }
    },
    "out_domain": {
        "error": {
            "rmse": 15.719827651977539,
            "loglikelihood": -5.477656841278076,
            "mae": 12.496763229370117
        },
        "predictive_eval": {
            "kl_div_to_data": 841.0578002929688,
            "mean_diff_to_data": 12.970035552978516,
            "std_diff_to_data": 9.260419845581055
        }
    }
}