{
    "train": {
        "error": {
            "rmse": 0.8239218592643738,
            "loglikelihood": -1.4745118618011475,
            "mae": 0.6565635800361633
        },
        "predictive_eval": {
            "kl_div_to_data": 3.9607090950012207,
            "mean_diff_to_data": 0.5829750895500183,
            "std_diff_to_data": 0.9904288053512573
        }
    },
    "in_domain": {
        "error": {
            "rmse": 1.022163987159729,
            "loglikelihood": -1.5513867139816284,
            "mae": 0.812867283821106
        },
        "predictive_eval": {
            "kl_div_to_data": 11.621774673461914,
            "mean_diff_to_data": 0.6931732296943665,
            "std_diff_to_data": 1.9135662317276
        }
    },
    "out_domain": {
        "error": {
            "rmse": 14.663490295410156,
            "loglikelihood": -4.364101409912109,
            "mae": 11.71537971496582
        },
        "predictive_eval": {
            "kl_div_to_data": 2184.080322265625,
            "mean_diff_to_data": 12.070592880249023,
            "std_diff_to_data": 27.284969329833984
        }
    }
}