{
    "train": {
        "error": {
            "rmse": 0.8007860779762268,
            "loglikelihood": -1.4077037572860718,
            "mae": 0.6365968585014343
        },
        "predictive_eval": {
            "kl_div_to_data": 3.191497325897217,
            "mean_diff_to_data": 0.5526027083396912,
            "std_diff_to_data": 0.8536722660064697
        }
    },
    "in_domain": {
        "error": {
            "rmse": 0.9855382442474365,
            "loglikelihood": -1.502564787864685,
            "mae": 0.7827248573303223
        },
        "predictive_eval": {
            "kl_div_to_data": 4.3512139320373535,
            "mean_diff_to_data": 0.6389561295509338,
            "std_diff_to_data": 0.9769777059555054
        }
    },
    "out_domain": {
        "error": {
            "rmse": 17.295459747314453,
            "loglikelihood": -5.723762035369873,
            "mae": 13.6804780960083
        },
        "predictive_eval": {
            "kl_div_to_data": 36464.18359375,
            "mean_diff_to_data": 14.504209518432617,
            "std_diff_to_data": 126.1492691040039
        }
    }
}