{
    "train": {
        "error": {
            "rmse": 0.8072659373283386,
            "loglikelihood": -1.503627896308899,
            "mae": 0.639665961265564
        },
        "predictive_eval": {
            "kl_div_to_data": 4.691256046295166,
            "mean_diff_to_data": 0.5507779717445374,
            "std_diff_to_data": 1.099993109703064
        }
    },
    "in_domain": {
        "error": {
            "rmse": 1.0202432870864868,
            "loglikelihood": -1.5766594409942627,
            "mae": 0.8106750845909119
        },
        "predictive_eval": {
            "kl_div_to_data": 4.734808921813965,
            "mean_diff_to_data": 0.6955008506774902,
            "std_diff_to_data": 1.0445197820663452
        }
    },
    "out_domain": {
        "error": {
            "rmse": 15.447554588317871,
            "loglikelihood": -4.488638401031494,
            "mae": 12.338890075683594
        },
        "predictive_eval": {
            "kl_div_to_data": 2736.08837890625,
            "mean_diff_to_data": 12.97219181060791,
            "std_diff_to_data": 30.647199630737305
        }
    }
}