{
    "train": {
        "error": {
            "rmse": 0.9317995309829712,
            "loglikelihood": -1.610027551651001,
            "mae": 0.7299657464027405
        },
        "predictive_eval": {
            "kl_div_to_data": 5.624413967132568,
            "mean_diff_to_data": 0.6711294054985046,
            "std_diff_to_data": 1.2089307308197021
        }
    },
    "in_domain": {
        "error": {
            "rmse": 1.147852897644043,
            "loglikelihood": -1.680815577507019,
            "mae": 0.905579686164856
        },
        "predictive_eval": {
            "kl_div_to_data": 6.240746974945068,
            "mean_diff_to_data": 0.8081774711608887,
            "std_diff_to_data": 1.2062997817993164
        }
    },
    "out_domain": {
        "error": {
            "rmse": 14.255647659301758,
            "loglikelihood": -4.3197455406188965,
            "mae": 11.40034008026123
        },
        "predictive_eval": {
            "kl_div_to_data": 700.5577392578125,
            "mean_diff_to_data": 11.75593090057373,
            "std_diff_to_data": 9.565340995788574
        }
    }
}