{
    "train": {
        "error": {
            "rmse": 0.8248870968818665,
            "loglikelihood": -1.471848964691162,
            "mae": 0.6570661067962646
        },
        "predictive_eval": {
            "kl_div_to_data": 4.015939712524414,
            "mean_diff_to_data": 0.5849001407623291,
            "std_diff_to_data": 1.0001003742218018
        }
    },
    "test": {
        "error": {
            "rmse": 10.425493240356445,
            "loglikelihood": -2.9508581161499023,
            "mae": 6.281085968017578
        },
        "predictive_eval": {
            "kl_div_to_data": 1194.9683837890625,
            "mean_diff_to_data": 6.583145618438721,
            "std_diff_to_data": 15.21970272064209
        }
    },
    "in_domain": {
        "error": {
            "rmse": 1.0232771635055542,
            "loglikelihood": -1.5547643899917603,
            "mae": 0.8138036131858826
        },
        "predictive_eval": {
            "kl_div_to_data": 4.56821346282959,
            "mean_diff_to_data": 0.6914318203926086,
            "std_diff_to_data": 1.0251089334487915
        }
    },
    "out_domain": {
        "error": {
            "rmse": 14.674195289611816,
            "loglikelihood": -4.33718729019165,
            "mae": 11.709277153015137
        },
        "predictive_eval": {
            "kl_div_to_data": 2197.23193359375,
            "mean_diff_to_data": 11.997411727905273,
            "std_diff_to_data": 27.35211753845215
        }
    }
}