{
    "test_error": {
        "rmse": 1.730562198162079,
        "mae": 1.381419587135315
    },
    "in_domain_error": {
        "rmse": 1.7257063508033752,
        "mae": 1.386771023273468
    },
    "out_domain_error": {
        "rmse": 1.7757026076316833,
        "mae": 1.4135514974594117
    },
    "predictive": {
        "kl_div": 4.750434398651123,
        "mean_diff": 1.1302196979522705,
        "std_diff": 2.1585099697113037
    },
    "predictive_in_domain": {
        "kl_div": 3.4831454753875732,
        "mean_diff": 1.1130187511444092,
        "std_diff": 1.8239184617996216
    },
    "predictive_out_domain": {
        "kl_div": 5.884418487548828,
        "mean_diff": 1.1504697799682617,
        "std_diff": 2.6126279830932617
    }
}