{
    "train": {
        "error": {
            "rmse": 1.4816370010375977,
            "loglikelihood": -129.3133544921875,
            "mae": 1.160917043685913
        },
        "predictive_eval": {
            "kl_div_to_data": 14.286602973937988,
            "mean_diff_to_data": 1.2272138595581055,
            "std_diff_to_data": 0.21215783059597015
        }
    },
    "test": {
        "error": {
            "rmse": 16.312664031982422,
            "loglikelihood": -1001.6630859375,
            "mae": 9.97219181060791
        },
        "predictive_eval": {
            "kl_div_to_data": 1583.03173828125,
            "mean_diff_to_data": 10.492809295654297,
            "std_diff_to_data": 0.16095015406608582
        }
    },
    "in_domain": {
        "error": {
            "rmse": 1.673234462738037,
            "loglikelihood": -170.679931640625,
            "mae": 1.2976254224777222
        },
        "predictive_eval": {
            "kl_div_to_data": 15.911446571350098,
            "mean_diff_to_data": 1.250366449356079,
            "std_diff_to_data": 0.2130523920059204
        }
    },
    "out_domain": {
        "error": {
            "rmse": 22.98981285095215,
            "loglikelihood": -1823.4398193359375,
            "mae": 18.619644165039062
        },
        "predictive_eval": {
            "kl_div_to_data": 2781.228759765625,
            "mean_diff_to_data": 18.228981018066406,
            "std_diff_to_data": 0.11432603746652603
        }
    }
}