{
    "train": {
        "error": {
            "rmse": 1.711195468902588,
            "loglikelihood": -219.3521270751953,
            "mae": 1.395862340927124
        },
        "predictive_eval": {
            "kl_div_to_data": 18.315933227539062,
            "mean_diff_to_data": 1.4391586780548096,
            "std_diff_to_data": 0.21576330065727234
        }
    },
    "test": {
        "error": {
            "rmse": 17.483013153076172,
            "loglikelihood": -925.9910278320312,
            "mae": 10.711833953857422
        },
        "predictive_eval": {
            "kl_div_to_data": 1819.334716796875,
            "mean_diff_to_data": 11.281351089477539,
            "std_diff_to_data": 0.1855621337890625
        }
    },
    "in_domain": {
        "error": {
            "rmse": 1.8376363515853882,
            "loglikelihood": -248.6470489501953,
            "mae": 1.4711617231369019
        },
        "predictive_eval": {
            "kl_div_to_data": 18.458847045898438,
            "mean_diff_to_data": 1.408429741859436,
            "std_diff_to_data": 0.2146487832069397
        }
    },
    "out_domain": {
        "error": {
            "rmse": 24.649248123168945,
            "loglikelihood": -1609.7197265625,
            "mae": 19.947612762451172
        },
        "predictive_eval": {
            "kl_div_to_data": 3225.73388671875,
            "mean_diff_to_data": 19.46224594116211,
            "std_diff_to_data": 0.16878405213356018
        }
    }
}