{
    "train": {
        "error": {
            "rmse": 0.02791781909763813,
            "loglikelihood": 1.5465463399887085,
            "mae": 0.021832343190908432
        },
        "predictive_eval": {
            "kl_div_to_data": 1.3730494976043701,
            "mean_diff_to_data": 0.23939183354377747,
            "std_diff_to_data": 0.21801617741584778
        }
    },
    "test": {
        "error": {
            "rmse": 18.63994026184082,
            "loglikelihood": -1322.2674560546875,
            "mae": 11.032397270202637
        },
        "predictive_eval": {
            "kl_div_to_data": 1793.260498046875,
            "mean_diff_to_data": 10.716935157775879,
            "std_diff_to_data": 0.14467178285121918
        }
    },
    "in_domain": {
        "error": {
            "rmse": 0.7628306150436401,
            "loglikelihood": -36.1995735168457,
            "mae": 0.5726376175880432
        },
        "predictive_eval": {
            "kl_div_to_data": 3.4354302883148193,
            "mean_diff_to_data": 0.510708212852478,
            "std_diff_to_data": 0.2175641804933548
        }
    },
    "out_domain": {
        "error": {
            "rmse": 26.39275550842285,
            "loglikelihood": -2618.81005859375,
            "mae": 21.543476104736328
        },
        "predictive_eval": {
            "kl_div_to_data": 3916.26806640625,
            "mean_diff_to_data": 21.71845817565918,
            "std_diff_to_data": 0.07084764540195465
        }
    }
}