{
    "train": {
        "error": {
            "rmse": 0.027901139110326767,
            "loglikelihood": 1.548120379447937,
            "mae": 0.021834509447216988
        },
        "predictive_eval": {
            "kl_div_to_data": 1.3652487993240356,
            "mean_diff_to_data": 0.2392500787973404,
            "std_diff_to_data": 0.2173401415348053
        }
    },
    "test": {
        "error": {
            "rmse": 18.683568954467773,
            "loglikelihood": -1331.0732421875,
            "mae": 11.065589904785156
        },
        "predictive_eval": {
            "kl_div_to_data": 1793.10107421875,
            "mean_diff_to_data": 10.716686248779297,
            "std_diff_to_data": 0.1442374289035797
        }
    },
    "in_domain": {
        "error": {
            "rmse": 0.7610962986946106,
            "loglikelihood": -36.214473724365234,
            "mae": 0.571803629398346
        },
        "predictive_eval": {
            "kl_div_to_data": 3.436206102371216,
            "mean_diff_to_data": 0.5107424855232239,
            "std_diff_to_data": 0.21763819456100464
        }
    },
    "out_domain": {
        "error": {
            "rmse": 26.38041877746582,
            "loglikelihood": -2619.29736328125,
            "mae": 21.525968551635742
        },
        "predictive_eval": {
            "kl_div_to_data": 3916.964599609375,
            "mean_diff_to_data": 21.72052764892578,
            "std_diff_to_data": 0.07304035127162933
        }
    }
}