{
    "train": {
        "error": {
            "rmse": 0.059519391506910324,
            "loglikelihood": 0.8955888748168945,
            "mae": 0.04620050638914108
        },
        "predictive_eval": {
            "kl_div_to_data": 0.8658104538917542,
            "mean_diff_to_data": 0.24837127327919006,
            "std_diff_to_data": 0.1448875367641449
        }
    },
    "test": {
        "error": {
            "rmse": 12.238469123840332,
            "loglikelihood": -195.632568359375,
            "mae": 7.975301265716553
        },
        "predictive_eval": {
            "kl_div_to_data": 836.447265625,
            "mean_diff_to_data": 8.05991268157959,
            "std_diff_to_data": 0.33764758706092834
        }
    },
    "in_domain": {
        "error": {
            "rmse": 2.968766450881958,
            "loglikelihood": -140.34617614746094,
            "mae": 2.2140066623687744
        },
        "predictive_eval": {
            "kl_div_to_data": 47.776241302490234,
            "mean_diff_to_data": 2.172029733657837,
            "std_diff_to_data": 0.13530749082565308
        }
    },
    "out_domain": {
        "error": {
            "rmse": 17.051687240600586,
            "loglikelihood": -251.240234375,
            "mae": 13.738863945007324
        },
        "predictive_eval": {
            "kl_div_to_data": 1723.810302734375,
            "mean_diff_to_data": 14.072139739990234,
            "std_diff_to_data": 0.5321580171585083
        }
    }
}