{
    "train": {
        "error": {
            "rmse": 1.6888034343719482,
            "loglikelihood": -154.62828063964844,
            "mae": 1.2616446018218994
        },
        "predictive_eval": {
            "kl_div_to_data": 19.089426040649414,
            "mean_diff_to_data": 1.3766913414001465,
            "std_diff_to_data": 0.21399463713169098
        }
    },
    "test": {
        "error": {
            "rmse": 18.51268768310547,
            "loglikelihood": -929.6353759765625,
            "mae": 11.282180786132812
        },
        "predictive_eval": {
            "kl_div_to_data": 2015.3778076171875,
            "mean_diff_to_data": 11.810586929321289,
            "std_diff_to_data": 0.19709771871566772
        }
    },
    "in_domain": {
        "error": {
            "rmse": 1.8051186800003052,
            "loglikelihood": -186.98292541503906,
            "mae": 1.3572310209274292
        },
        "predictive_eval": {
            "kl_div_to_data": 18.497507095336914,
            "mean_diff_to_data": 1.3292346000671387,
            "std_diff_to_data": 0.2144509255886078
        }
    },
    "out_domain": {
        "error": {
            "rmse": 26.090564727783203,
            "loglikelihood": -1677.118408203125,
            "mae": 21.168880462646484
        },
        "predictive_eval": {
            "kl_div_to_data": 3719.908447265625,
            "mean_diff_to_data": 20.860280990600586,
            "std_diff_to_data": 0.1890903264284134
        }
    }
}