{
    "train": {
        "error": {
            "rmse": 0.02792147733271122,
            "loglikelihood": 1.5488041639328003,
            "mae": 0.021834248676896095
        },
        "predictive_eval": {
            "kl_div_to_data": 1.3661396503448486,
            "mean_diff_to_data": 0.23934033513069153,
            "std_diff_to_data": 0.21740396320819855
        }
    },
    "test": {
        "error": {
            "rmse": 18.649675369262695,
            "loglikelihood": -1326.978759765625,
            "mae": 11.043524742126465
        },
        "predictive_eval": {
            "kl_div_to_data": 1793.425048828125,
            "mean_diff_to_data": 10.717626571655273,
            "std_diff_to_data": 0.14324501156806946
        }
    },
    "in_domain": {
        "error": {
            "rmse": 0.7628499865531921,
            "loglikelihood": -36.35887145996094,
            "mae": 0.5730268359184265
        },
        "predictive_eval": {
            "kl_div_to_data": 3.427501916885376,
            "mean_diff_to_data": 0.5105962157249451,
            "std_diff_to_data": 0.21691446006298065
        }
    },
    "out_domain": {
        "error": {
            "rmse": 26.374309539794922,
            "loglikelihood": -2609.61279296875,
            "mae": 21.528776168823242
        },
        "predictive_eval": {
            "kl_div_to_data": 3916.935302734375,
            "mean_diff_to_data": 21.719667434692383,
            "std_diff_to_data": 0.07291610538959503
        }
    }
}