{
    "train": {
        "error": {
            "rmse": 1.829446792602539,
            "loglikelihood": -113.95098114013672,
            "mae": 1.380654215812683
        },
        "predictive_eval": {
            "kl_div_to_data": 21.431547164916992,
            "mean_diff_to_data": 1.4573860168457031,
            "std_diff_to_data": 0.19186273217201233
        }
    },
    "test": {
        "error": {
            "rmse": 17.66838836669922,
            "loglikelihood": -547.4385986328125,
            "mae": 10.885725021362305
        },
        "predictive_eval": {
            "kl_div_to_data": 1834.2447509765625,
            "mean_diff_to_data": 11.40519905090332,
            "std_diff_to_data": 0.2745165526866913
        }
    },
    "in_domain": {
        "error": {
            "rmse": 1.9202641248703003,
            "loglikelihood": -142.6470489501953,
            "mae": 1.464935302734375
        },
        "predictive_eval": {
            "kl_div_to_data": 20.264896392822266,
            "mean_diff_to_data": 1.432849407196045,
            "std_diff_to_data": 0.19038647413253784
        }
    },
    "out_domain": {
        "error": {
            "rmse": 24.912883758544922,
            "loglikelihood": -948.3479614257812,
            "mae": 20.29383659362793
        },
        "predictive_eval": {
            "kl_div_to_data": 3339.64453125,
            "mean_diff_to_data": 19.94540786743164,
            "std_diff_to_data": 0.3676295876502991
        }
    }
}