{
    "train": {
        "error": {
            "rmse": 0.07565021514892578,
            "loglikelihood": 0.7208139300346375,
            "mae": 0.059708453714847565
        },
        "predictive_eval": {
            "kl_div_to_data": 0.6863386034965515,
            "mean_diff_to_data": 0.23014788329601288,
            "std_diff_to_data": 0.11925138533115387
        }
    },
    "test": {
        "error": {
            "rmse": 15.402962684631348,
            "loglikelihood": -330.5025939941406,
            "mae": 10.156774520874023
        },
        "predictive_eval": {
            "kl_div_to_data": 1439.197265625,
            "mean_diff_to_data": 10.488186836242676,
            "std_diff_to_data": 0.28737980127334595
        }
    },
    "in_domain": {
        "error": {
            "rmse": 3.963925361633301,
            "loglikelihood": -201.4197235107422,
            "mae": 3.030876636505127
        },
        "predictive_eval": {
            "kl_div_to_data": 83.406494140625,
            "mean_diff_to_data": 2.929358959197998,
            "std_diff_to_data": 0.11190571635961533
        }
    },
    "out_domain": {
        "error": {
            "rmse": 21.42757797241211,
            "loglikelihood": -459.8123474121094,
            "mae": 17.288482666015625
        },
        "predictive_eval": {
            "kl_div_to_data": 2490.461669921875,
            "mean_diff_to_data": 17.02977752685547,
            "std_diff_to_data": 0.45723703503608704
        }
    }
}