{
    "train": {
        "error": {
            "rmse": 0.0726851299405098,
            "loglikelihood": 0.7248202562332153,
            "mae": 0.05704117566347122
        },
        "predictive_eval": {
            "kl_div_to_data": 0.688051164150238,
            "mean_diff_to_data": 0.230711430311203,
            "std_diff_to_data": 0.11810579150915146
        }
    },
    "test": {
        "error": {
            "rmse": 14.514156341552734,
            "loglikelihood": -341.1725158691406,
            "mae": 9.619903564453125
        },
        "predictive_eval": {
            "kl_div_to_data": 1144.739501953125,
            "mean_diff_to_data": 9.582143783569336,
            "std_diff_to_data": 0.2520766258239746
        }
    },
    "in_domain": {
        "error": {
            "rmse": 4.061605453491211,
            "loglikelihood": -207.8799285888672,
            "mae": 3.1116366386413574
        },
        "predictive_eval": {
            "kl_div_to_data": 87.94416809082031,
            "mean_diff_to_data": 3.0522146224975586,
            "std_diff_to_data": 0.10886306315660477
        }
    },
    "out_domain": {
        "error": {
            "rmse": 20.15093421936035,
            "loglikelihood": -476.77520751953125,
            "mae": 16.152454376220703
        },
        "predictive_eval": {
            "kl_div_to_data": 2403.964111328125,
            "mean_diff_to_data": 16.69961166381836,
            "std_diff_to_data": 0.38545429706573486
        }
    }
}