{
    "train": {
        "error": {
            "rmse": 0.08337121456861496,
            "loglikelihood": 0.6776631474494934,
            "mae": 0.06616397202014923
        },
        "predictive_eval": {
            "kl_div_to_data": 0.6818476319313049,
            "mean_diff_to_data": 0.2343389391899109,
            "std_diff_to_data": 0.11377015709877014
        }
    },
    "test": {
        "error": {
            "rmse": 15.963845252990723,
            "loglikelihood": -440.884765625,
            "mae": 10.614962577819824
        },
        "predictive_eval": {
            "kl_div_to_data": 1526.8262939453125,
            "mean_diff_to_data": 10.767183303833008,
            "std_diff_to_data": 0.21587659418582916
        }
    },
    "in_domain": {
        "error": {
            "rmse": 4.346805572509766,
            "loglikelihood": -233.5843048095703,
            "mae": 3.3588225841522217
        },
        "predictive_eval": {
            "kl_div_to_data": 97.3947525024414,
            "mean_diff_to_data": 3.2597708702087402,
            "std_diff_to_data": 0.10629983246326447
        }
    },
    "out_domain": {
        "error": {
            "rmse": 22.136960983276367,
            "loglikelihood": -647.8939819335938,
            "mae": 17.8535213470459
        },
        "predictive_eval": {
            "kl_div_to_data": 2787.8642578125,
            "mean_diff_to_data": 18.02366828918457,
            "std_diff_to_data": 0.32222577929496765
        }
    }
}