{
    "train": {
        "error": {
            "rmse": 0.06547585874795914,
            "loglikelihood": 0.7167278528213501,
            "mae": 0.05137187987565994
        },
        "predictive_eval": {
            "kl_div_to_data": 0.6682305932044983,
            "mean_diff_to_data": 0.23124630749225616,
            "std_diff_to_data": 0.11284404247999191
        }
    },
    "test": {
        "error": {
            "rmse": 14.960780143737793,
            "loglikelihood": -413.7403259277344,
            "mae": 9.959540367126465
        },
        "predictive_eval": {
            "kl_div_to_data": 1288.644775390625,
            "mean_diff_to_data": 9.831446647644043,
            "std_diff_to_data": 0.21626189351081848
        }
    },
    "in_domain": {
        "error": {
            "rmse": 4.389115333557129,
            "loglikelihood": -244.2270965576172,
            "mae": 3.393279790878296
        },
        "predictive_eval": {
            "kl_div_to_data": 100.22575378417969,
            "mean_diff_to_data": 3.279343605041504,
            "std_diff_to_data": 0.10678668320178986
        }
    },
    "out_domain": {
        "error": {
            "rmse": 20.685548782348633,
            "loglikelihood": -581.0906982421875,
            "mae": 16.502866744995117
        },
        "predictive_eval": {
            "kl_div_to_data": 2458.3515625,
            "mean_diff_to_data": 16.781164169311523,
            "std_diff_to_data": 0.3218998312950134
        }
    }
}