{
    "train": {
        "error": {
            "rmse": 0.028011448681354523,
            "loglikelihood": 1.5474704504013062,
            "mae": 0.021926991641521454
        },
        "predictive_eval": {
            "kl_div_to_data": 1.3613189458847046,
            "mean_diff_to_data": 0.23929527401924133,
            "std_diff_to_data": 0.2170117199420929
        }
    },
    "test": {
        "error": {
            "rmse": 18.655872344970703,
            "loglikelihood": -1324.41552734375,
            "mae": 11.042940139770508
        },
        "predictive_eval": {
            "kl_div_to_data": 1793.2391357421875,
            "mean_diff_to_data": 10.717119216918945,
            "std_diff_to_data": 0.1458211988210678
        }
    },
    "in_domain": {
        "error": {
            "rmse": 0.761675238609314,
            "loglikelihood": -36.093658447265625,
            "mae": 0.5723265409469604
        },
        "predictive_eval": {
            "kl_div_to_data": 3.4273788928985596,
            "mean_diff_to_data": 0.5106122493743896,
            "std_diff_to_data": 0.2169600874185562
        }
    },
    "out_domain": {
        "error": {
            "rmse": 26.370153427124023,
            "loglikelihood": -2604.001953125,
            "mae": 21.525070190429688
        },
        "predictive_eval": {
            "kl_div_to_data": 3916.50830078125,
            "mean_diff_to_data": 21.718889236450195,
            "std_diff_to_data": 0.0702851191163063
        }
    }
}