{
    "train": {
        "error": {
            "rmse": 1.6505711078643799,
            "loglikelihood": -184.7676239013672,
            "mae": 1.2528191804885864
        },
        "predictive_eval": {
            "kl_div_to_data": 16.656248092651367,
            "mean_diff_to_data": 1.2798274755477905,
            "std_diff_to_data": 0.22084882855415344
        }
    },
    "test": {
        "error": {
            "rmse": 17.938091278076172,
            "loglikelihood": -1130.089111328125,
            "mae": 10.952591896057129
        },
        "predictive_eval": {
            "kl_div_to_data": 1817.269287109375,
            "mean_diff_to_data": 11.281295776367188,
            "std_diff_to_data": 0.15089724957942963
        }
    },
    "in_domain": {
        "error": {
            "rmse": 1.7916219234466553,
            "loglikelihood": -218.9757537841797,
            "mae": 1.35543954372406
        },
        "predictive_eval": {
            "kl_div_to_data": 16.577098846435547,
            "mean_diff_to_data": 1.2565034627914429,
            "std_diff_to_data": 0.22133316099643707
        }
    },
    "out_domain": {
        "error": {
            "rmse": 25.303054809570312,
            "loglikelihood": -2054.0693359375,
            "mae": 20.547649383544922
        },
        "predictive_eval": {
            "kl_div_to_data": 3437.79638671875,
            "mean_diff_to_data": 20.120407104492188,
            "std_diff_to_data": 0.0951378121972084
        }
    }
}