{
    "train": {
        "error": {
            "rmse": 0.09359372407197952,
            "loglikelihood": 0.650761067867279,
            "mae": 0.07461678981781006
        },
        "predictive_eval": {
            "kl_div_to_data": 0.7012407183647156,
            "mean_diff_to_data": 0.24032767117023468,
            "std_diff_to_data": 0.11346457153558731
        }
    },
    "test": {
        "error": {
            "rmse": 15.757033348083496,
            "loglikelihood": -408.1365051269531,
            "mae": 10.533709526062012
        },
        "predictive_eval": {
            "kl_div_to_data": 1387.1669921875,
            "mean_diff_to_data": 10.475560188293457,
            "std_diff_to_data": 0.23332065343856812
        }
    },
    "in_domain": {
        "error": {
            "rmse": 4.399312496185303,
            "loglikelihood": -240.3072967529297,
            "mae": 3.403864622116089
        },
        "predictive_eval": {
            "kl_div_to_data": 106.07351684570312,
            "mean_diff_to_data": 3.3892431259155273,
            "std_diff_to_data": 0.10501397401094437
        }
    },
    "out_domain": {
        "error": {
            "rmse": 21.83441734313965,
            "loglikelihood": -571.8805541992188,
            "mae": 17.643421173095703
        },
        "predictive_eval": {
            "kl_div_to_data": 2735.310546875,
            "mean_diff_to_data": 17.83796501159668,
            "std_diff_to_data": 0.3611522912979126
        }
    }
}