{
    "test_error": {
        "rmse": 1.7198132157325745,
        "mae": 1.3724598288536072
    },
    "in_domain_error": {
        "rmse": 1.7237825512886047,
        "mae": 1.3874351859092713
    },
    "out_domain_error": {
        "rmse": 1.7443880915641785,
        "mae": 1.4108732223510743
    },
    "predictive": {
        "kl_div": 1.5090830326080322,
        "mean_diff": 1.1680314540863037,
        "std_diff": 0.742643415927887
    },
    "predictive_in_domain": {
        "kl_div": 1.4511274099349976,
        "mean_diff": 1.1405961513519287,
        "std_diff": 0.7370493412017822
    },
    "predictive_out_domain": {
        "kl_div": 1.5143938064575195,
        "mean_diff": 1.1803107261657715,
        "std_diff": 0.7480959296226501
    }
}