{
    "test_error": {
        "rmse": 9.601201343536378,
        "mae": 7.750485372543335
    },
    "in_domain_error": {
        "rmse": 9.555301475524903,
        "mae": 7.749834489822388
    },
    "out_domain_error": {
        "rmse": 9.968563461303711,
        "mae": 8.02882661819458
    },
    "predictive": {
        "kl_div": 107.36589050292969,
        "mean_diff": 7.794482231140137,
        "std_diff": 10.253289222717285
    },
    "predictive_in_domain": {
        "kl_div": 96.06928253173828,
        "mean_diff": 7.827057838439941,
        "std_diff": 9.182281494140625
    },
    "predictive_out_domain": {
        "kl_div": 120.25486755371094,
        "mean_diff": 8.02818489074707,
        "std_diff": 11.155344009399414
    }
}