{
    "train": {
        "error": {
            "rmse": 1.2613424062728882,
            "loglikelihood": -2.2243707180023193,
            "mae": 0.9167496562004089
        },
        "predictive_eval": {
            "kl_div_to_data": 74.37960052490234,
            "mean_diff_to_data": 0.8715129494667053,
            "std_diff_to_data": 3.2030229568481445
        }
    },
    "test": {
        "error": {
            "rmse": 12.731882095336914,
            "loglikelihood": -3.4455859661102295,
            "mae": 7.666365146636963
        },
        "predictive_eval": {
            "kl_div_to_data": 5981.36181640625,
            "mean_diff_to_data": 8.242779731750488,
            "std_diff_to_data": 21.790159225463867
        }
    },
    "in_domain": {
        "error": {
            "rmse": 1.3451347351074219,
            "loglikelihood": -2.2349913120269775,
            "mae": 0.962746798992157
        },
        "predictive_eval": {
            "kl_div_to_data": 78.06871795654297,
            "mean_diff_to_data": 0.9788649678230286,
            "std_diff_to_data": 3.228695869445801
        }
    },
    "out_domain": {
        "error": {
            "rmse": 17.885496139526367,
            "loglikelihood": -4.653317928314209,
            "mae": 14.323007583618164
        },
        "predictive_eval": {
            "kl_div_to_data": 11480.4345703125,
            "mean_diff_to_data": 14.777090072631836,
            "std_diff_to_data": 38.831295013427734
        }
    }
}