{
    "train": {
        "error": {
            "rmse": 1.8446282148361206,
            "loglikelihood": -2.206587076187134,
            "mae": 1.3746732473373413
        },
        "predictive_eval": {
            "kl_div_to_data": 66.39529418945312,
            "mean_diff_to_data": 0.7177286744117737,
            "std_diff_to_data": 3.0746638774871826
        }
    },
    "test": {
        "error": {
            "rmse": 162.1846923828125,
            "loglikelihood": -1463.3436279296875,
            "mae": 57.29658126831055
        },
        "predictive_eval": {
            "kl_div_to_data": 133354.828125,
            "mean_diff_to_data": 9.223668098449707,
            "std_diff_to_data": 94.58326721191406
        }
    },
    "in_domain": {
        "error": {
            "rmse": 1.8238322734832764,
            "loglikelihood": -2.2023489475250244,
            "mae": 1.3367128372192383
        },
        "predictive_eval": {
            "kl_div_to_data": 90.5860595703125,
            "mean_diff_to_data": 0.7976177930831909,
            "std_diff_to_data": 3.607132911682129
        }
    },
    "out_domain": {
        "error": {
            "rmse": 258.0187683105469,
            "loglikelihood": -3700.5546875,
            "mae": 125.00955963134766
        },
        "predictive_eval": {
            "kl_div_to_data": 278898.1875,
            "mean_diff_to_data": 20.996028900146484,
            "std_diff_to_data": 191.64486694335938
        }
    }
}