{
    "train": {
        "error": {
            "rmse": 1.1388556957244873,
            "loglikelihood": -2.212815999984741,
            "mae": 0.8616222739219666
        },
        "predictive_eval": {
            "kl_div_to_data": 71.7528305053711,
            "mean_diff_to_data": 0.8218703269958496,
            "std_diff_to_data": 3.1773011684417725
        }
    },
    "test": {
        "error": {
            "rmse": 14.278524398803711,
            "loglikelihood": -3.6909854412078857,
            "mae": 8.826313972473145
        },
        "predictive_eval": {
            "kl_div_to_data": 1438.4774169921875,
            "mean_diff_to_data": 8.63563060760498,
            "std_diff_to_data": 6.657301425933838
        }
    },
    "in_domain": {
        "error": {
            "rmse": 1.2055892944335938,
            "loglikelihood": -2.218062162399292,
            "mae": 0.9064198732376099
        },
        "predictive_eval": {
            "kl_div_to_data": 72.67313385009766,
            "mean_diff_to_data": 0.8965139389038086,
            "std_diff_to_data": 3.170274019241333
        }
    },
    "out_domain": {
        "error": {
            "rmse": 20.16451644897461,
            "loglikelihood": -5.139766693115234,
            "mae": 16.76771354675293
        },
        "predictive_eval": {
            "kl_div_to_data": 2875.451416015625,
            "mean_diff_to_data": 16.652854919433594,
            "std_diff_to_data": 10.200179100036621
        }
    }
}