{
    "train": {
        "error": {
            "rmse": 1.1385678052902222,
            "loglikelihood": -2.2118966579437256,
            "mae": 0.8611161112785339
        },
        "predictive_eval": {
            "kl_div_to_data": 71.57101440429688,
            "mean_diff_to_data": 0.8179649710655212,
            "std_diff_to_data": 3.1734211444854736
        }
    },
    "test": {
        "error": {
            "rmse": 14.284701347351074,
            "loglikelihood": -3.6850316524505615,
            "mae": 8.836491584777832
        },
        "predictive_eval": {
            "kl_div_to_data": 1424.8251953125,
            "mean_diff_to_data": 8.562007904052734,
            "std_diff_to_data": 6.694695949554443
        }
    },
    "in_domain": {
        "error": {
            "rmse": 1.2006914615631104,
            "loglikelihood": -2.2180893421173096,
            "mae": 0.9028103947639465
        },
        "predictive_eval": {
            "kl_div_to_data": 73.66078186035156,
            "mean_diff_to_data": 0.8964390754699707,
            "std_diff_to_data": 3.192744731903076
        }
    },
    "out_domain": {
        "error": {
            "rmse": 20.097196578979492,
            "loglikelihood": -5.15537691116333,
            "mae": 16.700353622436523
        },
        "predictive_eval": {
            "kl_div_to_data": 2891.510009765625,
            "mean_diff_to_data": 16.629600524902344,
            "std_diff_to_data": 10.381824493408203
        }
    }
}