{
    "train": {
        "error": {
            "rmse": 1.3012738227844238,
            "loglikelihood": -2.201723337173462,
            "mae": 0.9924777150154114
        },
        "predictive_eval": {
            "kl_div_to_data": 69.56537628173828,
            "mean_diff_to_data": 0.9717100262641907,
            "std_diff_to_data": 3.062105655670166
        }
    },
    "test": {
        "error": {
            "rmse": 14.769111633300781,
            "loglikelihood": -3.671832323074341,
            "mae": 9.102765083312988
        },
        "predictive_eval": {
            "kl_div_to_data": 1640.0496826171875,
            "mean_diff_to_data": 9.584562301635742,
            "std_diff_to_data": 6.85071325302124
        }
    },
    "in_domain": {
        "error": {
            "rmse": 1.3600623607635498,
            "loglikelihood": -2.2077717781066895,
            "mae": 1.0340549945831299
        },
        "predictive_eval": {
            "kl_div_to_data": 69.5069351196289,
            "mean_diff_to_data": 0.9701838493347168,
            "std_diff_to_data": 3.0568506717681885
        }
    },
    "out_domain": {
        "error": {
            "rmse": 20.827529907226562,
            "loglikelihood": -5.131631851196289,
            "mae": 17.153059005737305
        },
        "predictive_eval": {
            "kl_div_to_data": 2960.37646484375,
            "mean_diff_to_data": 16.738981246948242,
            "std_diff_to_data": 10.421368598937988
        }
    }
}