{
    "train": {
        "error": {
            "rmse": 2.271428346633911,
            "loglikelihood": -2.35392165184021,
            "mae": 1.9592300653457642
        },
        "predictive_eval": {
            "kl_div_to_data": 88.97795104980469,
            "mean_diff_to_data": 1.9903275966644287,
            "std_diff_to_data": 3.0456459522247314
        }
    },
    "test": {
        "error": {
            "rmse": 13.77331829071045,
            "loglikelihood": -3.6746349334716797,
            "mae": 8.852230072021484
        },
        "predictive_eval": {
            "kl_div_to_data": 1452.33154296875,
            "mean_diff_to_data": 9.216453552246094,
            "std_diff_to_data": 6.59479284286499
        }
    },
    "in_domain": {
        "error": {
            "rmse": 2.315863847732544,
            "loglikelihood": -2.3630099296569824,
            "mae": 2.0018582344055176
        },
        "predictive_eval": {
            "kl_div_to_data": 88.15560913085938,
            "mean_diff_to_data": 1.9760675430297852,
            "std_diff_to_data": 3.0315020084381104
        }
    },
    "out_domain": {
        "error": {
            "rmse": 19.362258911132812,
            "loglikelihood": -4.974173069000244,
            "mae": 15.73655891418457
        },
        "predictive_eval": {
            "kl_div_to_data": 2540.603759765625,
            "mean_diff_to_data": 15.14354133605957,
            "std_diff_to_data": 9.7973051071167
        }
    }
}