{
    "train": {
        "error": {
            "rmse": 1.4384355545043945,
            "loglikelihood": -2.268416166305542,
            "mae": 1.0173228979110718
        },
        "predictive_eval": {
            "kl_div_to_data": 82.42112731933594,
            "mean_diff_to_data": 1.0165302753448486,
            "std_diff_to_data": 3.3145394325256348
        }
    },
    "test": {
        "error": {
            "rmse": 12.428095817565918,
            "loglikelihood": -3.5302765369415283,
            "mae": 7.575051307678223
        },
        "predictive_eval": {
            "kl_div_to_data": 7444.77685546875,
            "mean_diff_to_data": 7.658846378326416,
            "std_diff_to_data": 24.72393798828125
        }
    },
    "in_domain": {
        "error": {
            "rmse": 1.5252443552017212,
            "loglikelihood": -2.2752151489257812,
            "mae": 1.0639615058898926
        },
        "predictive_eval": {
            "kl_div_to_data": 83.52302551269531,
            "mean_diff_to_data": 1.012675404548645,
            "std_diff_to_data": 3.341545581817627
        }
    },
    "out_domain": {
        "error": {
            "rmse": 17.53634262084961,
            "loglikelihood": -4.791100978851318,
            "mae": 14.096457481384277
        },
        "predictive_eval": {
            "kl_div_to_data": 15166.18359375,
            "mean_diff_to_data": 13.270485877990723,
            "std_diff_to_data": 46.28776550292969
        }
    }
}