{
    "train": {
        "error": {
            "rmse": 2.660982131958008,
            "loglikelihood": -2.4422905445098877,
            "mae": 2.371250867843628
        },
        "predictive_eval": {
            "kl_div_to_data": 97.97380065917969,
            "mean_diff_to_data": 2.3657076358795166,
            "std_diff_to_data": 3.024879217147827
        }
    },
    "test": {
        "error": {
            "rmse": 16.41095733642578,
            "loglikelihood": -3.9524757862091064,
            "mae": 10.88229751586914
        },
        "predictive_eval": {
            "kl_div_to_data": 1988.902587890625,
            "mean_diff_to_data": 11.12159538269043,
            "std_diff_to_data": 7.36433219909668
        }
    },
    "in_domain": {
        "error": {
            "rmse": 2.671677589416504,
            "loglikelihood": -2.4435184001922607,
            "mae": 2.37129807472229
        },
        "predictive_eval": {
            "kl_div_to_data": 96.3845443725586,
            "mean_diff_to_data": 2.334120512008667,
            "std_diff_to_data": 3.007800579071045
        }
    },
    "out_domain": {
        "error": {
            "rmse": 23.018821716308594,
            "loglikelihood": -5.4520416259765625,
            "mae": 19.352249145507812
        },
        "predictive_eval": {
            "kl_div_to_data": 3573.093994140625,
            "mean_diff_to_data": 19.04498863220215,
            "std_diff_to_data": 11.4027738571167
        }
    }
}