{
    "train": {
        "error": {
            "rmse": 1.1401197910308838,
            "loglikelihood": -2.2121853828430176,
            "mae": 0.8626284599304199
        },
        "predictive_eval": {
            "kl_div_to_data": 71.96588134765625,
            "mean_diff_to_data": 0.8240326642990112,
            "std_diff_to_data": 3.182082414627075
        }
    },
    "test": {
        "error": {
            "rmse": 14.250801086425781,
            "loglikelihood": -3.6815502643585205,
            "mae": 8.810420036315918
        },
        "predictive_eval": {
            "kl_div_to_data": 1440.3062744140625,
            "mean_diff_to_data": 8.634308815002441,
            "std_diff_to_data": 6.678358554840088
        }
    },
    "in_domain": {
        "error": {
            "rmse": 1.2002067565917969,
            "loglikelihood": -2.2180004119873047,
            "mae": 0.9034075736999512
        },
        "predictive_eval": {
            "kl_div_to_data": 72.81304931640625,
            "mean_diff_to_data": 0.8929682970046997,
            "std_diff_to_data": 3.1742963790893555
        }
    },
    "out_domain": {
        "error": {
            "rmse": 20.164358139038086,
            "loglikelihood": -5.161132335662842,
            "mae": 16.767986297607422
        },
        "predictive_eval": {
            "kl_div_to_data": 2899.89501953125,
            "mean_diff_to_data": 16.688766479492188,
            "std_diff_to_data": 10.340557098388672
        }
    }
}