{
    "train": {
        "error": {
            "rmse": 3.2496323585510254,
            "loglikelihood": -2.6054835319519043,
            "mae": 2.9002301692962646
        },
        "predictive_eval": {
            "kl_div_to_data": 118.41895294189453,
            "mean_diff_to_data": 2.8975138664245605,
            "std_diff_to_data": 3.0441839694976807
        }
    },
    "test": {
        "error": {
            "rmse": 13.944121360778809,
            "loglikelihood": -3.8710381984710693,
            "mae": 9.550395011901855
        },
        "predictive_eval": {
            "kl_div_to_data": 1468.090576171875,
            "mean_diff_to_data": 9.783124923706055,
            "std_diff_to_data": 6.6061553955078125
        }
    },
    "in_domain": {
        "error": {
            "rmse": 3.26336407661438,
            "loglikelihood": -2.6074047088623047,
            "mae": 2.9025418758392334
        },
        "predictive_eval": {
            "kl_div_to_data": 117.83412170410156,
            "mean_diff_to_data": 2.8922152519226074,
            "std_diff_to_data": 3.0369715690612793
        }
    },
    "out_domain": {
        "error": {
            "rmse": 19.479042053222656,
            "loglikelihood": -5.1248674392700195,
            "mae": 16.23210334777832
        },
        "predictive_eval": {
            "kl_div_to_data": 2607.758056640625,
            "mean_diff_to_data": 16.046476364135742,
            "std_diff_to_data": 9.889795303344727
        }
    }
}