{
    "train": {
        "error": {
            "rmse": 1.4446369409561157,
            "loglikelihood": -2.2640464305877686,
            "mae": 1.0233100652694702
        },
        "predictive_eval": {
            "kl_div_to_data": 80.8790283203125,
            "mean_diff_to_data": 0.998771071434021,
            "std_diff_to_data": 3.2856593132019043
        }
    },
    "test": {
        "error": {
            "rmse": 12.020367622375488,
            "loglikelihood": -3.560241460800171,
            "mae": 7.374127388000488
        },
        "predictive_eval": {
            "kl_div_to_data": 9447.1640625,
            "mean_diff_to_data": 7.401217937469482,
            "std_diff_to_data": 27.407997131347656
        }
    },
    "in_domain": {
        "error": {
            "rmse": 1.5470842123031616,
            "loglikelihood": -2.273829936981201,
            "mae": 1.073567271232605
        },
        "predictive_eval": {
            "kl_div_to_data": 80.34173583984375,
            "mean_diff_to_data": 1.009544849395752,
            "std_diff_to_data": 3.2674410343170166
        }
    },
    "out_domain": {
        "error": {
            "rmse": 16.99469757080078,
            "loglikelihood": -4.8417277336120605,
            "mae": 13.710894584655762
        },
        "predictive_eval": {
            "kl_div_to_data": 19459.775390625,
            "mean_diff_to_data": 13.042004585266113,
            "std_diff_to_data": 52.34302520751953
        }
    }
}