{
    "train": {
        "error": {
            "rmse": 1.4119757413864136,
            "loglikelihood": -2.2589149475097656,
            "mae": 1.0038255453109741
        },
        "predictive_eval": {
            "kl_div_to_data": 80.03736114501953,
            "mean_diff_to_data": 0.994673490524292,
            "std_diff_to_data": 3.2721683979034424
        }
    },
    "test": {
        "error": {
            "rmse": 12.102806091308594,
            "loglikelihood": -3.590526580810547,
            "mae": 7.38930082321167
        },
        "predictive_eval": {
            "kl_div_to_data": 9977.021484375,
            "mean_diff_to_data": 7.784765243530273,
            "std_diff_to_data": 28.815139770507812
        }
    },
    "in_domain": {
        "error": {
            "rmse": 1.5056850910186768,
            "loglikelihood": -2.2695953845977783,
            "mae": 1.056792140007019
        },
        "predictive_eval": {
            "kl_div_to_data": 79.37529754638672,
            "mean_diff_to_data": 1.0072689056396484,
            "std_diff_to_data": 3.2481722831726074
        }
    },
    "out_domain": {
        "error": {
            "rmse": 17.322731018066406,
            "loglikelihood": -4.917080402374268,
            "mae": 13.934401512145996
        },
        "predictive_eval": {
            "kl_div_to_data": 19628.037109375,
            "mean_diff_to_data": 13.273776054382324,
            "std_diff_to_data": 53.6671028137207
        }
    }
}