{
    "train": {
        "error": {
            "rmse": 1.139934778213501,
            "loglikelihood": -2.21260929107666,
            "mae": 0.8620004653930664
        },
        "predictive_eval": {
            "kl_div_to_data": 71.43594360351562,
            "mean_diff_to_data": 0.8237106800079346,
            "std_diff_to_data": 3.1708903312683105
        }
    },
    "test": {
        "error": {
            "rmse": 14.245613098144531,
            "loglikelihood": -3.681168794631958,
            "mae": 8.805511474609375
        },
        "predictive_eval": {
            "kl_div_to_data": 1431.355712890625,
            "mean_diff_to_data": 8.60379695892334,
            "std_diff_to_data": 6.674615383148193
        }
    },
    "in_domain": {
        "error": {
            "rmse": 1.2000969648361206,
            "loglikelihood": -2.2187681198120117,
            "mae": 0.9028361439704895
        },
        "predictive_eval": {
            "kl_div_to_data": 72.8843765258789,
            "mean_diff_to_data": 0.894946813583374,
            "std_diff_to_data": 3.1725986003875732
        }
    },
    "out_domain": {
        "error": {
            "rmse": 20.13355827331543,
            "loglikelihood": -5.144968509674072,
            "mae": 16.74005889892578
        },
        "predictive_eval": {
            "kl_div_to_data": 2880.836669921875,
            "mean_diff_to_data": 16.598711013793945,
            "std_diff_to_data": 10.349902153015137
        }
    }
}