{
    "test_error": {
        "rmse": 1.398886227607727,
        "mae": 1.1358352303504944
    },
    "in_domain_error": {
        "rmse": 1.4181235909461976,
        "mae": 1.1440535187721252
    },
    "out_domain_error": {
        "rmse": 1.4253396391868591,
        "mae": 1.1618255615234374
    },
    "predictive": {
        "kl_div": NaN,
        "mean_diff": 1.1426995992660522,
        "std_diff": 1.8398185968399048
    },
    "predictive_in_domain": {
        "kl_div": 6064478617600.0,
        "mean_diff": 1.098160743713379,
        "std_diff": 1.5876076221466064
    },
    "predictive_out_domain": {
        "kl_div": 1649341395632128.0,
        "mean_diff": 1.1677016019821167,
        "std_diff": 2.074150323867798
    }
}