{"elbo": [13870569552684.361, 2546196085689.844, 1466480064008.6853, 1061434764813.9474, 685463055140.5416, 568451533982.4685, 430041702213.27454, 387235778597.81555, 329303528912.1404, 247806501686.50452, 214768840016.4668, 172936761112.97626, 139959900313.58636, 125922134366.02753, 113933975888.91028, 94302204021.42006, 74566687350.61485, 66524730756.870285, 56154968890.08958, 49013955843.70668, 41440621887.27236, 39350877031.43361, 32012423785.86485, 29775534627.807205, 24323504288.72124, 20636119225.725956, 19311523074.046623, 17385689312.22113, 13202315047.611376, 11317358243.934095, 9756932081.8986, 7489403919.433469, 6213973613.880899, 5285694560.353936, 3753288722.6871805, 2927443131.293801, 2399247149.8141646, 1857853733.8958027, 1489851926.1140394, 1083938027.194858, 911559603.3386447, 689724187.4988099, 569146942.367296, 485491232.12442356, 393802210.50364995, 301501534.76371986, 252114815.8674647, 207904135.3078623, 186570426.98315898, 141208778.77361876, 120316400.98328547, 124077914.85919677, 103914424.86445108, 88541010.95465894, 85215207.61823297, 69147437.2095797, 68532877.0327323, 51700559.82776975, 45511894.66514281, 54163617.20352045, 42647165.17387541, 39607609.505678594, 41999584.08298677, 38102596.21538055, 30780406.7706191, 30611962.500057377, 25360519.321934126, 23884411.434412606, 27633867.070792243, 28604565.97827827, 26600121.44431977, 22797931.83839006, 24735394.349038836, 19662542.407511637, 19847598.8650334, 19960267.818165187, 19555090.18821734, 17726794.431046646, 17744454.87896082, 15207053.95188503, 15993450.977616303, 16506470.688930422, 13683223.419720676, 13048891.718888566, 12979113.113251498, 13258732.29554822, 12701372.919419026, 11190693.393112697, 11617734.730769116, 12482510.457547326, 11693176.914882412, 11099825.694959257, 14967212.70675449, 10095319.456597816, 10252099.658332458, 10594984.080700368, 14013170.172420753, 11674462.73810404, 10090591.49945001, 10341276.932756687], "rmse": [], "val_rmse": [], "time": 318.93317890167236}