{
    "test_error": {
        "rmse": 2.8830440759658815,
        "mae": 2.3455570220947264
    },
    "in_domain_error": {
        "rmse": 1.9225401401519775,
        "mae": 1.546353852748871
    },
    "out_domain_error": {
        "rmse": 4.998186445236206,
        "mae": 4.227673196792603
    },
    "predictive": {
        "kl_div": 10.90877628326416,
        "mean_diff": 2.1558609008789062,
        "std_diff": 3.2143290042877197
    },
    "predictive_in_domain": {
        "kl_div": 3.4908432960510254,
        "mean_diff": 1.3364624977111816,
        "std_diff": 1.650972604751587
    },
    "predictive_out_domain": {
        "kl_div": 24.160978317260742,
        "mean_diff": 4.235202312469482,
        "std_diff": 4.420812606811523
    }
}