{
    "train": {
        "error": {
            "rmse": 0.11415836960077286,
            "loglikelihood": 0.6225147247314453,
            "mae": 0.088454470038414
        },
        "predictive_eval": {
            "kl_div_to_data": 0.7828783392906189,
            "mean_diff_to_data": 0.26068469882011414,
            "std_diff_to_data": 0.12072766572237015
        }
    },
    "test": {
        "error": {
            "rmse": 12.550113677978516,
            "loglikelihood": -221.1551513671875,
            "mae": 8.130194664001465
        },
        "predictive_eval": {
            "kl_div_to_data": 914.298095703125,
            "mean_diff_to_data": 8.674778938293457,
            "std_diff_to_data": 0.257965624332428
        }
    },
    "in_domain": {
        "error": {
            "rmse": 2.820970058441162,
            "loglikelihood": -105.62557220458984,
            "mae": 2.163778305053711
        },
        "predictive_eval": {
            "kl_div_to_data": 44.05154800415039,
            "mean_diff_to_data": 2.109814167022705,
            "std_diff_to_data": 0.11731726676225662
        }
    },
    "out_domain": {
        "error": {
            "rmse": 17.54106330871582,
            "loglikelihood": -337.9354248046875,
            "mae": 14.125075340270996
        },
        "predictive_eval": {
            "kl_div_to_data": 1786.20947265625,
            "mean_diff_to_data": 14.395825386047363,
            "std_diff_to_data": 0.39098426699638367
        }
    }
}