{
    "train": {
        "error": {
            "rmse": 0.08842559158802032,
            "loglikelihood": 0.688710629940033,
            "mae": 0.06872188299894333
        },
        "predictive_eval": {
            "kl_div_to_data": 0.7414846420288086,
            "mean_diff_to_data": 0.2523685097694397,
            "std_diff_to_data": 0.11945296078920364
        }
    },
    "test": {
        "error": {
            "rmse": 12.804300308227539,
            "loglikelihood": -273.8698425292969,
            "mae": 8.400679588317871
        },
        "predictive_eval": {
            "kl_div_to_data": 915.1714477539062,
            "mean_diff_to_data": 8.295881271362305,
            "std_diff_to_data": 0.22646813094615936
        }
    },
    "in_domain": {
        "error": {
            "rmse": 3.1730923652648926,
            "loglikelihood": -135.1222381591797,
            "mae": 2.4416165351867676
        },
        "predictive_eval": {
            "kl_div_to_data": 55.86037063598633,
            "mean_diff_to_data": 2.4339232444763184,
            "std_diff_to_data": 0.11589808762073517
        }
    },
    "out_domain": {
        "error": {
            "rmse": 17.8371639251709,
            "loglikelihood": -410.5592956542969,
            "mae": 14.355114936828613
        },
        "predictive_eval": {
            "kl_div_to_data": 1817.5931396484375,
            "mean_diff_to_data": 14.397692680358887,
            "std_diff_to_data": 0.3322719931602478
        }
    }
}