{
    "test_error": {
        "rmse": 1.0614343762397767,
        "mae": 0.8423641443252563
    },
    "in_domain_error": {
        "rmse": 1.001263153553009,
        "mae": 0.7961989045143127
    },
    "out_domain_error": {
        "rmse": 1.5544278860092162,
        "mae": 1.3137433886528016
    },
    "predictive": {
        "kl_div": 5.269711494445801,
        "standardized_mean_diff": -0.08507659286260605,
        "mean_diff": -0.24343201518058777,
        "std_diff": 2.1214404106140137
    },
    "predictive_in_domain": {
        "kl_div": 0.07095636427402496,
        "standardized_mean_diff": -0.05598951876163483,
        "mean_diff": -0.09086357057094574,
        "std_diff": 0.21125687658786774
    },
    "predictive_out_domain": {
        "kl_div": 13.156044960021973,
        "standardized_mean_diff": -0.14631353318691254,
        "mean_diff": -0.8267641067504883,
        "std_diff": 4.419489860534668
    }
}