{
    "train": {
        "error": {
            "rmse": 2.81773042678833,
            "loglikelihood": -2.455456256866455,
            "mae": 2.1385369300842285
        },
        "predictive_eval": {
            "kl_div_to_data": 81.32657623291016,
            "mean_diff_to_data": 1.8842395544052124,
            "std_diff_to_data": 2.6664175987243652
        }
    },
    "in_domain": {
        "error": {
            "rmse": 3.019893169403076,
            "loglikelihood": -2.5317542552948,
            "mae": 2.285853385925293
        },
        "predictive_eval": {
            "kl_div_to_data": 96.50946807861328,
            "mean_diff_to_data": 2.2380545139312744,
            "std_diff_to_data": 2.660684585571289
        }
    },
    "out_domain": {
        "error": {
            "rmse": 22.18323516845703,
            "loglikelihood": -33.67955017089844,
            "mae": 18.216812133789062
        },
        "predictive_eval": {
            "kl_div_to_data": 2601.365966796875,
            "mean_diff_to_data": 17.72700309753418,
            "std_diff_to_data": 3.420919179916382
        }
    }
}