{
    "train": {
        "error": {
            "rmse": 2.9070680141448975,
            "loglikelihood": -2.5921995639801025,
            "mae": 2.233412981033325
        },
        "predictive_eval": {
            "kl_div_to_data": 81.69995880126953,
            "mean_diff_to_data": 1.8990254402160645,
            "std_diff_to_data": 2.6721456050872803
        }
    },
    "in_domain": {
        "error": {
            "rmse": 3.1384334564208984,
            "loglikelihood": -2.739659547805786,
            "mae": 2.353367567062378
        },
        "predictive_eval": {
            "kl_div_to_data": 97.04610443115234,
            "mean_diff_to_data": 2.2304203510284424,
            "std_diff_to_data": 2.6668930053710938
        }
    },
    "out_domain": {
        "error": {
            "rmse": 21.358051300048828,
            "loglikelihood": -38.85523223876953,
            "mae": 17.50501251220703
        },
        "predictive_eval": {
            "kl_div_to_data": 2439.301025390625,
            "mean_diff_to_data": 17.09748077392578,
            "std_diff_to_data": 3.5256710052490234
        }
    }
}