{
    "train": {
        "error": {
            "rmse": 2.706388235092163,
            "loglikelihood": -2.4174365997314453,
            "mae": 2.0683658123016357
        },
        "predictive_eval": {
            "kl_div_to_data": 74.64994049072266,
            "mean_diff_to_data": 1.8131920099258423,
            "std_diff_to_data": 2.5630135536193848
        }
    },
    "in_domain": {
        "error": {
            "rmse": 2.9352810382843018,
            "loglikelihood": -2.504826784133911,
            "mae": 2.2277724742889404
        },
        "predictive_eval": {
            "kl_div_to_data": 88.20184326171875,
            "mean_diff_to_data": 2.143221139907837,
            "std_diff_to_data": 2.5559799671173096
        }
    },
    "out_domain": {
        "error": {
            "rmse": 20.92864418029785,
            "loglikelihood": -33.31101608276367,
            "mae": 17.27812385559082
        },
        "predictive_eval": {
            "kl_div_to_data": 2273.133544921875,
            "mean_diff_to_data": 16.56049156188965,
            "std_diff_to_data": 3.4319629669189453
        }
    }
}