{
    "train": {
        "error": {
            "rmse": 2.874598741531372,
            "loglikelihood": -2.5678515434265137,
            "mae": 2.1988139152526855
        },
        "predictive_eval": {
            "kl_div_to_data": 79.84762573242188,
            "mean_diff_to_data": 1.8927706480026245,
            "std_diff_to_data": 2.62923526763916
        }
    },
    "in_domain": {
        "error": {
            "rmse": 3.1166110038757324,
            "loglikelihood": -2.686490774154663,
            "mae": 2.359891891479492
        },
        "predictive_eval": {
            "kl_div_to_data": 93.70185852050781,
            "mean_diff_to_data": 2.1799185276031494,
            "std_diff_to_data": 2.6319961547851562
        }
    },
    "out_domain": {
        "error": {
            "rmse": 20.6392822265625,
            "loglikelihood": -38.29682540893555,
            "mae": 16.80750846862793
        },
        "predictive_eval": {
            "kl_div_to_data": 2329.161865234375,
            "mean_diff_to_data": 16.651775360107422,
            "std_diff_to_data": 3.4774296283721924
        }
    }
}