{
    "train": {
        "error": {
            "rmse": 2.8718738555908203,
            "loglikelihood": -2.561002731323242,
            "mae": 2.1945717334747314
        },
        "predictive_eval": {
            "kl_div_to_data": 81.04051208496094,
            "mean_diff_to_data": 1.897153615951538,
            "std_diff_to_data": 2.655620574951172
        }
    },
    "in_domain": {
        "error": {
            "rmse": 3.1484084129333496,
            "loglikelihood": -2.728602647781372,
            "mae": 2.393146514892578
        },
        "predictive_eval": {
            "kl_div_to_data": 95.58753204345703,
            "mean_diff_to_data": 2.2261760234832764,
            "std_diff_to_data": 2.6694581508636475
        }
    },
    "out_domain": {
        "error": {
            "rmse": 21.366409301757812,
            "loglikelihood": -40.3115234375,
            "mae": 17.507768630981445
        },
        "predictive_eval": {
            "kl_div_to_data": 2405.241455078125,
            "mean_diff_to_data": 16.977651596069336,
            "std_diff_to_data": 3.5067451000213623
        }
    }
}