{
    "train": {
        "error": {
            "rmse": 2.813288927078247,
            "loglikelihood": -2.453768253326416,
            "mae": 2.1301496028900146
        },
        "predictive_eval": {
            "kl_div_to_data": 83.40534973144531,
            "mean_diff_to_data": 1.9401510953903198,
            "std_diff_to_data": 2.677027940750122
        }
    },
    "in_domain": {
        "error": {
            "rmse": 3.0640430450439453,
            "loglikelihood": -2.5495526790618896,
            "mae": 2.3107411861419678
        },
        "predictive_eval": {
            "kl_div_to_data": 97.4058609008789,
            "mean_diff_to_data": 2.2442972660064697,
            "std_diff_to_data": 2.684622049331665
        }
    },
    "out_domain": {
        "error": {
            "rmse": 22.15616798400879,
            "loglikelihood": -33.84359359741211,
            "mae": 18.155479431152344
        },
        "predictive_eval": {
            "kl_div_to_data": 2586.4560546875,
            "mean_diff_to_data": 17.59746551513672,
            "std_diff_to_data": 3.484560489654541
        }
    }
}