{
    "train": {
        "error": {
            "rmse": 2.955864429473877,
            "loglikelihood": -2.6122243404388428,
            "mae": 2.2625927925109863
        },
        "predictive_eval": {
            "kl_div_to_data": 81.37572479248047,
            "mean_diff_to_data": 1.8881767988204956,
            "std_diff_to_data": 2.6627161502838135
        }
    },
    "in_domain": {
        "error": {
            "rmse": 3.1600611209869385,
            "loglikelihood": -2.7273805141448975,
            "mae": 2.383129358291626
        },
        "predictive_eval": {
            "kl_div_to_data": 96.69607543945312,
            "mean_diff_to_data": 2.2440786361694336,
            "std_diff_to_data": 2.6610634326934814
        }
    },
    "out_domain": {
        "error": {
            "rmse": 22.250255584716797,
            "loglikelihood": -40.28681182861328,
            "mae": 18.2557430267334
        },
        "predictive_eval": {
            "kl_div_to_data": 2603.861083984375,
            "mean_diff_to_data": 17.733999252319336,
            "std_diff_to_data": 3.4133031368255615
        }
    }
}