{
    "train": {
        "error": {
            "rmse": 2.593291997909546,
            "loglikelihood": -2.3803601264953613,
            "mae": 1.9498831033706665
        },
        "predictive_eval": {
            "kl_div_to_data": 80.06226348876953,
            "mean_diff_to_data": 1.8826521635055542,
            "std_diff_to_data": 2.6442344188690186
        }
    },
    "in_domain": {
        "error": {
            "rmse": 2.8345656394958496,
            "loglikelihood": -2.4530892372131348,
            "mae": 2.117685079574585
        },
        "predictive_eval": {
            "kl_div_to_data": 93.92626190185547,
            "mean_diff_to_data": 2.194685697555542,
            "std_diff_to_data": 2.6466128826141357
        }
    },
    "out_domain": {
        "error": {
            "rmse": 21.243532180786133,
            "loglikelihood": -18.30689811706543,
            "mae": 17.496784210205078
        },
        "predictive_eval": {
            "kl_div_to_data": 2426.760009765625,
            "mean_diff_to_data": 17.0886287689209,
            "std_diff_to_data": 3.444180727005005
        }
    }
}