{
    "train": {
        "error": {
            "rmse": 2.9895224571228027,
            "loglikelihood": -2.6081087589263916,
            "mae": 2.276726484298706
        },
        "predictive_eval": {
            "kl_div_to_data": 84.10848236083984,
            "mean_diff_to_data": 1.8979177474975586,
            "std_diff_to_data": 2.730026960372925
        }
    },
    "in_domain": {
        "error": {
            "rmse": 3.2035698890686035,
            "loglikelihood": -2.7495620250701904,
            "mae": 2.3895864486694336
        },
        "predictive_eval": {
            "kl_div_to_data": 101.92044067382812,
            "mean_diff_to_data": 2.295283794403076,
            "std_diff_to_data": 2.7351133823394775
        }
    },
    "out_domain": {
        "error": {
            "rmse": 21.80316734313965,
            "loglikelihood": -39.60846710205078,
            "mae": 17.889333724975586
        },
        "predictive_eval": {
            "kl_div_to_data": 2507.24658203125,
            "mean_diff_to_data": 17.41180419921875,
            "std_diff_to_data": 3.629427671432495
        }
    }
}