{
    "train": {
        "error": {
            "rmse": 2.7759346961975098,
            "loglikelihood": -2.4407737255096436,
            "mae": 2.097831964492798
        },
        "predictive_eval": {
            "kl_div_to_data": 81.16729736328125,
            "mean_diff_to_data": 1.897177815437317,
            "std_diff_to_data": 2.6600942611694336
        }
    },
    "in_domain": {
        "error": {
            "rmse": 3.0222439765930176,
            "loglikelihood": -2.530083179473877,
            "mae": 2.2794177532196045
        },
        "predictive_eval": {
            "kl_div_to_data": 95.41348266601562,
            "mean_diff_to_data": 2.229095697402954,
            "std_diff_to_data": 2.658493757247925
        }
    },
    "out_domain": {
        "error": {
            "rmse": 21.08718490600586,
            "loglikelihood": -31.239688873291016,
            "mae": 17.33687400817871
        },
        "predictive_eval": {
            "kl_div_to_data": 2404.242431640625,
            "mean_diff_to_data": 16.978374481201172,
            "std_diff_to_data": 3.515091896057129
        }
    }
}