{
    "train": {
        "error": {
            "rmse": 2.645313024520874,
            "loglikelihood": -2.3982646465301514,
            "mae": 1.9847691059112549
        },
        "predictive_eval": {
            "kl_div_to_data": 83.56123352050781,
            "mean_diff_to_data": 1.940555453300476,
            "std_diff_to_data": 2.6805551052093506
        }
    },
    "test": {
        "error": {
            "rmse": 15.60912036895752,
            "loglikelihood": -10.763673782348633,
            "mae": 10.052157402038574
        },
        "predictive_eval": {
            "kl_div_to_data": 1564.9110107421875,
            "mean_diff_to_data": 10.645635604858398,
            "std_diff_to_data": 3.113499402999878
        }
    },
    "in_domain": {
        "error": {
            "rmse": 2.8663344383239746,
            "loglikelihood": -2.46431303024292,
            "mae": 2.1398305892944336
        },
        "predictive_eval": {
            "kl_div_to_data": 97.2430648803711,
            "mean_diff_to_data": 2.2383134365081787,
            "std_diff_to_data": 2.6823389530181885
        }
    },
    "out_domain": {
        "error": {
            "rmse": 21.891300201416016,
            "loglikelihood": -19.045093536376953,
            "mae": 17.960485458374023
        },
        "predictive_eval": {
            "kl_div_to_data": 2587.283203125,
            "mean_diff_to_data": 17.600801467895508,
            "std_diff_to_data": 3.475853204727173
        }
    }
}