{
    "train": {
        "error": {
            "rmse": 2.597329616546631,
            "loglikelihood": -2.3835246562957764,
            "mae": 1.9515106678009033
        },
        "predictive_eval": {
            "kl_div_to_data": 81.44454193115234,
            "mean_diff_to_data": 1.9003368616104126,
            "std_diff_to_data": 2.665142059326172
        }
    },
    "in_domain": {
        "error": {
            "rmse": 2.8628907203674316,
            "loglikelihood": -2.462114095687866,
            "mae": 2.1211860179901123
        },
        "predictive_eval": {
            "kl_div_to_data": 97.32388305664062,
            "mean_diff_to_data": 2.2333860397338867,
            "std_diff_to_data": 2.677277088165283
        }
    },
    "out_domain": {
        "error": {
            "rmse": 21.169326782226562,
            "loglikelihood": -17.45124626159668,
            "mae": 17.40284538269043
        },
        "predictive_eval": {
            "kl_div_to_data": 2444.40087890625,
            "mean_diff_to_data": 17.115415573120117,
            "std_diff_to_data": 3.528902769088745
        }
    }
}