{
    "train": {
        "error": {
            "rmse": 2.7898755073547363,
            "loglikelihood": -2.4461374282836914,
            "mae": 2.130082368850708
        },
        "predictive_eval": {
            "kl_div_to_data": 81.42585754394531,
            "mean_diff_to_data": 1.9002796411514282,
            "std_diff_to_data": 2.664623498916626
        }
    },
    "in_domain": {
        "error": {
            "rmse": 3.057384967803955,
            "loglikelihood": -2.5522773265838623,
            "mae": 2.295729160308838
        },
        "predictive_eval": {
            "kl_div_to_data": 97.3137435913086,
            "mean_diff_to_data": 2.23323130607605,
            "std_diff_to_data": 2.6770401000976562
        }
    },
    "out_domain": {
        "error": {
            "rmse": 21.552698135375977,
            "loglikelihood": -30.92661476135254,
            "mae": 17.678319931030273
        },
        "predictive_eval": {
            "kl_div_to_data": 2444.479736328125,
            "mean_diff_to_data": 17.115535736083984,
            "std_diff_to_data": 3.5296010971069336
        }
    }
}