{
    "train": {
        "error": {
            "rmse": 2.601921796798706,
            "loglikelihood": -2.384636163711548,
            "mae": 1.9528064727783203
        },
        "predictive_eval": {
            "kl_div_to_data": 81.60365295410156,
            "mean_diff_to_data": 1.8970625400543213,
            "std_diff_to_data": 2.6697330474853516
        }
    },
    "test": {
        "error": {
            "rmse": 15.089387893676758,
            "loglikelihood": -9.939837455749512,
            "mae": 9.746371269226074
        },
        "predictive_eval": {
            "kl_div_to_data": 1468.53759765625,
            "mean_diff_to_data": 10.29751968383789,
            "std_diff_to_data": 3.131213903427124
        }
    },
    "in_domain": {
        "error": {
            "rmse": 2.861147403717041,
            "loglikelihood": -2.4616267681121826,
            "mae": 2.121419668197632
        },
        "predictive_eval": {
            "kl_div_to_data": 97.10882568359375,
            "mean_diff_to_data": 2.2341508865356445,
            "std_diff_to_data": 2.667621612548828
        }
    },
    "out_domain": {
        "error": {
            "rmse": 21.1762638092041,
            "loglikelihood": -17.45595359802246,
            "mae": 17.40709114074707
        },
        "predictive_eval": {
            "kl_div_to_data": 2443.1962890625,
            "mean_diff_to_data": 17.11075782775879,
            "std_diff_to_data": 3.5284481048583984
        }
    }
}