{
    "train": {
        "error": {
            "rmse": 2.646444797515869,
            "loglikelihood": -2.4020230770111084,
            "mae": 1.9745231866836548
        },
        "predictive_eval": {
            "kl_div_to_data": 83.86052703857422,
            "mean_diff_to_data": 1.891154408454895,
            "std_diff_to_data": 2.7293882369995117
        }
    },
    "in_domain": {
        "error": {
            "rmse": 2.907064914703369,
            "loglikelihood": -2.4769413471221924,
            "mae": 2.1482603549957275
        },
        "predictive_eval": {
            "kl_div_to_data": 101.67546844482422,
            "mean_diff_to_data": 2.3000328540802,
            "std_diff_to_data": 2.7246227264404297
        }
    },
    "out_domain": {
        "error": {
            "rmse": 21.40873908996582,
            "loglikelihood": -17.13094711303711,
            "mae": 17.637266159057617
        },
        "predictive_eval": {
            "kl_div_to_data": 2507.6953125,
            "mean_diff_to_data": 17.417724609375,
            "std_diff_to_data": 3.617058753967285
        }
    }
}