{
    "train": {
        "error": {
            "rmse": 2.5788605213165283,
            "loglikelihood": -2.3774402141571045,
            "mae": 1.930632472038269
        },
        "predictive_eval": {
            "kl_div_to_data": 81.32129669189453,
            "mean_diff_to_data": 1.8972116708755493,
            "std_diff_to_data": 2.6642534732818604
        }
    },
    "in_domain": {
        "error": {
            "rmse": 2.8288350105285645,
            "loglikelihood": -2.45157790184021,
            "mae": 2.110081434249878
        },
        "predictive_eval": {
            "kl_div_to_data": 95.5243911743164,
            "mean_diff_to_data": 2.2297003269195557,
            "std_diff_to_data": 2.6631815433502197
        }
    },
    "out_domain": {
        "error": {
            "rmse": 21.06161117553711,
            "loglikelihood": -17.473411560058594,
            "mae": 17.324018478393555
        },
        "predictive_eval": {
            "kl_div_to_data": 2406.869384765625,
            "mean_diff_to_data": 16.980257034301758,
            "std_diff_to_data": 3.5303430557250977
        }
    }
}