{
    "train": {
        "error": {
            "rmse": 2.6309709548950195,
            "loglikelihood": -2.394000768661499,
            "mae": 1.9779043197631836
        },
        "predictive_eval": {
            "kl_div_to_data": 82.23353576660156,
            "mean_diff_to_data": 1.9056624174118042,
            "std_diff_to_data": 2.685307025909424
        }
    },
    "in_domain": {
        "error": {
            "rmse": 2.8734116554260254,
            "loglikelihood": -2.4663586616516113,
            "mae": 2.140662670135498
        },
        "predictive_eval": {
            "kl_div_to_data": 97.43584442138672,
            "mean_diff_to_data": 2.2132558822631836,
            "std_diff_to_data": 2.6765286922454834
        }
    },
    "out_domain": {
        "error": {
            "rmse": 21.05476951599121,
            "loglikelihood": -17.399635314941406,
            "mae": 17.318464279174805
        },
        "predictive_eval": {
            "kl_div_to_data": 2391.513671875,
            "mean_diff_to_data": 16.95633316040039,
            "std_diff_to_data": 3.5055794715881348
        }
    }
}