{
    "train": {
        "error": {
            "rmse": 2.990407705307007,
            "loglikelihood": -2.6087443828582764,
            "mae": 2.2862355709075928
        },
        "predictive_eval": {
            "kl_div_to_data": 82.82398986816406,
            "mean_diff_to_data": 1.9015837907791138,
            "std_diff_to_data": 2.6844770908355713
        }
    },
    "in_domain": {
        "error": {
            "rmse": 3.170963764190674,
            "loglikelihood": -2.6996772289276123,
            "mae": 2.3993377685546875
        },
        "predictive_eval": {
            "kl_div_to_data": 97.54093933105469,
            "mean_diff_to_data": 2.263711452484131,
            "std_diff_to_data": 2.6876699924468994
        }
    },
    "out_domain": {
        "error": {
            "rmse": 21.72353172302246,
            "loglikelihood": -40.32892990112305,
            "mae": 17.87894630432129
        },
        "predictive_eval": {
            "kl_div_to_data": 2515.222900390625,
            "mean_diff_to_data": 17.41771697998047,
            "std_diff_to_data": 3.473559617996216
        }
    }
}