{
    "train": {
        "error": {
            "rmse": 2.9191291332244873,
            "loglikelihood": -2.5941014289855957,
            "mae": 2.219743251800537
        },
        "predictive_eval": {
            "kl_div_to_data": 79.76847076416016,
            "mean_diff_to_data": 1.877738356590271,
            "std_diff_to_data": 2.642585515975952
        }
    },
    "in_domain": {
        "error": {
            "rmse": 3.1510891914367676,
            "loglikelihood": -2.711894989013672,
            "mae": 2.3849308490753174
        },
        "predictive_eval": {
            "kl_div_to_data": 93.70196533203125,
            "mean_diff_to_data": 2.1953320503234863,
            "std_diff_to_data": 2.6419107913970947
        }
    },
    "out_domain": {
        "error": {
            "rmse": 21.509191513061523,
            "loglikelihood": -39.701507568359375,
            "mae": 17.7000732421875
        },
        "predictive_eval": {
            "kl_div_to_data": 2428.8349609375,
            "mean_diff_to_data": 17.09988784790039,
            "std_diff_to_data": 3.4467313289642334
        }
    }
}