{
    "train": {
        "error": {
            "rmse": 2.771106004714966,
            "loglikelihood": -2.4391191005706787,
            "mae": 2.1003048419952393
        },
        "predictive_eval": {
            "kl_div_to_data": 79.70293426513672,
            "mean_diff_to_data": 1.8883254528045654,
            "std_diff_to_data": 2.624568462371826
        }
    },
    "in_domain": {
        "error": {
            "rmse": 2.941495180130005,
            "loglikelihood": -2.501373767852783,
            "mae": 2.1932246685028076
        },
        "predictive_eval": {
            "kl_div_to_data": 93.7165756225586,
            "mean_diff_to_data": 2.1835663318634033,
            "std_diff_to_data": 2.624953508377075
        }
    },
    "out_domain": {
        "error": {
            "rmse": 20.747848510742188,
            "loglikelihood": -30.067285537719727,
            "mae": 16.918426513671875
        },
        "predictive_eval": {
            "kl_div_to_data": 2332.4970703125,
            "mean_diff_to_data": 16.66733741760254,
            "std_diff_to_data": 3.4757139682769775
        }
    }
}