{
    "train": {
        "error": {
            "rmse": 2.969930648803711,
            "loglikelihood": -2.6062235832214355,
            "mae": 2.2740142345428467
        },
        "predictive_eval": {
            "kl_div_to_data": 83.74491119384766,
            "mean_diff_to_data": 1.9489468336105347,
            "std_diff_to_data": 2.6836845874786377
        }
    },
    "in_domain": {
        "error": {
            "rmse": 3.134807825088501,
            "loglikelihood": -2.7041075229644775,
            "mae": 2.3755078315734863
        },
        "predictive_eval": {
            "kl_div_to_data": 97.4222183227539,
            "mean_diff_to_data": 2.239431619644165,
            "std_diff_to_data": 2.691455841064453
        }
    },
    "out_domain": {
        "error": {
            "rmse": 22.13311767578125,
            "loglikelihood": -43.230979919433594,
            "mae": 18.116308212280273
        },
        "predictive_eval": {
            "kl_div_to_data": 2590.167236328125,
            "mean_diff_to_data": 17.611909866333008,
            "std_diff_to_data": 3.4718339443206787
        }
    }
}