{
    "train": {
        "error": {
            "rmse": 2.9314613342285156,
            "loglikelihood": -2.5930404663085938,
            "mae": 2.251434803009033
        },
        "predictive_eval": {
            "kl_div_to_data": 81.78162384033203,
            "mean_diff_to_data": 1.9004364013671875,
            "std_diff_to_data": 2.6768412590026855
        }
    },
    "in_domain": {
        "error": {
            "rmse": 3.1518750190734863,
            "loglikelihood": -2.7241439819335938,
            "mae": 2.3881754875183105
        },
        "predictive_eval": {
            "kl_div_to_data": 97.52523803710938,
            "mean_diff_to_data": 2.217682123184204,
            "std_diff_to_data": 2.6738481521606445
        }
    },
    "out_domain": {
        "error": {
            "rmse": 21.060489654541016,
            "loglikelihood": -37.67958068847656,
            "mae": 17.276384353637695
        },
        "predictive_eval": {
            "kl_div_to_data": 2388.948486328125,
            "mean_diff_to_data": 16.949047088623047,
            "std_diff_to_data": 3.502479076385498
        }
    }
}