{
    "train": {
        "error": {
            "rmse": 2.5806877613067627,
            "loglikelihood": -2.375642776489258,
            "mae": 1.933427095413208
        },
        "predictive_eval": {
            "kl_div_to_data": 79.49864959716797,
            "mean_diff_to_data": 1.8909885883331299,
            "std_diff_to_data": 2.61763334274292
        }
    },
    "in_domain": {
        "error": {
            "rmse": 2.824169635772705,
            "loglikelihood": -2.448885679244995,
            "mae": 2.088881731033325
        },
        "predictive_eval": {
            "kl_div_to_data": 93.38127136230469,
            "mean_diff_to_data": 2.17829966545105,
            "std_diff_to_data": 2.623993158340454
        }
    },
    "out_domain": {
        "error": {
            "rmse": 20.51662254333496,
            "loglikelihood": -17.21635627746582,
            "mae": 16.737089157104492
        },
        "predictive_eval": {
            "kl_div_to_data": 2328.576904296875,
            "mean_diff_to_data": 16.645456314086914,
            "std_diff_to_data": 3.488271474838257
        }
    }
}