{
    "train": {
        "error": {
            "rmse": 2.810637950897217,
            "loglikelihood": -2.453507661819458,
            "mae": 2.112379550933838
        },
        "predictive_eval": {
            "kl_div_to_data": 84.15164184570312,
            "mean_diff_to_data": 1.8935463428497314,
            "std_diff_to_data": 2.7342782020568848
        }
    },
    "in_domain": {
        "error": {
            "rmse": 3.102147102355957,
            "loglikelihood": -2.554450750350952,
            "mae": 2.3240106105804443
        },
        "predictive_eval": {
            "kl_div_to_data": 101.71989440917969,
            "mean_diff_to_data": 2.294390916824341,
            "std_diff_to_data": 2.731619119644165
        }
    },
    "out_domain": {
        "error": {
            "rmse": 21.704917907714844,
            "loglikelihood": -30.160314559936523,
            "mae": 17.822786331176758
        },
        "predictive_eval": {
            "kl_div_to_data": 2507.999755859375,
            "mean_diff_to_data": 17.415279388427734,
            "std_diff_to_data": 3.6380136013031006
        }
    }
}