{
    "train": {
        "error": {
            "rmse": 2.8331542015075684,
            "loglikelihood": -2.5732486248016357,
            "mae": 2.1712751388549805
        },
        "predictive_eval": {
            "kl_div_to_data": 74.32012176513672,
            "mean_diff_to_data": 1.809337854385376,
            "std_diff_to_data": 2.556546211242676
        }
    },
    "in_domain": {
        "error": {
            "rmse": 3.029649496078491,
            "loglikelihood": -2.699755907058716,
            "mae": 2.3103272914886475
        },
        "predictive_eval": {
            "kl_div_to_data": 88.58245086669922,
            "mean_diff_to_data": 2.1493935585021973,
            "std_diff_to_data": 2.561598777770996
        }
    },
    "out_domain": {
        "error": {
            "rmse": 21.069568634033203,
            "loglikelihood": -40.518310546875,
            "mae": 17.3709774017334
        },
        "predictive_eval": {
            "kl_div_to_data": 2276.81494140625,
            "mean_diff_to_data": 16.57320785522461,
            "std_diff_to_data": 3.434969663619995
        }
    }
}