{
    "train": {
        "error": {
            "rmse": 2.5032620429992676,
            "loglikelihood": -2.3459861278533936,
            "mae": 1.8907350301742554
        },
        "predictive_eval": {
            "kl_div_to_data": 74.5345458984375,
            "mean_diff_to_data": 1.8059332370758057,
            "std_diff_to_data": 2.5642149448394775
        }
    },
    "test": {
        "error": {
            "rmse": 14.773021697998047,
            "loglikelihood": -10.086271286010742,
            "mae": 9.59659481048584
        },
        "predictive_eval": {
            "kl_div_to_data": 1386.093505859375,
            "mean_diff_to_data": 10.036486625671387,
            "std_diff_to_data": 3.0266191959381104
        }
    },
    "in_domain": {
        "error": {
            "rmse": 2.7510740756988525,
            "loglikelihood": -2.4222657680511475,
            "mae": 2.0663211345672607
        },
        "predictive_eval": {
            "kl_div_to_data": 88.50959777832031,
            "mean_diff_to_data": 2.146681547164917,
            "std_diff_to_data": 2.559394121170044
        }
    },
    "out_domain": {
        "error": {
            "rmse": 20.672481536865234,
            "loglikelihood": -17.708660125732422,
            "mae": 17.086387634277344
        },
        "predictive_eval": {
            "kl_div_to_data": 2275.64794921875,
            "mean_diff_to_data": 16.572174072265625,
            "std_diff_to_data": 3.4201467037200928
        }
    }
}