{
    "train": {
        "error": {
            "rmse": 0.26295801997184753,
            "loglikelihood": -4.546490669250488,
            "mae": 0.20673568546772003
        },
        "predictive_eval": {
            "kl_div_to_data": 1.790967583656311,
            "mean_diff_to_data": 0.3703535199165344,
            "std_diff_to_data": 0.420096755027771
        }
    },
    "in_domain": {
        "error": {
            "rmse": 1.0656651258468628,
            "loglikelihood": -87.20266723632812,
            "mae": 0.8378053903579712
        },
        "predictive_eval": {
            "kl_div_to_data": 3.0280566215515137,
            "mean_diff_to_data": 0.7245699167251587,
            "std_diff_to_data": 0.4191875159740448
        }
    },
    "out_domain": {
        "error": {
            "rmse": 11.865328788757324,
            "loglikelihood": -1710.477783203125,
            "mae": 9.463852882385254
        },
        "predictive_eval": {
            "kl_div_to_data": 284.95660400390625,
            "mean_diff_to_data": 9.416330337524414,
            "std_diff_to_data": 0.29593512415885925
        }
    }
}