{
    "train": {
        "error": {
            "rmse": 0.28450334072113037,
            "loglikelihood": -14.113184928894043,
            "mae": 0.222687765955925
        },
        "predictive_eval": {
            "kl_div_to_data": 1.803367018699646,
            "mean_diff_to_data": 0.3710401654243469,
            "std_diff_to_data": 0.4200606346130371
        }
    },
    "in_domain": {
        "error": {
            "rmse": 1.1130090951919556,
            "loglikelihood": -245.65701293945312,
            "mae": 0.8748809695243835
        },
        "predictive_eval": {
            "kl_div_to_data": 3.324618101119995,
            "mean_diff_to_data": 0.7745157480239868,
            "std_diff_to_data": 0.4198634624481201
        }
    },
    "out_domain": {
        "error": {
            "rmse": 11.896316528320312,
            "loglikelihood": -28318.056640625,
            "mae": 9.484100341796875
        },
        "predictive_eval": {
            "kl_div_to_data": 289.7943115234375,
            "mean_diff_to_data": 9.573803901672363,
            "std_diff_to_data": 0.29302138090133667
        }
    }
}