{
    "train": {
        "error": {
            "rmse": 0.2647133767604828,
            "loglikelihood": -4.707499027252197,
            "mae": 0.20457331836223602
        },
        "predictive_eval": {
            "kl_div_to_data": 1.7933651208877563,
            "mean_diff_to_data": 0.3740687370300293,
            "std_diff_to_data": 0.4194440245628357
        }
    },
    "in_domain": {
        "error": {
            "rmse": 1.1446001529693604,
            "loglikelihood": -99.83057403564453,
            "mae": 0.9023772478103638
        },
        "predictive_eval": {
            "kl_div_to_data": 3.4383106231689453,
            "mean_diff_to_data": 0.8067917227745056,
            "std_diff_to_data": 0.41984978318214417
        }
    },
    "out_domain": {
        "error": {
            "rmse": 12.165018081665039,
            "loglikelihood": -1859.5855712890625,
            "mae": 9.693367004394531
        },
        "predictive_eval": {
            "kl_div_to_data": 304.5584411621094,
            "mean_diff_to_data": 9.728645324707031,
            "std_diff_to_data": 0.3012858033180237
        }
    }
}