{
    "train": {
        "error": {
            "rmse": 0.2749383747577667,
            "loglikelihood": -13.047152519226074,
            "mae": 0.21622467041015625
        },
        "predictive_eval": {
            "kl_div_to_data": 1.7972482442855835,
            "mean_diff_to_data": 0.3768264949321747,
            "std_diff_to_data": 0.420032799243927
        }
    },
    "in_domain": {
        "error": {
            "rmse": 1.0983002185821533,
            "loglikelihood": -239.1398468017578,
            "mae": 0.8617302179336548
        },
        "predictive_eval": {
            "kl_div_to_data": 3.275866746902466,
            "mean_diff_to_data": 0.759956419467926,
            "std_diff_to_data": 0.419285386800766
        }
    },
    "out_domain": {
        "error": {
            "rmse": 11.614049911499023,
            "loglikelihood": -26979.34765625,
            "mae": 9.27032470703125
        },
        "predictive_eval": {
            "kl_div_to_data": 279.83673095703125,
            "mean_diff_to_data": 9.43259334564209,
            "std_diff_to_data": 0.3046349585056305
        }
    }
}