{
    "train": {
        "error": {
            "rmse": 0.2646908164024353,
            "loglikelihood": -4.712792873382568,
            "mae": 0.20438788831233978
        },
        "predictive_eval": {
            "kl_div_to_data": 1.7956020832061768,
            "mean_diff_to_data": 0.37402206659317017,
            "std_diff_to_data": 0.4196533262729645
        }
    },
    "test": {
        "error": {
            "rmse": 8.638947486877441,
            "loglikelihood": -981.9895629882812,
            "mae": 5.295515537261963
        },
        "predictive_eval": {
            "kl_div_to_data": 158.71499633789062,
            "mean_diff_to_data": 5.4580607414245605,
            "std_diff_to_data": 0.3561510443687439
        }
    },
    "in_domain": {
        "error": {
            "rmse": 1.144597053527832,
            "loglikelihood": -99.86056518554688,
            "mae": 0.9027037024497986
        },
        "predictive_eval": {
            "kl_div_to_data": 3.437217950820923,
            "mean_diff_to_data": 0.8068743348121643,
            "std_diff_to_data": 0.41971176862716675
        }
    },
    "out_domain": {
        "error": {
            "rmse": 12.172910690307617,
            "loglikelihood": -1864.108642578125,
            "mae": 9.70188045501709
        },
        "predictive_eval": {
            "kl_div_to_data": 304.5634765625,
            "mean_diff_to_data": 9.728675842285156,
            "std_diff_to_data": 0.3009810447692871
        }
    }
}