{
    "train": {
        "error": {
            "rmse": 0.250343918800354,
            "loglikelihood": -4.074612617492676,
            "mae": 0.19518890976905823
        },
        "predictive_eval": {
            "kl_div_to_data": 1.8007185459136963,
            "mean_diff_to_data": 0.372280091047287,
            "std_diff_to_data": 0.4202434718608856
        }
    },
    "in_domain": {
        "error": {
            "rmse": 1.0782065391540527,
            "loglikelihood": -89.27196502685547,
            "mae": 0.8525213599205017
        },
        "predictive_eval": {
            "kl_div_to_data": 3.0923492908477783,
            "mean_diff_to_data": 0.7244918346405029,
            "std_diff_to_data": 0.41946086287498474
        }
    },
    "out_domain": {
        "error": {
            "rmse": 11.957149505615234,
            "loglikelihood": -1760.471923828125,
            "mae": 9.51926326751709
        },
        "predictive_eval": {
            "kl_div_to_data": 305.72930908203125,
            "mean_diff_to_data": 9.791763305664062,
            "std_diff_to_data": 0.2971337139606476
        }
    }
}