{
    "train": {
        "error": {
            "rmse": 0.2717127799987793,
            "loglikelihood": -12.693499565124512,
            "mae": 0.21089772880077362
        },
        "predictive_eval": {
            "kl_div_to_data": 1.7933651208877563,
            "mean_diff_to_data": 0.3740687370300293,
            "std_diff_to_data": 0.4194440245628357
        }
    },
    "in_domain": {
        "error": {
            "rmse": 1.1457394361495972,
            "loglikelihood": -260.6746520996094,
            "mae": 0.9026681780815125
        },
        "predictive_eval": {
            "kl_div_to_data": 3.4383106231689453,
            "mean_diff_to_data": 0.8067917227745056,
            "std_diff_to_data": 0.41984978318214417
        }
    },
    "out_domain": {
        "error": {
            "rmse": 12.150192260742188,
            "loglikelihood": -29536.59765625,
            "mae": 9.682232856750488
        },
        "predictive_eval": {
            "kl_div_to_data": 304.5584411621094,
            "mean_diff_to_data": 9.728645324707031,
            "std_diff_to_data": 0.3012858033180237
        }
    }
}