{
    "train": {
        "error": {
            "rmse": 0.2670729160308838,
            "loglikelihood": -4.714291572570801,
            "mae": 0.209107905626297
        },
        "predictive_eval": {
            "kl_div_to_data": 1.7972482442855835,
            "mean_diff_to_data": 0.3768264949321747,
            "std_diff_to_data": 0.420032799243927
        }
    },
    "in_domain": {
        "error": {
            "rmse": 1.095467448234558,
            "loglikelihood": -92.77596282958984,
            "mae": 0.8598882555961609
        },
        "predictive_eval": {
            "kl_div_to_data": 3.275866746902466,
            "mean_diff_to_data": 0.759956419467926,
            "std_diff_to_data": 0.419285386800766
        }
    },
    "out_domain": {
        "error": {
            "rmse": 11.60918140411377,
            "loglikelihood": -1756.2156982421875,
            "mae": 9.26602840423584
        },
        "predictive_eval": {
            "kl_div_to_data": 279.83673095703125,
            "mean_diff_to_data": 9.43259334564209,
            "std_diff_to_data": 0.3046349585056305
        }
    }
}