{
    "train": {
        "error": {
            "rmse": 0.2782812714576721,
            "loglikelihood": -5.573419094085693,
            "mae": 0.21697595715522766
        },
        "predictive_eval": {
            "kl_div_to_data": 1.803367018699646,
            "mean_diff_to_data": 0.3710401654243469,
            "std_diff_to_data": 0.4200606346130371
        }
    },
    "in_domain": {
        "error": {
            "rmse": 1.110541582107544,
            "loglikelihood": -93.2528305053711,
            "mae": 0.8739685416221619
        },
        "predictive_eval": {
            "kl_div_to_data": 3.324618101119995,
            "mean_diff_to_data": 0.7745157480239868,
            "std_diff_to_data": 0.4198634624481201
        }
    },
    "out_domain": {
        "error": {
            "rmse": 11.898836135864258,
            "loglikelihood": -1726.0184326171875,
            "mae": 9.487975120544434
        },
        "predictive_eval": {
            "kl_div_to_data": 289.7943115234375,
            "mean_diff_to_data": 9.573803901672363,
            "std_diff_to_data": 0.29302138090133667
        }
    }
}