{
    "train": {
        "error": {
            "rmse": 0.2658500671386719,
            "loglikelihood": -4.608826637268066,
            "mae": 0.2078336775302887
        },
        "predictive_eval": {
            "kl_div_to_data": 1.7908012866973877,
            "mean_diff_to_data": 0.37565991282463074,
            "std_diff_to_data": 0.4196110963821411
        }
    },
    "in_domain": {
        "error": {
            "rmse": 1.1292065382003784,
            "loglikelihood": -95.60442352294922,
            "mae": 0.8839396834373474
        },
        "predictive_eval": {
            "kl_div_to_data": 3.4458017349243164,
            "mean_diff_to_data": 0.7800648212432861,
            "std_diff_to_data": 0.41905447840690613
        }
    },
    "out_domain": {
        "error": {
            "rmse": 11.772594451904297,
            "loglikelihood": -1689.3929443359375,
            "mae": 9.414493560791016
        },
        "predictive_eval": {
            "kl_div_to_data": 286.8443603515625,
            "mean_diff_to_data": 9.643959045410156,
            "std_diff_to_data": 0.29579389095306396
        }
    }
}