{
    "train": {
        "error": {
            "rmse": 0.2733619511127472,
            "loglikelihood": -12.870012283325195,
            "mae": 0.21470308303833008
        },
        "predictive_eval": {
            "kl_div_to_data": 1.7908012866973877,
            "mean_diff_to_data": 0.37565991282463074,
            "std_diff_to_data": 0.4196110963821411
        }
    },
    "in_domain": {
        "error": {
            "rmse": 1.1306601762771606,
            "loglikelihood": -253.5926513671875,
            "mae": 0.8849796652793884
        },
        "predictive_eval": {
            "kl_div_to_data": 3.4458017349243164,
            "mean_diff_to_data": 0.7800648212432861,
            "std_diff_to_data": 0.41905447840690613
        }
    },
    "out_domain": {
        "error": {
            "rmse": 11.779253959655762,
            "loglikelihood": -27753.25390625,
            "mae": 9.421937942504883
        },
        "predictive_eval": {
            "kl_div_to_data": 286.8443603515625,
            "mean_diff_to_data": 9.643959045410156,
            "std_diff_to_data": 0.29579389095306396
        }
    }
}