{
    "train": {
        "error": {
            "rmse": 0.27942022681236267,
            "loglikelihood": -13.545524597167969,
            "mae": 0.21935449540615082
        },
        "predictive_eval": {
            "kl_div_to_data": 1.7972809076309204,
            "mean_diff_to_data": 0.3730396628379822,
            "std_diff_to_data": 0.42011314630508423
        }
    },
    "in_domain": {
        "error": {
            "rmse": 1.1178009510040283,
            "loglikelihood": -247.8859405517578,
            "mae": 0.8828740119934082
        },
        "predictive_eval": {
            "kl_div_to_data": 3.5328731536865234,
            "mean_diff_to_data": 0.8129208087921143,
            "std_diff_to_data": 0.41915228962898254
        }
    },
    "out_domain": {
        "error": {
            "rmse": 11.8867769241333,
            "loglikelihood": -28267.498046875,
            "mae": 9.502636909484863
        },
        "predictive_eval": {
            "kl_div_to_data": 290.73406982421875,
            "mean_diff_to_data": 9.668622970581055,
            "std_diff_to_data": 0.29729101061820984
        }
    }
}