{
    "train": {
        "error": {
            "rmse": 0.2633886933326721,
            "loglikelihood": -4.625020980834961,
            "mae": 0.20547083020210266
        },
        "predictive_eval": {
            "kl_div_to_data": 1.8221603631973267,
            "mean_diff_to_data": 0.3907639682292938,
            "std_diff_to_data": 0.41955870389938354
        }
    },
    "in_domain": {
        "error": {
            "rmse": 1.1657928228378296,
            "loglikelihood": -101.72066497802734,
            "mae": 0.9130027890205383
        },
        "predictive_eval": {
            "kl_div_to_data": 3.7260830402374268,
            "mean_diff_to_data": 0.8267651200294495,
            "std_diff_to_data": 0.41954174637794495
        }
    },
    "out_domain": {
        "error": {
            "rmse": 12.050540924072266,
            "loglikelihood": -1754.1546630859375,
            "mae": 9.602437019348145
        },
        "predictive_eval": {
            "kl_div_to_data": 301.5624694824219,
            "mean_diff_to_data": 9.7257661819458,
            "std_diff_to_data": 0.2952161431312561
        }
    }
}