{
    "train": {
        "error": {
            "rmse": 0.2693827748298645,
            "loglikelihood": -4.905232906341553,
            "mae": 0.20940859615802765
        },
        "predictive_eval": {
            "kl_div_to_data": 1.7975891828536987,
            "mean_diff_to_data": 0.37267327308654785,
            "std_diff_to_data": 0.41939619183540344
        }
    },
    "in_domain": {
        "error": {
            "rmse": 1.1168032884597778,
            "loglikelihood": -95.0512924194336,
            "mae": 0.8817421793937683
        },
        "predictive_eval": {
            "kl_div_to_data": 3.395751714706421,
            "mean_diff_to_data": 0.7815012335777283,
            "std_diff_to_data": 0.41944006085395813
        }
    },
    "out_domain": {
        "error": {
            "rmse": 11.727523803710938,
            "loglikelihood": -1727.7093505859375,
            "mae": 9.347044944763184
        },
        "predictive_eval": {
            "kl_div_to_data": 286.0121154785156,
            "mean_diff_to_data": 9.481874465942383,
            "std_diff_to_data": 0.296467661857605
        }
    }
}