{
    "train": {
        "error": {
            "rmse": 0.25857430696487427,
            "loglikelihood": -11.291295051574707,
            "mae": 0.2023993283510208
        },
        "predictive_eval": {
            "kl_div_to_data": 1.8007185459136963,
            "mean_diff_to_data": 0.372280091047287,
            "std_diff_to_data": 0.4202434718608856
        }
    },
    "in_domain": {
        "error": {
            "rmse": 1.0785737037658691,
            "loglikelihood": -230.7921905517578,
            "mae": 0.8528866767883301
        },
        "predictive_eval": {
            "kl_div_to_data": 3.0923492908477783,
            "mean_diff_to_data": 0.7244918346405029,
            "std_diff_to_data": 0.41946086287498474
        }
    },
    "out_domain": {
        "error": {
            "rmse": 11.962356567382812,
            "loglikelihood": -28620.15625,
            "mae": 9.525152206420898
        },
        "predictive_eval": {
            "kl_div_to_data": 305.72930908203125,
            "mean_diff_to_data": 9.791763305664062,
            "std_diff_to_data": 0.2971337139606476
        }
    }
}