{
    "train": {
        "error": {
            "rmse": 0.2626974284648895,
            "loglikelihood": -4.48379373550415,
            "mae": 0.2068481296300888
        },
        "predictive_eval": {
            "kl_div_to_data": 1.7896337509155273,
            "mean_diff_to_data": 0.37386325001716614,
            "std_diff_to_data": 0.41962531208992004
        }
    },
    "in_domain": {
        "error": {
            "rmse": 1.0929518938064575,
            "loglikelihood": -91.6082763671875,
            "mae": 0.860501766204834
        },
        "predictive_eval": {
            "kl_div_to_data": 3.2815160751342773,
            "mean_diff_to_data": 0.7665700912475586,
            "std_diff_to_data": 0.4195445477962494
        }
    },
    "out_domain": {
        "error": {
            "rmse": 11.751815795898438,
            "loglikelihood": -1772.5435791015625,
            "mae": 9.43781566619873
        },
        "predictive_eval": {
            "kl_div_to_data": 295.70001220703125,
            "mean_diff_to_data": 9.785002708435059,
            "std_diff_to_data": 0.3057253062725067
        }
    }
}