{
    "train": {
        "error": {
            "rmse": 0.27706393599510193,
            "loglikelihood": -13.281343460083008,
            "mae": 0.21620428562164307
        },
        "predictive_eval": {
            "kl_div_to_data": 1.7975891828536987,
            "mean_diff_to_data": 0.37267327308654785,
            "std_diff_to_data": 0.41939619183540344
        }
    },
    "in_domain": {
        "error": {
            "rmse": 1.1193511486053467,
            "loglikelihood": -248.6087188720703,
            "mae": 0.8843545913696289
        },
        "predictive_eval": {
            "kl_div_to_data": 3.395751714706421,
            "mean_diff_to_data": 0.7815012335777283,
            "std_diff_to_data": 0.41944006085395813
        }
    },
    "out_domain": {
        "error": {
            "rmse": 11.738363265991211,
            "loglikelihood": -27568.306640625,
            "mae": 9.356998443603516
        },
        "predictive_eval": {
            "kl_div_to_data": 286.0121154785156,
            "mean_diff_to_data": 9.481874465942383,
            "std_diff_to_data": 0.296467661857605
        }
    }
}