{
    "train": {
        "error": {
            "rmse": 0.272164911031723,
            "loglikelihood": -4.978939056396484,
            "mae": 0.21311037242412567
        },
        "predictive_eval": {
            "kl_div_to_data": 1.7972809076309204,
            "mean_diff_to_data": 0.3730396628379822,
            "std_diff_to_data": 0.42011314630508423
        }
    },
    "in_domain": {
        "error": {
            "rmse": 1.1161251068115234,
            "loglikelihood": -96.01044464111328,
            "mae": 0.8819969296455383
        },
        "predictive_eval": {
            "kl_div_to_data": 3.5328731536865234,
            "mean_diff_to_data": 0.8129208087921143,
            "std_diff_to_data": 0.41915228962898254
        }
    },
    "out_domain": {
        "error": {
            "rmse": 11.888917922973633,
            "loglikelihood": -1750.4052734375,
            "mae": 9.504842758178711
        },
        "predictive_eval": {
            "kl_div_to_data": 290.73406982421875,
            "mean_diff_to_data": 9.668622970581055,
            "std_diff_to_data": 0.29729101061820984
        }
    }
}