{
    "train": {
        "error": {
            "rmse": 0.27047014236450195,
            "loglikelihood": -12.553079605102539,
            "mae": 0.2131134569644928
        },
        "predictive_eval": {
            "kl_div_to_data": 1.790967583656311,
            "mean_diff_to_data": 0.3703535199165344,
            "std_diff_to_data": 0.420096755027771
        }
    },
    "in_domain": {
        "error": {
            "rmse": 1.0683382749557495,
            "loglikelihood": -226.25869750976562,
            "mae": 0.8393468856811523
        },
        "predictive_eval": {
            "kl_div_to_data": 3.0280566215515137,
            "mean_diff_to_data": 0.7245699167251587,
            "std_diff_to_data": 0.4191875159740448
        }
    },
    "out_domain": {
        "error": {
            "rmse": 11.88408374786377,
            "loglikelihood": -28255.796875,
            "mae": 9.479008674621582
        },
        "predictive_eval": {
            "kl_div_to_data": 284.95660400390625,
            "mean_diff_to_data": 9.416330337524414,
            "std_diff_to_data": 0.29593512415885925
        }
    }
}