{
    "train": {
        "error": {
            "rmse": 0.2691936492919922,
            "loglikelihood": -12.41821575164795,
            "mae": 0.2125096619129181
        },
        "predictive_eval": {
            "kl_div_to_data": 1.7896337509155273,
            "mean_diff_to_data": 0.37386325001716614,
            "std_diff_to_data": 0.41962531208992004
        }
    },
    "in_domain": {
        "error": {
            "rmse": 1.0946191549301147,
            "loglikelihood": -237.7869415283203,
            "mae": 0.8622232675552368
        },
        "predictive_eval": {
            "kl_div_to_data": 3.2815160751342773,
            "mean_diff_to_data": 0.7665700912475586,
            "std_diff_to_data": 0.4195445477962494
        }
    },
    "out_domain": {
        "error": {
            "rmse": 11.750861167907715,
            "loglikelihood": -27639.953125,
            "mae": 9.435184478759766
        },
        "predictive_eval": {
            "kl_div_to_data": 295.70001220703125,
            "mean_diff_to_data": 9.785002708435059,
            "std_diff_to_data": 0.3057253062725067
        }
    }
}