{
    "train": {
        "error": {
            "rmse": 0.2725558280944824,
            "loglikelihood": -12.782830238342285,
            "mae": 0.21413052082061768
        },
        "predictive_eval": {
            "kl_div_to_data": 1.8221603631973267,
            "mean_diff_to_data": 0.3907639682292938,
            "std_diff_to_data": 0.41955870389938354
        }
    },
    "in_domain": {
        "error": {
            "rmse": 1.1664056777954102,
            "loglikelihood": -270.029541015625,
            "mae": 0.9141988754272461
        },
        "predictive_eval": {
            "kl_div_to_data": 3.7260830402374268,
            "mean_diff_to_data": 0.8267651200294495,
            "std_diff_to_data": 0.41954174637794495
        }
    },
    "out_domain": {
        "error": {
            "rmse": 12.057342529296875,
            "loglikelihood": -29079.373046875,
            "mae": 9.60523509979248
        },
        "predictive_eval": {
            "kl_div_to_data": 301.5624694824219,
            "mean_diff_to_data": 9.7257661819458,
            "std_diff_to_data": 0.2952161431312561
        }
    }
}