{
    "train": {
        "error": {
            "rmse": 0.262695848941803,
            "loglikelihood": -4.485821723937988,
            "mae": 0.20686165988445282
        },
        "predictive_eval": {
            "kl_div_to_data": 1.7847988605499268,
            "mean_diff_to_data": 0.37373262643814087,
            "std_diff_to_data": 0.4192437529563904
        }
    },
    "test": {
        "error": {
            "rmse": 8.3400297164917,
            "loglikelihood": -931.1320190429688,
            "mae": 5.142723560333252
        },
        "predictive_eval": {
            "kl_div_to_data": 141.2982177734375,
            "mean_diff_to_data": 5.285054683685303,
            "std_diff_to_data": 0.35789886116981506
        }
    },
    "in_domain": {
        "error": {
            "rmse": 1.0930514335632324,
            "loglikelihood": -91.57585906982422,
            "mae": 0.8605718016624451
        },
        "predictive_eval": {
            "kl_div_to_data": 3.281471014022827,
            "mean_diff_to_data": 0.7665874361991882,
            "std_diff_to_data": 0.419556200504303
        }
    },
    "out_domain": {
        "error": {
            "rmse": 11.75754165649414,
            "loglikelihood": -1782.2578125,
            "mae": 9.438631057739258
        },
        "predictive_eval": {
            "kl_div_to_data": 295.68707275390625,
            "mean_diff_to_data": 9.784675598144531,
            "std_diff_to_data": 0.3053686320781708
        }
    }
}