{
    "test_error": {
        "rmse": 1.190147304534912,
        "mae": 0.9461512684822082
    },
    "in_domain_error": {
        "rmse": 1.0244480431079865,
        "mae": 0.8179662108421326
    },
    "out_domain_error": {
        "rmse": 2.4585488557815554,
        "mae": 2.249705600738525
    },
    "predictive": {
        "kl_div": 34.302947998046875,
        "standardized_mean_diff": 0.007245265878736973,
        "mean_diff": 0.06962542980909348,
        "std_diff": 3.7455103397369385
    },
    "predictive_in_domain": {
        "kl_div": 0.5204386711120605,
        "standardized_mean_diff": 0.001990873832255602,
        "mean_diff": 0.016809791326522827,
        "std_diff": 0.6120644211769104
    },
    "predictive_out_domain": {
        "kl_div": 30.877199172973633,
        "standardized_mean_diff": -0.0709860697388649,
        "mean_diff": -0.3916722536087036,
        "std_diff": 6.847103595733643
    }
}