{
    "test_error": {
        "rmse": 1.2022678852081299,
        "mae": 0.949368131160736
    },
    "in_domain_error": {
        "rmse": 1.0277494311332702,
        "mae": 0.8155383884906768
    },
    "out_domain_error": {
        "rmse": 2.436875009536743,
        "mae": 2.2021066784858703
    },
    "predictive": {
        "kl_div": 38.08555221557617,
        "standardized_mean_diff": 0.001639857073314488,
        "mean_diff": 0.04755385220050812,
        "std_diff": 4.252353668212891
    },
    "predictive_in_domain": {
        "kl_div": 0.3873542845249176,
        "standardized_mean_diff": 0.006938137114048004,
        "mean_diff": 0.018391579389572144,
        "std_diff": 0.5373525619506836
    },
    "predictive_out_domain": {
        "kl_div": 39.48379898071289,
        "standardized_mean_diff": -0.06947514414787292,
        "mean_diff": -0.4489533603191376,
        "std_diff": 7.857950687408447
    }
}