{
    "train_error": {
        "rmse": 1.3527023792266846,
        "loglikelihood": -48.84210968017578
    },
    "test_error": {
        "rmse": 108.8491439819336,
        "loglikelihood": -81141.8125
    },
    "in_domain_error": {
        "rmse": 4.236565589904785,
        "loglikelihood": -481.1242980957031
    },
    "out_domain_error": {
        "rmse": 153.91281127929688,
        "loglikelihood": -157636.609375
    },
    "predictive_train": {
        "kl_div": 94.63378143310547,
        "mean_diff": 1.0502794981002808,
        "std_diff": 0.034195657819509506
    },
    "predictive_test": {
        "kl_div": 626246.0625,
        "mean_diff": 80.34367370605469,
        "std_diff": 0.11398277431726456
    },
    "predictive_in_domain": {
        "kl_div": 1218.296142578125,
        "mean_diff": 3.9220330715179443,
        "std_diff": 0.03309769928455353
    },
    "predictive_out_domain": {
        "kl_div": 1221452.25,
        "mean_diff": 153.92054748535156,
        "std_diff": 0.19812990725040436
    }
}