{
    "train": {
        "error": {
            "rmse": 0.5733222961425781,
            "loglikelihood": -0.8664783835411072,
            "mae": 0.45674821734428406
        },
        "predictive_eval": {
            "kl_div_to_data": 0.3811225891113281,
            "mean_diff_to_data": 0.3278288245201111,
            "std_diff_to_data": 0.09142007678747177
        }
    },
    "in_domain": {
        "error": {
            "rmse": 0.7023200988769531,
            "loglikelihood": -1.0891294479370117,
            "mae": 0.5569402575492859
        },
        "predictive_eval": {
            "kl_div_to_data": 0.536967396736145,
            "mean_diff_to_data": 0.39168059825897217,
            "std_diff_to_data": 0.09565959125757217
        }
    },
    "out_domain": {
        "error": {
            "rmse": 12.32723331451416,
            "loglikelihood": -32.48889923095703,
            "mae": 9.853774070739746
        },
        "predictive_eval": {
            "kl_div_to_data": 335.11151123046875,
            "mean_diff_to_data": 10.38929271697998,
            "std_diff_to_data": 1.0566645860671997
        }
    }
}