{
    "train": {
        "error": {
            "rmse": 0.5666194558143616,
            "loglikelihood": -0.8564046025276184,
            "mae": 0.4521290957927704
        },
        "predictive_eval": {
            "kl_div_to_data": 0.34524163603782654,
            "mean_diff_to_data": 0.3135669231414795,
            "std_diff_to_data": 0.09187652915716171
        }
    },
    "in_domain": {
        "error": {
            "rmse": 0.6799098253250122,
            "loglikelihood": -1.0494508743286133,
            "mae": 0.5388416051864624
        },
        "predictive_eval": {
            "kl_div_to_data": 0.4863714873790741,
            "mean_diff_to_data": 0.3615484833717346,
            "std_diff_to_data": 0.0926705151796341
        }
    },
    "out_domain": {
        "error": {
            "rmse": 11.79455280303955,
            "loglikelihood": -27.5340633392334,
            "mae": 9.430617332458496
        },
        "predictive_eval": {
            "kl_div_to_data": 304.51092529296875,
            "mean_diff_to_data": 9.852913856506348,
            "std_diff_to_data": 1.094188928604126
        }
    }
}