{
    "train": {
        "error": {
            "rmse": 0.6169537901878357,
            "loglikelihood": -0.9870908856391907,
            "mae": 0.4900009334087372
        },
        "predictive_eval": {
            "kl_div_to_data": 0.28312164545059204,
            "mean_diff_to_data": 0.28628069162368774,
            "std_diff_to_data": 0.07470394670963287
        }
    },
    "in_domain": {
        "error": {
            "rmse": 0.7371183633804321,
            "loglikelihood": -1.3122574090957642,
            "mae": 0.5804486870765686
        },
        "predictive_eval": {
            "kl_div_to_data": 0.40038421750068665,
            "mean_diff_to_data": 0.33417969942092896,
            "std_diff_to_data": 0.07628661394119263
        }
    },
    "out_domain": {
        "error": {
            "rmse": 11.916680335998535,
            "loglikelihood": -284.4440002441406,
            "mae": 9.505123138427734
        },
        "predictive_eval": {
            "kl_div_to_data": 313.3383483886719,
            "mean_diff_to_data": 10.024956703186035,
            "std_diff_to_data": 0.9339524507522583
        }
    }
}