{
    "train": {
        "error": {
            "rmse": 0.565459132194519,
            "loglikelihood": -0.8525270819664001,
            "mae": 0.4500577449798584
        },
        "predictive_eval": {
            "kl_div_to_data": 0.3397465944290161,
            "mean_diff_to_data": 0.312286376953125,
            "std_diff_to_data": 0.08241856843233109
        }
    },
    "in_domain": {
        "error": {
            "rmse": 0.6772981286048889,
            "loglikelihood": -1.0487120151519775,
            "mae": 0.5364288091659546
        },
        "predictive_eval": {
            "kl_div_to_data": 0.4619310200214386,
            "mean_diff_to_data": 0.3634507656097412,
            "std_diff_to_data": 0.0845685601234436
        }
    },
    "out_domain": {
        "error": {
            "rmse": 11.620888710021973,
            "loglikelihood": -34.575897216796875,
            "mae": 9.306475639343262
        },
        "predictive_eval": {
            "kl_div_to_data": 291.2773132324219,
            "mean_diff_to_data": 9.661681175231934,
            "std_diff_to_data": 0.8953787684440613
        }
    }
}