{
    "train": {
        "error": {
            "rmse": 0.5648576617240906,
            "loglikelihood": -0.8515381217002869,
            "mae": 0.4497228264808655
        },
        "predictive_eval": {
            "kl_div_to_data": 0.340854674577713,
            "mean_diff_to_data": 0.31355270743370056,
            "std_diff_to_data": 0.08252444863319397
        }
    },
    "test": {
        "error": {
            "rmse": 8.226033210754395,
            "loglikelihood": -17.836502075195312,
            "mae": 4.92111873626709
        },
        "predictive_eval": {
            "kl_div_to_data": 144.2626190185547,
            "mean_diff_to_data": 5.083380699157715,
            "std_diff_to_data": 0.5084787607192993
        }
    },
    "in_domain": {
        "error": {
            "rmse": 0.6777576208114624,
            "loglikelihood": -1.0493443012237549,
            "mae": 0.5365325212478638
        },
        "predictive_eval": {
            "kl_div_to_data": 0.46281325817108154,
            "mean_diff_to_data": 0.36424893140792847,
            "std_diff_to_data": 0.08621298521757126
        }
    },
    "out_domain": {
        "error": {
            "rmse": 11.62276840209961,
            "loglikelihood": -34.922950744628906,
            "mae": 9.308798789978027
        },
        "predictive_eval": {
            "kl_div_to_data": 291.5604248046875,
            "mean_diff_to_data": 9.665109634399414,
            "std_diff_to_data": 0.9002217054367065
        }
    }
}