{
    "train": {
        "error": {
            "rmse": 0.5601618885993958,
            "loglikelihood": -0.8424372673034668,
            "mae": 0.44880613684654236
        },
        "predictive_eval": {
            "kl_div_to_data": 0.35274872183799744,
            "mean_diff_to_data": 0.31997886300086975,
            "std_diff_to_data": 0.08140064030885696
        }
    },
    "test": {
        "error": {
            "rmse": 8.333542823791504,
            "loglikelihood": -17.65863609313965,
            "mae": 4.963633060455322
        },
        "predictive_eval": {
            "kl_div_to_data": 149.21810913085938,
            "mean_diff_to_data": 5.1757893562316895,
            "std_diff_to_data": 0.5265182852745056
        }
    },
    "in_domain": {
        "error": {
            "rmse": 0.6748944520950317,
            "loglikelihood": -1.0464839935302734,
            "mae": 0.5365104079246521
        },
        "predictive_eval": {
            "kl_div_to_data": 0.4189629554748535,
            "mean_diff_to_data": 0.34506940841674805,
            "std_diff_to_data": 0.08207125961780548
        }
    },
    "out_domain": {
        "error": {
            "rmse": 11.750781059265137,
            "loglikelihood": -34.00311279296875,
            "mae": 9.37906265258789
        },
        "predictive_eval": {
            "kl_div_to_data": 302.35089111328125,
            "mean_diff_to_data": 9.821518898010254,
            "std_diff_to_data": 0.9231868386268616
        }
    }
}