{
    "train": {
        "error": {
            "rmse": 0.6285938024520874,
            "loglikelihood": -1.0161559581756592,
            "mae": 0.5002135634422302
        },
        "predictive_eval": {
            "kl_div_to_data": 0.31678083539009094,
            "mean_diff_to_data": 0.29508697986602783,
            "std_diff_to_data": 0.08451252430677414
        }
    },
    "in_domain": {
        "error": {
            "rmse": 0.7351945042610168,
            "loglikelihood": -1.3072748184204102,
            "mae": 0.5852468609809875
        },
        "predictive_eval": {
            "kl_div_to_data": 0.4170873165130615,
            "mean_diff_to_data": 0.3502107560634613,
            "std_diff_to_data": 0.08627369999885559
        }
    },
    "out_domain": {
        "error": {
            "rmse": 12.129246711730957,
            "loglikelihood": -294.5106201171875,
            "mae": 9.697501182556152
        },
        "predictive_eval": {
            "kl_div_to_data": 311.9142761230469,
            "mean_diff_to_data": 10.002351760864258,
            "std_diff_to_data": 0.9136950969696045
        }
    }
}