{
    "train": {
        "error": {
            "rmse": 0.6544867753982544,
            "loglikelihood": -1.0824030637741089,
            "mae": 0.520207405090332
        },
        "predictive_eval": {
            "kl_div_to_data": 0.3811225891113281,
            "mean_diff_to_data": 0.3278288245201111,
            "std_diff_to_data": 0.09142007678747177
        }
    },
    "in_domain": {
        "error": {
            "rmse": 0.7807353734970093,
            "loglikelihood": -1.445736289024353,
            "mae": 0.6154279112815857
        },
        "predictive_eval": {
            "kl_div_to_data": 0.536967396736145,
            "mean_diff_to_data": 0.39168059825897217,
            "std_diff_to_data": 0.09565959125757217
        }
    },
    "out_domain": {
        "error": {
            "rmse": 12.356732368469238,
            "loglikelihood": -305.7291259765625,
            "mae": 9.863008499145508
        },
        "predictive_eval": {
            "kl_div_to_data": 335.11151123046875,
            "mean_diff_to_data": 10.38929271697998,
            "std_diff_to_data": 1.0566645860671997
        }
    }
}