{
    "train": {
        "error": {
            "rmse": 0.6296406984329224,
            "loglikelihood": -1.01865816116333,
            "mae": 0.5018823742866516
        },
        "predictive_eval": {
            "kl_div_to_data": 0.3505629897117615,
            "mean_diff_to_data": 0.3195576071739197,
            "std_diff_to_data": 0.08077873289585114
        }
    },
    "in_domain": {
        "error": {
            "rmse": 0.731036365032196,
            "loglikelihood": -1.294877290725708,
            "mae": 0.5808719396591187
        },
        "predictive_eval": {
            "kl_div_to_data": 0.4188483953475952,
            "mean_diff_to_data": 0.34490954875946045,
            "std_diff_to_data": 0.08256670087575912
        }
    },
    "out_domain": {
        "error": {
            "rmse": 11.800436019897461,
            "loglikelihood": -278.7411804199219,
            "mae": 9.405694007873535
        },
        "predictive_eval": {
            "kl_div_to_data": 301.3501892089844,
            "mean_diff_to_data": 9.805754661560059,
            "std_diff_to_data": 0.909827709197998
        }
    }
}