{
    "train": {
        "error": {
            "rmse": 0.6547386050224304,
            "loglikelihood": -1.0836334228515625,
            "mae": 0.5192219614982605
        },
        "predictive_eval": {
            "kl_div_to_data": 0.3773754835128784,
            "mean_diff_to_data": 0.3228229880332947,
            "std_diff_to_data": 0.09556394815444946
        }
    },
    "in_domain": {
        "error": {
            "rmse": 0.7540125250816345,
            "loglikelihood": -1.3629255294799805,
            "mae": 0.5977240800857544
        },
        "predictive_eval": {
            "kl_div_to_data": 0.5120173692703247,
            "mean_diff_to_data": 0.3698123097419739,
            "std_diff_to_data": 0.09874623268842697
        }
    },
    "out_domain": {
        "error": {
            "rmse": 12.310364723205566,
            "loglikelihood": -303.38311767578125,
            "mae": 9.82759952545166
        },
        "predictive_eval": {
            "kl_div_to_data": 328.892822265625,
            "mean_diff_to_data": 10.270230293273926,
            "std_diff_to_data": 0.9445595145225525
        }
    }
}