{
    "train": {
        "error": {
            "rmse": 0.638785719871521,
            "loglikelihood": -1.0417789220809937,
            "mae": 0.5056335926055908
        },
        "predictive_eval": {
            "kl_div_to_data": 0.3397465944290161,
            "mean_diff_to_data": 0.312286376953125,
            "std_diff_to_data": 0.08241856843233109
        }
    },
    "in_domain": {
        "error": {
            "rmse": 0.7419137358665466,
            "loglikelihood": -1.327441930770874,
            "mae": 0.5876795649528503
        },
        "predictive_eval": {
            "kl_div_to_data": 0.4619310200214386,
            "mean_diff_to_data": 0.3634507656097412,
            "std_diff_to_data": 0.0845685601234436
        }
    },
    "out_domain": {
        "error": {
            "rmse": 11.657785415649414,
            "loglikelihood": -272.15655517578125,
            "mae": 9.321958541870117
        },
        "predictive_eval": {
            "kl_div_to_data": 291.2773132324219,
            "mean_diff_to_data": 9.661681175231934,
            "std_diff_to_data": 0.8953787684440613
        }
    }
}