{
    "train": {
        "error": {
            "rmse": 0.5743383169174194,
            "loglikelihood": -0.8680989146232605,
            "mae": 0.45772814750671387
        },
        "predictive_eval": {
            "kl_div_to_data": 0.3689335882663727,
            "mean_diff_to_data": 0.32822027802467346,
            "std_diff_to_data": 0.08256082236766815
        }
    },
    "in_domain": {
        "error": {
            "rmse": 0.6837537884712219,
            "loglikelihood": -1.0644539594650269,
            "mae": 0.5399988889694214
        },
        "predictive_eval": {
            "kl_div_to_data": 0.44051215052604675,
            "mean_diff_to_data": 0.36135685443878174,
            "std_diff_to_data": 0.0849829912185669
        }
    },
    "out_domain": {
        "error": {
            "rmse": 12.033855438232422,
            "loglikelihood": -33.211605072021484,
            "mae": 9.64395523071289
        },
        "predictive_eval": {
            "kl_div_to_data": 318.0025634765625,
            "mean_diff_to_data": 10.12700366973877,
            "std_diff_to_data": 0.9701334238052368
        }
    }
}