{
    "train": {
        "error": {
            "rmse": 0.650874137878418,
            "loglikelihood": -1.0733792781829834,
            "mae": 0.5184370875358582
        },
        "predictive_eval": {
            "kl_div_to_data": 0.3689335882663727,
            "mean_diff_to_data": 0.32822027802467346,
            "std_diff_to_data": 0.08256082236766815
        }
    },
    "in_domain": {
        "error": {
            "rmse": 0.748805046081543,
            "loglikelihood": -1.3473637104034424,
            "mae": 0.5903277397155762
        },
        "predictive_eval": {
            "kl_div_to_data": 0.44051215052604675,
            "mean_diff_to_data": 0.36135685443878174,
            "std_diff_to_data": 0.0849829912185669
        }
    },
    "out_domain": {
        "error": {
            "rmse": 12.080939292907715,
            "loglikelihood": -292.2019958496094,
            "mae": 9.668245315551758
        },
        "predictive_eval": {
            "kl_div_to_data": 318.0025634765625,
            "mean_diff_to_data": 10.12700366973877,
            "std_diff_to_data": 0.9701334238052368
        }
    }
}