{
    "train": {
        "error": {
            "rmse": 0.5870576500892639,
            "loglikelihood": -0.8972108960151672,
            "mae": 0.4683513343334198
        },
        "predictive_eval": {
            "kl_div_to_data": 0.6365840435028076,
            "mean_diff_to_data": 0.4226846992969513,
            "std_diff_to_data": 0.13442201912403107
        }
    },
    "in_domain": {
        "error": {
            "rmse": 0.9384762048721313,
            "loglikelihood": -1.5352236032485962,
            "mae": 0.7443434596061707
        },
        "predictive_eval": {
            "kl_div_to_data": 1.3575397729873657,
            "mean_diff_to_data": 0.6278889179229736,
            "std_diff_to_data": 0.13540177047252655
        }
    },
    "out_domain": {
        "error": {
            "rmse": 16.22022819519043,
            "loglikelihood": -51.803466796875,
            "mae": 12.952031135559082
        },
        "predictive_eval": {
            "kl_div_to_data": 559.8447875976562,
            "mean_diff_to_data": 13.483905792236328,
            "std_diff_to_data": 1.1107709407806396
        }
    }
}