{
    "train": {
        "error": {
            "rmse": 0.5799041986465454,
            "loglikelihood": -0.8870446085929871,
            "mae": 0.4620783030986786
        },
        "predictive_eval": {
            "kl_div_to_data": 0.63638836145401,
            "mean_diff_to_data": 0.419558584690094,
            "std_diff_to_data": 0.13494062423706055
        }
    },
    "in_domain": {
        "error": {
            "rmse": 0.9187619090080261,
            "loglikelihood": -1.4936221837997437,
            "mae": 0.7292917370796204
        },
        "predictive_eval": {
            "kl_div_to_data": 1.2363474369049072,
            "mean_diff_to_data": 0.6055766344070435,
            "std_diff_to_data": 0.13693517446517944
        }
    },
    "out_domain": {
        "error": {
            "rmse": 16.075611114501953,
            "loglikelihood": -51.323463439941406,
            "mae": 12.799942016601562
        },
        "predictive_eval": {
            "kl_div_to_data": 546.1952514648438,
            "mean_diff_to_data": 13.3511323928833,
            "std_diff_to_data": 1.098273754119873
        }
    }
}