{
    "train": {
        "error": {
            "rmse": 0.6950271725654602,
            "loglikelihood": -1.1920515298843384,
            "mae": 0.5519920587539673
        },
        "predictive_eval": {
            "kl_div_to_data": 0.7044364213943481,
            "mean_diff_to_data": 0.4503735899925232,
            "std_diff_to_data": 0.13005875051021576
        }
    },
    "in_domain": {
        "error": {
            "rmse": 0.9954144358634949,
            "loglikelihood": -2.207811117172241,
            "mae": 0.7914404273033142
        },
        "predictive_eval": {
            "kl_div_to_data": 1.3231371641159058,
            "mean_diff_to_data": 0.6177880167961121,
            "std_diff_to_data": 0.12919650971889496
        }
    },
    "out_domain": {
        "error": {
            "rmse": 15.975911140441895,
            "loglikelihood": -511.3075256347656,
            "mae": 12.727592468261719
        },
        "predictive_eval": {
            "kl_div_to_data": 531.8557739257812,
            "mean_diff_to_data": 13.128371238708496,
            "std_diff_to_data": 0.9889066815376282
        }
    }
}