{
    "train": {
        "error": {
            "rmse": 0.703120231628418,
            "loglikelihood": -1.214573621749878,
            "mae": 0.5604591965675354
        },
        "predictive_eval": {
            "kl_div_to_data": 0.63638836145401,
            "mean_diff_to_data": 0.419558584690094,
            "std_diff_to_data": 0.13494062423706055
        }
    },
    "in_domain": {
        "error": {
            "rmse": 1.0143177509307861,
            "loglikelihood": -2.283353805541992,
            "mae": 0.8041921854019165
        },
        "predictive_eval": {
            "kl_div_to_data": 1.2363474369049072,
            "mean_diff_to_data": 0.6055766344070435,
            "std_diff_to_data": 0.13693517446517944
        }
    },
    "out_domain": {
        "error": {
            "rmse": 16.162921905517578,
            "loglikelihood": -522.9588623046875,
            "mae": 12.883590698242188
        },
        "predictive_eval": {
            "kl_div_to_data": 546.1952514648438,
            "mean_diff_to_data": 13.3511323928833,
            "std_diff_to_data": 1.098273754119873
        }
    }
}