{
    "train": {
        "error": {
            "rmse": 0.5871200561523438,
            "loglikelihood": -0.8976829648017883,
            "mae": 0.4673307538032532
        },
        "predictive_eval": {
            "kl_div_to_data": 0.6765914559364319,
            "mean_diff_to_data": 0.4355282485485077,
            "std_diff_to_data": 0.13347002863883972
        }
    },
    "in_domain": {
        "error": {
            "rmse": 0.9261532425880432,
            "loglikelihood": -1.5144597291946411,
            "mae": 0.7366208434104919
        },
        "predictive_eval": {
            "kl_div_to_data": 1.2921684980392456,
            "mean_diff_to_data": 0.6052609086036682,
            "std_diff_to_data": 0.13491013646125793
        }
    },
    "out_domain": {
        "error": {
            "rmse": 16.0924015045166,
            "loglikelihood": -53.8386344909668,
            "mae": 12.813748359680176
        },
        "predictive_eval": {
            "kl_div_to_data": 546.4590454101562,
            "mean_diff_to_data": 13.327767372131348,
            "std_diff_to_data": 1.075095772743225
        }
    }
}