{
    "train": {
        "error": {
            "rmse": 0.5873879194259644,
            "loglikelihood": -0.8977010846138,
            "mae": 0.46863555908203125
        },
        "predictive_eval": {
            "kl_div_to_data": 0.6352558732032776,
            "mean_diff_to_data": 0.42249804735183716,
            "std_diff_to_data": 0.1337919682264328
        }
    },
    "test": {
        "error": {
            "rmse": 11.474801063537598,
            "loglikelihood": -26.574954986572266,
            "mae": 6.835811614990234
        },
        "predictive_eval": {
            "kl_div_to_data": 270.76007080078125,
            "mean_diff_to_data": 7.018922805786133,
            "std_diff_to_data": 0.6652898788452148
        }
    },
    "in_domain": {
        "error": {
            "rmse": 0.9388855695724487,
            "loglikelihood": -1.535589575767517,
            "mae": 0.7446593642234802
        },
        "predictive_eval": {
            "kl_div_to_data": 1.3584588766098022,
            "mean_diff_to_data": 0.6290295124053955,
            "std_diff_to_data": 0.13389362394809723
        }
    },
    "out_domain": {
        "error": {
            "rmse": 16.231189727783203,
            "loglikelihood": -52.29255294799805,
            "mae": 12.957679748535156
        },
        "predictive_eval": {
            "kl_div_to_data": 560.016845703125,
            "mean_diff_to_data": 13.483839988708496,
            "std_diff_to_data": 1.1186802387237549
        }
    }
}