{
    "train": {
        "error": {
            "rmse": 0.7014904022216797,
            "loglikelihood": -1.2100534439086914,
            "mae": 0.5607559084892273
        },
        "predictive_eval": {
            "kl_div_to_data": 0.6765914559364319,
            "mean_diff_to_data": 0.4355282485485077,
            "std_diff_to_data": 0.13347002863883972
        }
    },
    "in_domain": {
        "error": {
            "rmse": 1.0084381103515625,
            "loglikelihood": -2.2599430084228516,
            "mae": 0.8026881217956543
        },
        "predictive_eval": {
            "kl_div_to_data": 1.2921684980392456,
            "mean_diff_to_data": 0.6052609086036682,
            "std_diff_to_data": 0.13491013646125793
        }
    },
    "out_domain": {
        "error": {
            "rmse": 16.272409439086914,
            "loglikelihood": -529.5697631835938,
            "mae": 12.964293479919434
        },
        "predictive_eval": {
            "kl_div_to_data": 546.4590454101562,
            "mean_diff_to_data": 13.327767372131348,
            "std_diff_to_data": 1.075095772743225
        }
    }
}