{
    "train": {
        "error": {
            "rmse": 0.7072716951370239,
            "loglikelihood": -1.2263535261154175,
            "mae": 0.5633401274681091
        },
        "predictive_eval": {
            "kl_div_to_data": 0.6365840435028076,
            "mean_diff_to_data": 0.4226846992969513,
            "std_diff_to_data": 0.13442201912403107
        }
    },
    "in_domain": {
        "error": {
            "rmse": 1.0169955492019653,
            "loglikelihood": -2.294790029525757,
            "mae": 0.8070241212844849
        },
        "predictive_eval": {
            "kl_div_to_data": 1.3575397729873657,
            "mean_diff_to_data": 0.6278889179229736,
            "std_diff_to_data": 0.13540177047252655
        }
    },
    "out_domain": {
        "error": {
            "rmse": 16.275331497192383,
            "loglikelihood": -529.7884521484375,
            "mae": 12.994891166687012
        },
        "predictive_eval": {
            "kl_div_to_data": 559.8447875976562,
            "mean_diff_to_data": 13.483905792236328,
            "std_diff_to_data": 1.1107709407806396
        }
    }
}