{
    "train": {
        "error": {
            "rmse": 0.5892961025238037,
            "loglikelihood": -0.8994154930114746,
            "mae": 0.4715249240398407
        },
        "predictive_eval": {
            "kl_div_to_data": 0.7044364213943481,
            "mean_diff_to_data": 0.4503735899925232,
            "std_diff_to_data": 0.13005875051021576
        }
    },
    "in_domain": {
        "error": {
            "rmse": 0.9210246801376343,
            "loglikelihood": -1.5082968473434448,
            "mae": 0.733583390712738
        },
        "predictive_eval": {
            "kl_div_to_data": 1.3231371641159058,
            "mean_diff_to_data": 0.6177880167961121,
            "std_diff_to_data": 0.12919650971889496
        }
    },
    "out_domain": {
        "error": {
            "rmse": 15.92223072052002,
            "loglikelihood": -57.65971755981445,
            "mae": 12.670289039611816
        },
        "predictive_eval": {
            "kl_div_to_data": 531.8557739257812,
            "mean_diff_to_data": 13.128371238708496,
            "std_diff_to_data": 0.9889066815376282
        }
    }
}