{
    "train": {
        "error": {
            "rmse": 0.5796349048614502,
            "loglikelihood": -0.8849115371704102,
            "mae": 0.46332865953445435
        },
        "predictive_eval": {
            "kl_div_to_data": 0.6635316014289856,
            "mean_diff_to_data": 0.4416918158531189,
            "std_diff_to_data": 0.12481283396482468
        }
    },
    "in_domain": {
        "error": {
            "rmse": 0.9197530150413513,
            "loglikelihood": -1.5125664472579956,
            "mae": 0.734663724899292
        },
        "predictive_eval": {
            "kl_div_to_data": 1.2429953813552856,
            "mean_diff_to_data": 0.5982565879821777,
            "std_diff_to_data": 0.126545712351799
        }
    },
    "out_domain": {
        "error": {
            "rmse": 15.813375473022461,
            "loglikelihood": -62.49751663208008,
            "mae": 12.56678581237793
        },
        "predictive_eval": {
            "kl_div_to_data": 520.499267578125,
            "mean_diff_to_data": 13.0519437789917,
            "std_diff_to_data": 0.9086819887161255
        }
    }
}