{
    "train": {
        "error": {
            "rmse": 0.6961812376976013,
            "loglikelihood": -1.1954025030136108,
            "mae": 0.5550398230552673
        },
        "predictive_eval": {
            "kl_div_to_data": 0.6635316014289856,
            "mean_diff_to_data": 0.4416918158531189,
            "std_diff_to_data": 0.12481283396482468
        }
    },
    "in_domain": {
        "error": {
            "rmse": 0.9829242825508118,
            "loglikelihood": -2.1560051441192627,
            "mae": 0.7848500609397888
        },
        "predictive_eval": {
            "kl_div_to_data": 1.2429953813552856,
            "mean_diff_to_data": 0.5982565879821777,
            "std_diff_to_data": 0.126545712351799
        }
    },
    "out_domain": {
        "error": {
            "rmse": 15.901982307434082,
            "loglikelihood": -506.0789489746094,
            "mae": 12.635236740112305
        },
        "predictive_eval": {
            "kl_div_to_data": 520.499267578125,
            "mean_diff_to_data": 13.0519437789917,
            "std_diff_to_data": 0.9086819887161255
        }
    }
}