{
    "test_error": {
        "rmse": 3.9732001304626463,
        "mae": 3.1562857389450074
    },
    "in_domain_error": {
        "rmse": 3.9346930980682373,
        "mae": 3.144594120979309
    },
    "out_domain_error": {
        "rmse": 4.031098365783691,
        "mae": 3.2113545894622804
    },
    "predictive": {
        "kl_div": 0.8817988038063049,
        "mean_diff": 0.07307928800582886,
        "std_diff": 2.960113763809204
    },
    "predictive_in_domain": {
        "kl_div": 0.9078290462493896,
        "mean_diff": 0.05101265385746956,
        "std_diff": 2.988619089126587
    },
    "predictive_out_domain": {
        "kl_div": 0.8574503064155579,
        "mean_diff": 0.05424364656209946,
        "std_diff": 2.932891607284546
    }
}