{
    "test_error": {
        "rmse": 1.718076515197754,
        "mae": 1.375814187526703
    },
    "in_domain_error": {
        "rmse": 1.7209909915924073,
        "mae": 1.3816838383674621
    },
    "out_domain_error": {
        "rmse": 1.7409501314163207,
        "mae": 1.4229729413986205
    },
    "predictive": {
        "kl_div": 1.3260416984558105,
        "mean_diff": 1.170120120048523,
        "std_diff": 0.43226635456085205
    },
    "predictive_in_domain": {
        "kl_div": 1.0112286806106567,
        "mean_diff": 1.14049232006073,
        "std_diff": 0.07723433524370193
    },
    "predictive_out_domain": {
        "kl_div": 1.3829156160354614,
        "mean_diff": 1.1792683601379395,
        "std_diff": 0.5608742833137512
    }
}