{
    "test_error": {
        "rmse": 1.7862276315689087,
        "mae": 1.4201951980590821
    },
    "in_domain_error": {
        "rmse": 1.7261859059333802,
        "mae": 1.3890387058258056
    },
    "out_domain_error": {
        "rmse": 2.027740681171417,
        "mae": 1.6604894757270814
    },
    "predictive": {
        "kl_div": 17.325180053710938,
        "standardized_mean_diff": -0.11031268537044525,
        "mean_diff": -0.3176369071006775,
        "std_diff": 2.9938180446624756
    },
    "predictive_in_domain": {
        "kl_div": 1.2955031394958496,
        "standardized_mean_diff": 0.020784929394721985,
        "mean_diff": 0.0401422418653965,
        "std_diff": 0.5495492219924927
    },
    "predictive_out_domain": {
        "kl_div": 8.220226287841797,
        "standardized_mean_diff": -0.15699182450771332,
        "mean_diff": -0.7621651291847229,
        "std_diff": 3.0202255249023438
    }
}