{
    "test_error": {
        "rmse": 1.0021882891654967,
        "mae": 0.7959377408027649
    },
    "in_domain_error": {
        "rmse": 0.9908535540103912,
        "mae": 0.7912753820419312
    },
    "out_domain_error": {
        "rmse": 1.0129627645015717,
        "mae": 0.8081553637981415
    },
    "predictive": {
        "kl_div": 0.0038255052641034126,
        "mean_diff": 0.06468818336725235,
        "std_diff": 0.02033252641558647
    },
    "predictive_in_domain": {
        "kl_div": 0.0012379167601466179,
        "mean_diff": 0.036596670746803284,
        "std_diff": 0.01144294161349535
    },
    "predictive_out_domain": {
        "kl_div": 0.003146302653476596,
        "mean_diff": 0.03651731088757515,
        "std_diff": 0.0456322617828846
    }
}