{
    "train_error": {
        "rmse": 1.86141037940979,
        "loglikelihood": -2.5066072940826416
    },
    "test_error": {
        "rmse": 115.38138580322266,
        "loglikelihood": -2619.8193359375
    },
    "in_domain_error": {
        "rmse": 2.26165509223938,
        "loglikelihood": -3.2196414470672607
    },
    "out_domain_error": {
        "rmse": 163.2708740234375,
        "loglikelihood": -5210.484375
    },
    "predictive_train": {
        "kl_div": 1.5636845827102661,
        "mean_diff": 1.3763513565063477,
        "std_diff": 0.0654308870434761
    },
    "predictive_test": {
        "kl_div": 6781.09765625,
        "mean_diff": 82.68512725830078,
        "std_diff": 0.5009674429893494
    },
    "predictive_in_domain": {
        "kl_div": 1.917444109916687,
        "mean_diff": 1.5528007745742798,
        "std_diff": 0.07031644135713577
    },
    "predictive_out_domain": {
        "kl_div": 13700.46484375,
        "mean_diff": 163.53269958496094,
        "std_diff": 0.9085342884063721
    }
}