{"test_rmse": 3450.155554199219, "kl_div_normal_baseline": 122.49360121551236, "kl_div_predictive": 6.094790047954826, "mean_diff_normal_baseline": 77.60315704345703, "mean_diff_predictive": 447.74981689453125, "var_diff_normal_baseline": 130536.9765625, "var_diff_predictive": 8898267.0, "std_diff_normal_baseline": 360.3321533203125, "std_diff_predictive": 2600.859619140625}