{
    "test_error": {
        "rmse": 0.3335240572690964,
        "mae": 0.270576086640358
    },
    "in_domain_error": {
        "rmse": 0.2771006554365158,
        "mae": 0.2220385417342186
    },
    "out_domain_error": {
        "rmse": 0.8014725983142853,
        "mae": 0.6135655224323273
    },
    "predictive": {
        "kl_div": 6.181995391845703,
        "mean_diff": 0.14674097299575806,
        "std_diff": 0.7029858231544495
    },
    "predictive_in_domain": {
        "kl_div": 0.7212111949920654,
        "mean_diff": 0.09111398458480835,
        "std_diff": 0.21215681731700897
    },
    "predictive_out_domain": {
        "kl_div": 42.40190505981445,
        "mean_diff": 0.49487221240997314,
        "std_diff": 1.9862934350967407
    }
}