{
    "train": {
        "error": {
            "rmse": 0.5310429334640503,
            "loglikelihood": -0.9055208563804626,
            "mae": 0.4227429926395416
        },
        "predictive_eval": {
            "kl_div_to_data": 3.2733006477355957,
            "mean_diff_to_data": 0.3690246045589447,
            "std_diff_to_data": 0.4891833961009979
        }
    },
    "test": {
        "error": {
            "rmse": 26.59007453918457,
            "loglikelihood": -7.69823694229126,
            "mae": 15.581110954284668
        },
        "predictive_eval": {
            "kl_div_to_data": 4524.37060546875,
            "mean_diff_to_data": 16.803367614746094,
            "std_diff_to_data": 4.318378925323486
        }
    },
    "in_domain": {
        "error": {
            "rmse": 0.619759738445282,
            "loglikelihood": -0.9784270524978638,
            "mae": 0.4906388819217682
        },
        "predictive_eval": {
            "kl_div_to_data": 3.752991199493408,
            "mean_diff_to_data": 0.42402005195617676,
            "std_diff_to_data": 0.49774548411369324
        }
    },
    "out_domain": {
        "error": {
            "rmse": 37.59199142456055,
            "loglikelihood": -14.309981346130371,
            "mae": 30.681304931640625
        },
        "predictive_eval": {
            "kl_div_to_data": 8650.6015625,
            "mean_diff_to_data": 31.67136001586914,
            "std_diff_to_data": 7.476939678192139
        }
    }
}