{
    "train": {
        "error": {
            "rmse": 0.5313180685043335,
            "loglikelihood": -0.9056059718132019,
            "mae": 0.4226742386817932
        },
        "predictive_eval": {
            "kl_div_to_data": 3.283501386642456,
            "mean_diff_to_data": 0.370514452457428,
            "std_diff_to_data": 0.48933783173561096
        }
    },
    "test": {
        "error": {
            "rmse": 26.589065551757812,
            "loglikelihood": -7.722104072570801,
            "mae": 15.599740982055664
        },
        "predictive_eval": {
            "kl_div_to_data": 4517.75390625,
            "mean_diff_to_data": 16.799428939819336,
            "std_diff_to_data": 4.269515514373779
        }
    },
    "in_domain": {
        "error": {
            "rmse": 0.6200969815254211,
            "loglikelihood": -0.9783599972724915,
            "mae": 0.490800678730011
        },
        "predictive_eval": {
            "kl_div_to_data": 3.74324107170105,
            "mean_diff_to_data": 0.42518067359924316,
            "std_diff_to_data": 0.4953992962837219
        }
    },
    "out_domain": {
        "error": {
            "rmse": 37.592079162597656,
            "loglikelihood": -14.305679321289062,
            "mae": 30.667011260986328
        },
        "predictive_eval": {
            "kl_div_to_data": 8649.2861328125,
            "mean_diff_to_data": 31.673280715942383,
            "std_diff_to_data": 7.443373203277588
        }
    }
}