{
    "train": {
        "error": {
            "rmse": 0.5594854354858398,
            "loglikelihood": -0.9519290328025818,
            "mae": 0.44566017389297485
        },
        "predictive_eval": {
            "kl_div_to_data": 3.72235369682312,
            "mean_diff_to_data": 0.40299227833747864,
            "std_diff_to_data": 0.5194674730300903
        }
    },
    "test": {
        "error": {
            "rmse": 26.54315757751465,
            "loglikelihood": -7.786540985107422,
            "mae": 15.477269172668457
        },
        "predictive_eval": {
            "kl_div_to_data": 4457.77294921875,
            "mean_diff_to_data": 16.54974937438965,
            "std_diff_to_data": 4.277724266052246
        }
    },
    "in_domain": {
        "error": {
            "rmse": 0.6628365516662598,
            "loglikelihood": -1.0344473123550415,
            "mae": 0.5168904066085815
        },
        "predictive_eval": {
            "kl_div_to_data": 4.659773349761963,
            "mean_diff_to_data": 0.482144296169281,
            "std_diff_to_data": 0.5301286578178406
        }
    },
    "out_domain": {
        "error": {
            "rmse": 37.552799224853516,
            "loglikelihood": -14.52872371673584,
            "mae": 30.441974639892578
        },
        "predictive_eval": {
            "kl_div_to_data": 8598.8515625,
            "mean_diff_to_data": 31.55518341064453,
            "std_diff_to_data": 7.576089859008789
        }
    }
}