{
    "train": {
        "error": {
            "rmse": 0.5042480826377869,
            "loglikelihood": -0.8679907917976379,
            "mae": 0.4014345109462738
        },
        "predictive_eval": {
            "kl_div_to_data": 2.935439348220825,
            "mean_diff_to_data": 0.33947551250457764,
            "std_diff_to_data": 0.4720320999622345
        }
    },
    "test": {
        "error": {
            "rmse": 26.284936904907227,
            "loglikelihood": -8.147254943847656,
            "mae": 15.37567138671875
        },
        "predictive_eval": {
            "kl_div_to_data": 4341.77392578125,
            "mean_diff_to_data": 16.36821174621582,
            "std_diff_to_data": 4.073708534240723
        }
    },
    "in_domain": {
        "error": {
            "rmse": 0.587165892124176,
            "loglikelihood": -0.9365256428718567,
            "mae": 0.46059200167655945
        },
        "predictive_eval": {
            "kl_div_to_data": 3.518256664276123,
            "mean_diff_to_data": 0.4010609984397888,
            "std_diff_to_data": 0.4809386134147644
        }
    },
    "out_domain": {
        "error": {
            "rmse": 37.1254768371582,
            "loglikelihood": -15.39451789855957,
            "mae": 30.249906539916992
        },
        "predictive_eval": {
            "kl_div_to_data": 8385.6201171875,
            "mean_diff_to_data": 31.243453979492188,
            "std_diff_to_data": 7.120546817779541
        }
    }
}