{
    "train": {
        "error": {
            "rmse": 0.49948713183403015,
            "loglikelihood": -0.8293179869651794,
            "mae": 0.39892545342445374
        },
        "predictive_eval": {
            "kl_div_to_data": 2.6183457374572754,
            "mean_diff_to_data": 0.34944722056388855,
            "std_diff_to_data": 0.4172205626964569
        }
    },
    "test": {
        "error": {
            "rmse": 28.283584594726562,
            "loglikelihood": -8.283601760864258,
            "mae": 16.61439323425293
        },
        "predictive_eval": {
            "kl_div_to_data": 5155.22314453125,
            "mean_diff_to_data": 18.122417449951172,
            "std_diff_to_data": 4.373049259185791
        }
    },
    "in_domain": {
        "error": {
            "rmse": 0.5694628953933716,
            "loglikelihood": -0.89680415391922,
            "mae": 0.4497453272342682
        },
        "predictive_eval": {
            "kl_div_to_data": 3.092593193054199,
            "mean_diff_to_data": 0.40008744597435,
            "std_diff_to_data": 0.4248247444629669
        }
    },
    "out_domain": {
        "error": {
            "rmse": 39.999786376953125,
            "loglikelihood": -15.656973838806152,
            "mae": 32.77669906616211
        },
        "predictive_eval": {
            "kl_div_to_data": 9780.1572265625,
            "mean_diff_to_data": 34.01054763793945,
            "std_diff_to_data": 7.76918363571167
        }
    }
}