{
    "train": {
        "error": {
            "rmse": 0.5029985308647156,
            "loglikelihood": -0.8642958998680115,
            "mae": 0.39961543679237366
        },
        "predictive_eval": {
            "kl_div_to_data": 2.8359639644622803,
            "mean_diff_to_data": 0.3355867266654968,
            "std_diff_to_data": 0.46067172288894653
        }
    },
    "test": {
        "error": {
            "rmse": 27.723102569580078,
            "loglikelihood": -7.432872772216797,
            "mae": 16.2420711517334
        },
        "predictive_eval": {
            "kl_div_to_data": 5060.65869140625,
            "mean_diff_to_data": 17.738500595092773,
            "std_diff_to_data": 4.512297630310059
        }
    },
    "in_domain": {
        "error": {
            "rmse": 0.5846275091171265,
            "loglikelihood": -0.9363948106765747,
            "mae": 0.46508488059043884
        },
        "predictive_eval": {
            "kl_div_to_data": 3.4485814571380615,
            "mean_diff_to_data": 0.41518279910087585,
            "std_diff_to_data": 0.47028717398643494
        }
    },
    "out_domain": {
        "error": {
            "rmse": 39.26724624633789,
            "loglikelihood": -14.018717765808105,
            "mae": 32.0667839050293
        },
        "predictive_eval": {
            "kl_div_to_data": 9469.0302734375,
            "mean_diff_to_data": 33.166297912597656,
            "std_diff_to_data": 8.054403305053711
        }
    }
}