{
    "train": {
        "error": {
            "rmse": 0.49903738498687744,
            "loglikelihood": -0.8613695502281189,
            "mae": 0.39736390113830566
        },
        "predictive_eval": {
            "kl_div_to_data": 3.0304229259490967,
            "mean_diff_to_data": 0.3576274514198303,
            "std_diff_to_data": 0.46955883502960205
        }
    },
    "test": {
        "error": {
            "rmse": 29.05739402770996,
            "loglikelihood": -8.488373756408691,
            "mae": 17.028520584106445
        },
        "predictive_eval": {
            "kl_div_to_data": 5355.3359375,
            "mean_diff_to_data": 18.3142032623291,
            "std_diff_to_data": 4.377612113952637
        }
    },
    "in_domain": {
        "error": {
            "rmse": 0.5730834007263184,
            "loglikelihood": -0.9237289428710938,
            "mae": 0.45267239212989807
        },
        "predictive_eval": {
            "kl_div_to_data": 3.353135347366333,
            "mean_diff_to_data": 0.3929683566093445,
            "std_diff_to_data": 0.47599315643310547
        }
    },
    "out_domain": {
        "error": {
            "rmse": 41.187320709228516,
            "loglikelihood": -16.131988525390625,
            "mae": 33.69780731201172
        },
        "predictive_eval": {
            "kl_div_to_data": 10424.97265625,
            "mean_diff_to_data": 34.89753341674805,
            "std_diff_to_data": 7.7629475593566895
        }
    }
}