{
    "predictive": {
        "kl_div": 13.378641807291265,
        "mean_diff": 1.3962209224700928,
        "var_diff": 18.32056999206543,
        "std_diff": 3.191798686981201
    },
    "predictive_in_domain": {
        "kl_div": 9.62513504905967,
        "mean_diff": 0.3986237347126007,
        "var_diff": 6.208624362945557,
        "std_diff": 1.659489393234253
    },
    "predictive_out_domain": {
        "kl_div": 17.85056145214191,
        "mean_diff": 2.3308894634246826,
        "var_diff": 34.417137145996094,
        "std_diff": 4.861172676086426
    }
}