{
    "train": {
        "error": {
            "rmse": 2.4334006309509277,
            "loglikelihood": -27.973342895507812,
            "mae": 1.8458670377731323
        },
        "predictive_eval": {
            "kl_div_to_data": 29.574138641357422,
            "mean_diff_to_data": 1.7580126523971558,
            "std_diff_to_data": 0.02191459760069847
        }
    },
    "in_domain": {
        "error": {
            "rmse": 2.750148057937622,
            "loglikelihood": -35.68186950683594,
            "mae": 2.063124418258667
        },
        "predictive_eval": {
            "kl_div_to_data": 44.1569938659668,
            "mean_diff_to_data": 2.08325457572937,
            "std_diff_to_data": 0.022258063778281212
        }
    },
    "out_domain": {
        "error": {
            "rmse": 20.9835205078125,
            "loglikelihood": -1240.410400390625,
            "mae": 17.2728328704834
        },
        "predictive_eval": {
            "kl_div_to_data": 2310.001953125,
            "mean_diff_to_data": 16.932640075683594,
            "std_diff_to_data": 0.11846016347408295
        }
    }
}