{
    "train": {
        "error": {
            "rmse": 2.537167549133301,
            "loglikelihood": -30.550546646118164,
            "mae": 1.9112402200698853
        },
        "predictive_eval": {
            "kl_div_to_data": 33.214969635009766,
            "mean_diff_to_data": 1.8484714031219482,
            "std_diff_to_data": 0.0214887335896492
        }
    },
    "in_domain": {
        "error": {
            "rmse": 2.8803791999816895,
            "loglikelihood": -39.1229362487793,
            "mae": 2.1275079250335693
        },
        "predictive_eval": {
            "kl_div_to_data": 49.31533432006836,
            "mean_diff_to_data": 2.1801276206970215,
            "std_diff_to_data": 0.021285533905029297
        }
    },
    "out_domain": {
        "error": {
            "rmse": 21.408428192138672,
            "loglikelihood": -1330.5677490234375,
            "mae": 17.701324462890625
        },
        "predictive_eval": {
            "kl_div_to_data": 2429.77001953125,
            "mean_diff_to_data": 17.449007034301758,
            "std_diff_to_data": 0.11566653102636337
        }
    }
}