{
    "train": {
        "error": {
            "rmse": 2.4591355323791504,
            "loglikelihood": -28.58388328552246,
            "mae": 1.8557024002075195
        },
        "predictive_eval": {
            "kl_div_to_data": 31.99896812438965,
            "mean_diff_to_data": 1.8299782276153564,
            "std_diff_to_data": 0.021527230739593506
        }
    },
    "in_domain": {
        "error": {
            "rmse": 2.788302421569824,
            "loglikelihood": -36.675479888916016,
            "mae": 2.0703907012939453
        },
        "predictive_eval": {
            "kl_div_to_data": 46.793365478515625,
            "mean_diff_to_data": 2.1140027046203613,
            "std_diff_to_data": 0.021528229117393494
        }
    },
    "out_domain": {
        "error": {
            "rmse": 20.624662399291992,
            "loglikelihood": -1210.1558837890625,
            "mae": 16.95069694519043
        },
        "predictive_eval": {
            "kl_div_to_data": 2214.804443359375,
            "mean_diff_to_data": 16.463050842285156,
            "std_diff_to_data": 0.11692323535680771
        }
    }
}