{
    "train": {
        "error": {
            "rmse": 2.541017532348633,
            "loglikelihood": -35.594627380371094,
            "mae": 1.9139584302902222
        },
        "predictive_eval": {
            "kl_div_to_data": 33.214969635009766,
            "mean_diff_to_data": 1.8484714031219482,
            "std_diff_to_data": 0.0214887335896492
        }
    },
    "in_domain": {
        "error": {
            "rmse": 2.882772445678711,
            "loglikelihood": -45.85783386230469,
            "mae": 2.1321117877960205
        },
        "predictive_eval": {
            "kl_div_to_data": 49.31533432006836,
            "mean_diff_to_data": 2.1801276206970215,
            "std_diff_to_data": 0.021285533905029297
        }
    },
    "out_domain": {
        "error": {
            "rmse": 21.423112869262695,
            "loglikelihood": -2551.30859375,
            "mae": 17.712726593017578
        },
        "predictive_eval": {
            "kl_div_to_data": 2429.77001953125,
            "mean_diff_to_data": 17.449007034301758,
            "std_diff_to_data": 0.11566653102636337
        }
    }
}