{
    "train": {
        "error": {
            "rmse": 2.393425941467285,
            "loglikelihood": -27.12664222717285,
            "mae": 1.824710726737976
        },
        "predictive_eval": {
            "kl_div_to_data": 28.879379272460938,
            "mean_diff_to_data": 1.7499933242797852,
            "std_diff_to_data": 0.021684132516384125
        }
    },
    "in_domain": {
        "error": {
            "rmse": 2.7618629932403564,
            "loglikelihood": -36.061119079589844,
            "mae": 2.0992989540100098
        },
        "predictive_eval": {
            "kl_div_to_data": 44.9083137512207,
            "mean_diff_to_data": 2.1412179470062256,
            "std_diff_to_data": 0.022007647901773453
        }
    },
    "out_domain": {
        "error": {
            "rmse": 21.381818771362305,
            "loglikelihood": -1309.4017333984375,
            "mae": 17.60635757446289
        },
        "predictive_eval": {
            "kl_div_to_data": 2440.926513671875,
            "mean_diff_to_data": 17.335647583007812,
            "std_diff_to_data": 0.11755222827196121
        }
    }
}