{
    "train": {
        "error": {
            "rmse": 2.373725175857544,
            "loglikelihood": -26.715810775756836,
            "mae": 1.806212306022644
        },
        "predictive_eval": {
            "kl_div_to_data": 28.71888542175293,
            "mean_diff_to_data": 1.7467644214630127,
            "std_diff_to_data": 0.02088191919028759
        }
    },
    "in_domain": {
        "error": {
            "rmse": 2.6970863342285156,
            "loglikelihood": -34.37528610229492,
            "mae": 2.041926622390747
        },
        "predictive_eval": {
            "kl_div_to_data": 40.71073913574219,
            "mean_diff_to_data": 2.049041748046875,
            "std_diff_to_data": 0.021717242896556854
        }
    },
    "out_domain": {
        "error": {
            "rmse": 19.690296173095703,
            "loglikelihood": -1107.7115478515625,
            "mae": 16.14562225341797
        },
        "predictive_eval": {
            "kl_div_to_data": 2037.069091796875,
            "mean_diff_to_data": 15.823929786682129,
            "std_diff_to_data": 0.11760196834802628
        }
    }
}