{
    "train": {
        "error": {
            "rmse": 2.3985416889190674,
            "loglikelihood": -40.48241424560547,
            "mae": 1.8251901865005493
        },
        "predictive_eval": {
            "kl_div_to_data": 30.590858459472656,
            "mean_diff_to_data": 1.80293869972229,
            "std_diff_to_data": 0.021711086854338646
        }
    },
    "in_domain": {
        "error": {
            "rmse": 2.749366521835327,
            "loglikelihood": -54.42928695678711,
            "mae": 2.0588395595550537
        },
        "predictive_eval": {
            "kl_div_to_data": 45.74099349975586,
            "mean_diff_to_data": 2.137674570083618,
            "std_diff_to_data": 0.021912364289164543
        }
    },
    "out_domain": {
        "error": {
            "rmse": 20.937307357788086,
            "loglikelihood": -3082.447021484375,
            "mae": 17.239126205444336
        },
        "predictive_eval": {
            "kl_div_to_data": 2283.3642578125,
            "mean_diff_to_data": 16.804895401000977,
            "std_diff_to_data": 0.12355224788188934
        }
    }
}