{
    "train": {
        "error": {
            "rmse": 2.5218505859375,
            "loglikelihood": -45.200111389160156,
            "mae": 1.9014495611190796
        },
        "predictive_eval": {
            "kl_div_to_data": 32.891448974609375,
            "mean_diff_to_data": 1.8433725833892822,
            "std_diff_to_data": 0.021617919206619263
        }
    },
    "in_domain": {
        "error": {
            "rmse": 2.882505416870117,
            "loglikelihood": -60.342506408691406,
            "mae": 2.1552746295928955
        },
        "predictive_eval": {
            "kl_div_to_data": 49.293296813964844,
            "mean_diff_to_data": 2.1867787837982178,
            "std_diff_to_data": 0.022078463807702065
        }
    },
    "out_domain": {
        "error": {
            "rmse": 21.022750854492188,
            "loglikelihood": -3160.364990234375,
            "mae": 17.34328269958496
        },
        "predictive_eval": {
            "kl_div_to_data": 2342.0517578125,
            "mean_diff_to_data": 17.05474090576172,
            "std_diff_to_data": 0.11532345414161682
        }
    }
}