{
    "train": {
        "error": {
            "rmse": 2.50679087638855,
            "loglikelihood": -43.40584945678711,
            "mae": 1.890692114830017
        },
        "predictive_eval": {
            "kl_div_to_data": 31.090694427490234,
            "mean_diff_to_data": 1.7801189422607422,
            "std_diff_to_data": 0.021161828190088272
        }
    },
    "in_domain": {
        "error": {
            "rmse": 2.821112632751465,
            "loglikelihood": -57.201934814453125,
            "mae": 2.092099905014038
        },
        "predictive_eval": {
            "kl_div_to_data": 46.87959289550781,
            "mean_diff_to_data": 2.1265947818756104,
            "std_diff_to_data": 0.02125629410147667
        }
    },
    "out_domain": {
        "error": {
            "rmse": 21.67424201965332,
            "loglikelihood": -3350.390625,
            "mae": 17.824953079223633
        },
        "predictive_eval": {
            "kl_div_to_data": 2472.24169921875,
            "mean_diff_to_data": 17.457929611206055,
            "std_diff_to_data": 0.11532319337129593
        }
    }
}