{
    "train": {
        "error": {
            "rmse": 2.5329506397247314,
            "loglikelihood": -30.411514282226562,
            "mae": 1.9141680002212524
        },
        "predictive_eval": {
            "kl_div_to_data": 32.95164108276367,
            "mean_diff_to_data": 1.8570475578308105,
            "std_diff_to_data": 0.021085582673549652
        }
    },
    "in_domain": {
        "error": {
            "rmse": 2.833601474761963,
            "loglikelihood": -37.90797805786133,
            "mae": 2.1273317337036133
        },
        "predictive_eval": {
            "kl_div_to_data": 49.15961456298828,
            "mean_diff_to_data": 2.2189717292785645,
            "std_diff_to_data": 0.02188115566968918
        }
    },
    "out_domain": {
        "error": {
            "rmse": 21.63323402404785,
            "loglikelihood": -1354.5252685546875,
            "mae": 17.67917251586914
        },
        "predictive_eval": {
            "kl_div_to_data": 2487.281494140625,
            "mean_diff_to_data": 17.471405029296875,
            "std_diff_to_data": 0.11581525206565857
        }
    }
}