{
    "train": {
        "error": {
            "rmse": 2.5022525787353516,
            "loglikelihood": -34.51168441772461,
            "mae": 1.8877534866333008
        },
        "predictive_eval": {
            "kl_div_to_data": 31.10313606262207,
            "mean_diff_to_data": 1.7804577350616455,
            "std_diff_to_data": 0.021469231694936752
        }
    },
    "in_domain": {
        "error": {
            "rmse": 2.823435068130493,
            "loglikelihood": -44.005828857421875,
            "mae": 2.089219808578491
        },
        "predictive_eval": {
            "kl_div_to_data": 46.887237548828125,
            "mean_diff_to_data": 2.1263186931610107,
            "std_diff_to_data": 0.02170225977897644
        }
    },
    "out_domain": {
        "error": {
            "rmse": 21.682252883911133,
            "loglikelihood": -2611.953857421875,
            "mae": 17.8325252532959
        },
        "predictive_eval": {
            "kl_div_to_data": 2471.46533203125,
            "mean_diff_to_data": 17.45533561706543,
            "std_diff_to_data": 0.11481431871652603
        }
    }
}