{
    "train": {
        "error": {
            "rmse": 2.4998836517333984,
            "loglikelihood": -29.64472770690918,
            "mae": 1.8855335712432861
        },
        "predictive_eval": {
            "kl_div_to_data": 31.10313606262207,
            "mean_diff_to_data": 1.7804577350616455,
            "std_diff_to_data": 0.021469231694936752
        }
    },
    "in_domain": {
        "error": {
            "rmse": 2.8203134536743164,
            "loglikelihood": -37.512367248535156,
            "mae": 2.086731433868408
        },
        "predictive_eval": {
            "kl_div_to_data": 46.887237548828125,
            "mean_diff_to_data": 2.1263186931610107,
            "std_diff_to_data": 0.02170225977897644
        }
    },
    "out_domain": {
        "error": {
            "rmse": 21.658016204833984,
            "loglikelihood": -1354.981689453125,
            "mae": 17.814605712890625
        },
        "predictive_eval": {
            "kl_div_to_data": 2471.46533203125,
            "mean_diff_to_data": 17.45533561706543,
            "std_diff_to_data": 0.11481431871652603
        }
    }
}