{
    "train": {
        "error": {
            "rmse": 2.462108612060547,
            "loglikelihood": -33.384490966796875,
            "mae": 1.8582857847213745
        },
        "predictive_eval": {
            "kl_div_to_data": 31.99896812438965,
            "mean_diff_to_data": 1.8299782276153564,
            "std_diff_to_data": 0.021527230739593506
        }
    },
    "in_domain": {
        "error": {
            "rmse": 2.793473720550537,
            "loglikelihood": -43.09635925292969,
            "mae": 2.0716941356658936
        },
        "predictive_eval": {
            "kl_div_to_data": 46.793365478515625,
            "mean_diff_to_data": 2.1140027046203613,
            "std_diff_to_data": 0.021528229117393494
        }
    },
    "out_domain": {
        "error": {
            "rmse": 20.59471321105957,
            "loglikelihood": -2356.987060546875,
            "mae": 16.923826217651367
        },
        "predictive_eval": {
            "kl_div_to_data": 2214.804443359375,
            "mean_diff_to_data": 16.463050842285156,
            "std_diff_to_data": 0.11692323535680771
        }
    }
}