{
    "train": {
        "error": {
            "rmse": 2.4349184036254883,
            "loglikelihood": -28.049015045166016,
            "mae": 1.8461979627609253
        },
        "predictive_eval": {
            "kl_div_to_data": 29.57827377319336,
            "mean_diff_to_data": 1.7574917078018188,
            "std_diff_to_data": 0.021783597767353058
        }
    },
    "test": {
        "error": {
            "rmse": 14.946245193481445,
            "loglikelihood": -636.7438354492188,
            "mae": 9.655247688293457
        },
        "predictive_eval": {
            "kl_div_to_data": 1352.1878662109375,
            "mean_diff_to_data": 10.096620559692383,
            "std_diff_to_data": 0.0741693302989006
        }
    },
    "in_domain": {
        "error": {
            "rmse": 2.753514289855957,
            "loglikelihood": -35.7613410949707,
            "mae": 2.063927412033081
        },
        "predictive_eval": {
            "kl_div_to_data": 44.14972686767578,
            "mean_diff_to_data": 2.082953691482544,
            "std_diff_to_data": 0.022060126066207886
        }
    },
    "out_domain": {
        "error": {
            "rmse": 20.964609146118164,
            "loglikelihood": -1237.9229736328125,
            "mae": 17.25142478942871
        },
        "predictive_eval": {
            "kl_div_to_data": 2309.76708984375,
            "mean_diff_to_data": 16.931411743164062,
            "std_diff_to_data": 0.11931681632995605
        }
    }
}