{
    "train": {
        "error": {
            "rmse": 2.399034023284912,
            "loglikelihood": -40.71506118774414,
            "mae": 1.8293297290802002
        },
        "predictive_eval": {
            "kl_div_to_data": 28.875864028930664,
            "mean_diff_to_data": 1.7496421337127686,
            "std_diff_to_data": 0.021445224061608315
        }
    },
    "in_domain": {
        "error": {
            "rmse": 2.76408052444458,
            "loglikelihood": -55.95998001098633,
            "mae": 2.098926305770874
        },
        "predictive_eval": {
            "kl_div_to_data": 44.914085388183594,
            "mean_diff_to_data": 2.1412158012390137,
            "std_diff_to_data": 0.021994972601532936
        }
    },
    "out_domain": {
        "error": {
            "rmse": 21.382545471191406,
            "loglikelihood": -3209.436767578125,
            "mae": 17.60667610168457
        },
        "predictive_eval": {
            "kl_div_to_data": 2440.006591796875,
            "mean_diff_to_data": 17.332218170166016,
            "std_diff_to_data": 0.11678111553192139
        }
    }
}