{
    "train": {
        "error": {
            "rmse": 2.535184383392334,
            "loglikelihood": -46.33828353881836,
            "mae": 1.915866494178772
        },
        "predictive_eval": {
            "kl_div_to_data": 32.963478088378906,
            "mean_diff_to_data": 1.8572278022766113,
            "std_diff_to_data": 0.021357793360948563
        }
    },
    "in_domain": {
        "error": {
            "rmse": 2.8414289951324463,
            "loglikelihood": -57.62334060668945,
            "mae": 2.13580060005188
        },
        "predictive_eval": {
            "kl_div_to_data": 49.14716720581055,
            "mean_diff_to_data": 2.218559503555298,
            "std_diff_to_data": 0.02158975973725319
        }
    },
    "out_domain": {
        "error": {
            "rmse": 21.65955924987793,
            "loglikelihood": -3329.854248046875,
            "mae": 17.697378158569336
        },
        "predictive_eval": {
            "kl_div_to_data": 2487.363525390625,
            "mean_diff_to_data": 17.47181510925293,
            "std_diff_to_data": 0.11502308398485184
        }
    }
}