{
    "train": {
        "error": {
            "rmse": 2.4387781620025635,
            "loglikelihood": -42.78799819946289,
            "mae": 1.8492624759674072
        },
        "predictive_eval": {
            "kl_div_to_data": 29.583871841430664,
            "mean_diff_to_data": 1.7576463222503662,
            "std_diff_to_data": 0.021632974967360497
        }
    },
    "in_domain": {
        "error": {
            "rmse": 2.7571027278900146,
            "loglikelihood": -54.918304443359375,
            "mae": 2.068424940109253
        },
        "predictive_eval": {
            "kl_div_to_data": 44.1479377746582,
            "mean_diff_to_data": 2.082568645477295,
            "std_diff_to_data": 0.0224402267485857
        }
    },
    "out_domain": {
        "error": {
            "rmse": 20.994667053222656,
            "loglikelihood": -3110.868408203125,
            "mae": 17.283550262451172
        },
        "predictive_eval": {
            "kl_div_to_data": 2309.74609375,
            "mean_diff_to_data": 16.931976318359375,
            "std_diff_to_data": 0.11871156096458435
        }
    }
}