{
    "train": {
        "error": {
            "rmse": 2.4785940647125244,
            "loglikelihood": -43.27164840698242,
            "mae": 1.876659631729126
        },
        "predictive_eval": {
            "kl_div_to_data": 32.49528884887695,
            "mean_diff_to_data": 1.825775384902954,
            "std_diff_to_data": 0.021763309836387634
        }
    },
    "in_domain": {
        "error": {
            "rmse": 2.799724817276001,
            "loglikelihood": -54.83903121948242,
            "mae": 2.1072909832000732
        },
        "predictive_eval": {
            "kl_div_to_data": 46.59043884277344,
            "mean_diff_to_data": 2.180485725402832,
            "std_diff_to_data": 0.021862782537937164
        }
    },
    "out_domain": {
        "error": {
            "rmse": 20.943559646606445,
            "loglikelihood": -3187.586181640625,
            "mae": 17.21990966796875
        },
        "predictive_eval": {
            "kl_div_to_data": 2325.303955078125,
            "mean_diff_to_data": 16.879684448242188,
            "std_diff_to_data": 0.11635609716176987
        }
    }
}