{
    "train": {
        "error": {
            "rmse": 2.394725799560547,
            "loglikelihood": -27.140527725219727,
            "mae": 1.8232471942901611
        },
        "predictive_eval": {
            "kl_div_to_data": 30.57997703552246,
            "mean_diff_to_data": 1.8024903535842896,
            "std_diff_to_data": 0.021821754053235054
        }
    },
    "test": {
        "error": {
            "rmse": 14.898079872131348,
            "loglikelihood": -621.7255249023438,
            "mae": 9.631478309631348
        },
        "predictive_eval": {
            "kl_div_to_data": 1351.8583984375,
            "mean_diff_to_data": 10.092503547668457,
            "std_diff_to_data": 0.07694560289382935
        }
    },
    "in_domain": {
        "error": {
            "rmse": 2.739036798477173,
            "loglikelihood": -35.37591552734375,
            "mae": 2.0522255897521973
        },
        "predictive_eval": {
            "kl_div_to_data": 45.75217819213867,
            "mean_diff_to_data": 2.1375536918640137,
            "std_diff_to_data": 0.022001562640070915
        }
    },
    "out_domain": {
        "error": {
            "rmse": 20.879714965820312,
            "loglikelihood": -1206.7625732421875,
            "mae": 17.191652297973633
        },
        "predictive_eval": {
            "kl_div_to_data": 2283.577880859375,
            "mean_diff_to_data": 16.805505752563477,
            "std_diff_to_data": 0.12481126189231873
        }
    }
}