{
    "train": {
        "error": {
            "rmse": 2.4618964195251465,
            "loglikelihood": -42.80677795410156,
            "mae": 1.858012080192566
        },
        "predictive_eval": {
            "kl_div_to_data": 32.01226043701172,
            "mean_diff_to_data": 1.8307236433029175,
            "std_diff_to_data": 0.022041112184524536
        }
    },
    "in_domain": {
        "error": {
            "rmse": 2.793661117553711,
            "loglikelihood": -53.39162826538086,
            "mae": 2.073519468307495
        },
        "predictive_eval": {
            "kl_div_to_data": 46.797183990478516,
            "mean_diff_to_data": 2.113643169403076,
            "std_diff_to_data": 0.02162461169064045
        }
    },
    "out_domain": {
        "error": {
            "rmse": 20.626480102539062,
            "loglikelihood": -3068.847412109375,
            "mae": 16.954517364501953
        },
        "predictive_eval": {
            "kl_div_to_data": 2214.800048828125,
            "mean_diff_to_data": 16.46224021911621,
            "std_diff_to_data": 0.11798296868801117
        }
    }
}