{
    "train": {
        "error": {
            "rmse": 2.5177969932556152,
            "loglikelihood": -29.970197677612305,
            "mae": 1.8965290784835815
        },
        "predictive_eval": {
            "kl_div_to_data": 32.896583557128906,
            "mean_diff_to_data": 1.843630313873291,
            "std_diff_to_data": 0.022082524374127388
        }
    },
    "in_domain": {
        "error": {
            "rmse": 2.8780925273895264,
            "loglikelihood": -39.06640625,
            "mae": 2.1517300605773926
        },
        "predictive_eval": {
            "kl_div_to_data": 49.281463623046875,
            "mean_diff_to_data": 2.1860687732696533,
            "std_diff_to_data": 0.021816294640302658
        }
    },
    "out_domain": {
        "error": {
            "rmse": 21.036245346069336,
            "loglikelihood": -1272.5560302734375,
            "mae": 17.352766036987305
        },
        "predictive_eval": {
            "kl_div_to_data": 2342.299072265625,
            "mean_diff_to_data": 17.055950164794922,
            "std_diff_to_data": 0.11689338833093643
        }
    }
}