{
    "train": {
        "error": {
            "rmse": 2.379340887069702,
            "loglikelihood": -39.6417236328125,
            "mae": 1.811630129814148
        },
        "predictive_eval": {
            "kl_div_to_data": 28.722625732421875,
            "mean_diff_to_data": 1.7463171482086182,
            "std_diff_to_data": 0.021564677357673645
        }
    },
    "in_domain": {
        "error": {
            "rmse": 2.7038803100585938,
            "loglikelihood": -49.77716064453125,
            "mae": 2.0493686199188232
        },
        "predictive_eval": {
            "kl_div_to_data": 40.70520782470703,
            "mean_diff_to_data": 2.048933744430542,
            "std_diff_to_data": 0.021868815645575523
        }
    },
    "out_domain": {
        "error": {
            "rmse": 19.66105079650879,
            "loglikelihood": -2740.01220703125,
            "mae": 16.123563766479492
        },
        "predictive_eval": {
            "kl_div_to_data": 2037.1002197265625,
            "mean_diff_to_data": 15.824152946472168,
            "std_diff_to_data": 0.11715559661388397
        }
    }
}