{
    "train": {
        "error": {
            "rmse": 2.3911473751068115,
            "loglikelihood": -27.064374923706055,
            "mae": 1.8230148553848267
        },
        "predictive_eval": {
            "kl_div_to_data": 28.888578414916992,
            "mean_diff_to_data": 1.7498925924301147,
            "std_diff_to_data": 0.02089253067970276
        }
    },
    "test": {
        "error": {
            "rmse": 15.242195129394531,
            "loglikelihood": -672.4942626953125,
            "mae": 9.851287841796875
        },
        "predictive_eval": {
            "kl_div_to_data": 1446.49755859375,
            "mean_diff_to_data": 10.516438484191895,
            "std_diff_to_data": 0.07268135994672775
        }
    },
    "in_domain": {
        "error": {
            "rmse": 2.76203989982605,
            "loglikelihood": -36.053871154785156,
            "mae": 2.1000702381134033
        },
        "predictive_eval": {
            "kl_div_to_data": 44.89627456665039,
            "mean_diff_to_data": 2.1408989429473877,
            "std_diff_to_data": 0.021898476406931877
        }
    },
    "out_domain": {
        "error": {
            "rmse": 21.373125076293945,
            "loglikelihood": -1308.4832763671875,
            "mae": 17.601774215698242
        },
        "predictive_eval": {
            "kl_div_to_data": 2440.02490234375,
            "mean_diff_to_data": 17.33268928527832,
            "std_diff_to_data": 0.119209885597229
        }
    }
}