{
    "train": {
        "error": {
            "rmse": 2.539303779602051,
            "loglikelihood": -46.46038818359375,
            "mae": 1.9134050607681274
        },
        "predictive_eval": {
            "kl_div_to_data": 33.214969635009766,
            "mean_diff_to_data": 1.8484714031219482,
            "std_diff_to_data": 0.0214887335896492
        }
    },
    "in_domain": {
        "error": {
            "rmse": 2.88478422164917,
            "loglikelihood": -58.6563835144043,
            "mae": 2.1317594051361084
        },
        "predictive_eval": {
            "kl_div_to_data": 49.31533432006836,
            "mean_diff_to_data": 2.1801276206970215,
            "std_diff_to_data": 0.021285533905029297
        }
    },
    "out_domain": {
        "error": {
            "rmse": 21.365201950073242,
            "loglikelihood": -3167.715087890625,
            "mae": 17.666372299194336
        },
        "predictive_eval": {
            "kl_div_to_data": 2429.77001953125,
            "mean_diff_to_data": 17.449007034301758,
            "std_diff_to_data": 0.11566653102636337
        }
    }
}