{
    "train": {
        "error": {
            "rmse": 2.3959410190582275,
            "loglikelihood": -31.604679107666016,
            "mae": 1.826910376548767
        },
        "predictive_eval": {
            "kl_div_to_data": 28.879379272460938,
            "mean_diff_to_data": 1.7499933242797852,
            "std_diff_to_data": 0.021684132516384125
        }
    },
    "in_domain": {
        "error": {
            "rmse": 2.7650749683380127,
            "loglikelihood": -42.21577453613281,
            "mae": 2.1016652584075928
        },
        "predictive_eval": {
            "kl_div_to_data": 44.9083137512207,
            "mean_diff_to_data": 2.1412179470062256,
            "std_diff_to_data": 0.022007647901773453
        }
    },
    "out_domain": {
        "error": {
            "rmse": 21.403831481933594,
            "loglikelihood": -2545.61279296875,
            "mae": 17.62375259399414
        },
        "predictive_eval": {
            "kl_div_to_data": 2440.926513671875,
            "mean_diff_to_data": 17.335647583007812,
            "std_diff_to_data": 0.11755222827196121
        }
    }
}