{
    "train": {
        "error": {
            "rmse": 2.393880605697632,
            "loglikelihood": -27.109237670898438,
            "mae": 1.8220268487930298
        },
        "predictive_eval": {
            "kl_div_to_data": 30.56873321533203,
            "mean_diff_to_data": 1.8019148111343384,
            "std_diff_to_data": 0.021960562095046043
        }
    },
    "in_domain": {
        "error": {
            "rmse": 2.7429611682891846,
            "loglikelihood": -35.472991943359375,
            "mae": 2.054018974304199
        },
        "predictive_eval": {
            "kl_div_to_data": 45.74515151977539,
            "mean_diff_to_data": 2.137430191040039,
            "std_diff_to_data": 0.021821772679686546
        }
    },
    "out_domain": {
        "error": {
            "rmse": 20.88066291809082,
            "loglikelihood": -1206.9586181640625,
            "mae": 17.192365646362305
        },
        "predictive_eval": {
            "kl_div_to_data": 2283.66943359375,
            "mean_diff_to_data": 16.805355072021484,
            "std_diff_to_data": 0.1233239620923996
        }
    }
}