{
    "train": {
        "error": {
            "rmse": 2.474783420562744,
            "loglikelihood": -28.89204978942871,
            "mae": 1.8734546899795532
        },
        "predictive_eval": {
            "kl_div_to_data": 32.520606994628906,
            "mean_diff_to_data": 1.8261897563934326,
            "std_diff_to_data": 0.021884175017476082
        }
    },
    "in_domain": {
        "error": {
            "rmse": 2.801046848297119,
            "loglikelihood": -36.953731536865234,
            "mae": 2.1072208881378174
        },
        "predictive_eval": {
            "kl_div_to_data": 46.584007263183594,
            "mean_diff_to_data": 2.180025100708008,
            "std_diff_to_data": 0.022500118240714073
        }
    },
    "out_domain": {
        "error": {
            "rmse": 20.965627670288086,
            "loglikelihood": -1260.4544677734375,
            "mae": 17.24028778076172
        },
        "predictive_eval": {
            "kl_div_to_data": 2325.363037109375,
            "mean_diff_to_data": 16.88028907775879,
            "std_diff_to_data": 0.11475800722837448
        }
    }
}