{
    "train": {
        "error": {
            "rmse": 2.520242214202881,
            "loglikelihood": -35.02445602416992,
            "mae": 1.898269534111023
        },
        "predictive_eval": {
            "kl_div_to_data": 32.896583557128906,
            "mean_diff_to_data": 1.843630313873291,
            "std_diff_to_data": 0.022082524374127388
        }
    },
    "in_domain": {
        "error": {
            "rmse": 2.877490520477295,
            "loglikelihood": -45.73614501953125,
            "mae": 2.152287244796753
        },
        "predictive_eval": {
            "kl_div_to_data": 49.281463623046875,
            "mean_diff_to_data": 2.1860687732696533,
            "std_diff_to_data": 0.021816294640302658
        }
    },
    "out_domain": {
        "error": {
            "rmse": 21.052366256713867,
            "loglikelihood": -2461.750732421875,
            "mae": 17.3632869720459
        },
        "predictive_eval": {
            "kl_div_to_data": 2342.299072265625,
            "mean_diff_to_data": 17.055950164794922,
            "std_diff_to_data": 0.11689338833093643
        }
    }
}