{
    "test_error": {
        "rmse": 0.3897912085056305,
        "mae": 0.3004858434200287
    },
    "in_domain_error": {
        "rmse": 0.2754346489906311,
        "mae": 0.22118525952100754
    },
    "out_domain_error": {
        "rmse": 1.1202337801456452,
        "mae": 0.9758770883083343
    },
    "predictive": {
        "kl_div": 21.14691162109375,
        "mean_diff": 0.2043336182832718,
        "std_diff": 1.303308129310608
    },
    "predictive_in_domain": {
        "kl_div": 3.0119619369506836,
        "mean_diff": 0.08723891526460648,
        "std_diff": 0.49496474862098694
    },
    "predictive_out_domain": {
        "kl_div": 73.3736572265625,
        "mean_diff": 0.8414576649665833,
        "std_diff": 2.712470769882202
    }
}