{
    "train": {
        "error": {
            "rmse": 0.32022565603256226,
            "loglikelihood": -0.37074074149131775,
            "mae": 0.25460055470466614
        },
        "predictive_eval": {
            "kl_div_to_data": 0.7228230237960815,
            "mean_diff_to_data": 0.23898480832576752,
            "std_diff_to_data": 0.12377920746803284
        }
    },
    "test": {
        "error": {
            "rmse": 26.307022094726562,
            "loglikelihood": -18.16691780090332,
            "mae": 15.685782432556152
        },
        "predictive_eval": {
            "kl_div_to_data": 4096.45458984375,
            "mean_diff_to_data": 16.446353912353516,
            "std_diff_to_data": 2.3402180671691895
        }
    },
    "in_domain": {
        "error": {
            "rmse": 0.617345929145813,
            "loglikelihood": -1.0793488025665283,
            "mae": 0.48697629570961
        },
        "predictive_eval": {
            "kl_div_to_data": 1.7660138607025146,
            "mean_diff_to_data": 0.4047028720378876,
            "std_diff_to_data": 0.1289636343717575
        }
    },
    "out_domain": {
        "error": {
            "rmse": 37.146541595458984,
            "loglikelihood": -35.20953369140625,
            "mae": 30.841064453125
        },
        "predictive_eval": {
            "kl_div_to_data": 7648.796875,
            "mean_diff_to_data": 30.538585662841797,
            "std_diff_to_data": 4.304066181182861
        }
    }
}