{
    "train": {
        "error": {
            "rmse": 4.39990234375,
            "loglikelihood": -16.69031524658203,
            "mae": 3.398977756500244
        },
        "predictive_eval": {
            "kl_div_to_data": 112.35237121582031,
            "mean_diff_to_data": 3.4766106605529785,
            "std_diff_to_data": 0.3864125907421112
        }
    },
    "test": {
        "error": {
            "rmse": 7.483426570892334,
            "loglikelihood": -54.60578536987305,
            "mae": 5.5429792404174805
        },
        "predictive_eval": {
            "kl_div_to_data": 364.85894775390625,
            "mean_diff_to_data": 6.0094218254089355,
            "std_diff_to_data": 0.6734901070594788
        }
    },
    "in_domain": {
        "error": {
            "rmse": 4.39413595199585,
            "loglikelihood": -16.88446044921875,
            "mae": 3.387054204940796
        },
        "predictive_eval": {
            "kl_div_to_data": 108.89617156982422,
            "mean_diff_to_data": 3.3805975914001465,
            "std_diff_to_data": 0.3727256953716278
        }
    },
    "out_domain": {
        "error": {
            "rmse": 9.615174293518066,
            "loglikelihood": -92.94188690185547,
            "mae": 7.6895060539245605
        },
        "predictive_eval": {
            "kl_div_to_data": 531.541259765625,
            "mean_diff_to_data": 7.5637688636779785,
            "std_diff_to_data": 0.9327080845832825
        }
    }
}