{
    "train": {
        "error": {
            "rmse": 1.6371513605117798,
            "loglikelihood": -5.1862406730651855,
            "mae": 1.189602255821228
        },
        "predictive_eval": {
            "kl_div_to_data": 16.24406623840332,
            "mean_diff_to_data": 1.2150291204452515,
            "std_diff_to_data": 0.18962977826595306
        }
    },
    "test": {
        "error": {
            "rmse": 11.265294075012207,
            "loglikelihood": -31.721769332885742,
            "mae": 6.370208740234375
        },
        "predictive_eval": {
            "kl_div_to_data": 832.1104736328125,
            "mean_diff_to_data": 6.983901500701904,
            "std_diff_to_data": 1.1814563274383545
        }
    },
    "in_domain": {
        "error": {
            "rmse": 1.692793607711792,
            "loglikelihood": -5.507753372192383,
            "mae": 1.2279539108276367
        },
        "predictive_eval": {
            "kl_div_to_data": 15.614119529724121,
            "mean_diff_to_data": 1.1391552686691284,
            "std_diff_to_data": 0.18982449173927307
        }
    },
    "out_domain": {
        "error": {
            "rmse": 15.799989700317383,
            "loglikelihood": -57.959774017333984,
            "mae": 11.481658935546875
        },
        "predictive_eval": {
            "kl_div_to_data": 1397.6319580078125,
            "mean_diff_to_data": 11.177839279174805,
            "std_diff_to_data": 2.002194881439209
        }
    }
}