{
    "train": {
        "error": {
            "rmse": 0.3019374907016754,
            "loglikelihood": -0.31115370988845825,
            "mae": 0.2411804497241974
        },
        "predictive_eval": {
            "kl_div_to_data": 0.5369888544082642,
            "mean_diff_to_data": 0.2061539888381958,
            "std_diff_to_data": 0.1064796894788742
        }
    },
    "test": {
        "error": {
            "rmse": 22.518796920776367,
            "loglikelihood": -10.825804710388184,
            "mae": 13.523016929626465
        },
        "predictive_eval": {
            "kl_div_to_data": 3088.885498046875,
            "mean_diff_to_data": 14.384730339050293,
            "std_diff_to_data": 2.6556596755981445
        }
    },
    "in_domain": {
        "error": {
            "rmse": 0.49733638763427734,
            "loglikelihood": -0.7485435605049133,
            "mae": 0.39091792702674866
        },
        "predictive_eval": {
            "kl_div_to_data": 1.0890741348266602,
            "mean_diff_to_data": 0.30621880292892456,
            "std_diff_to_data": 0.1085563376545906
        }
    },
    "out_domain": {
        "error": {
            "rmse": 31.782817840576172,
            "loglikelihood": -20.777658462524414,
            "mae": 26.574750900268555
        },
        "predictive_eval": {
            "kl_div_to_data": 5599.55419921875,
            "mean_diff_to_data": 26.002344131469727,
            "std_diff_to_data": 5.145569324493408
        }
    }
}