{
    "train": {
        "error": {
            "rmse": 0.29385215044021606,
            "loglikelihood": -0.3105768859386444,
            "mae": 0.2343711405992508
        },
        "predictive_eval": {
            "kl_div_to_data": 0.5237529873847961,
            "mean_diff_to_data": 0.19016693532466888,
            "std_diff_to_data": 0.12825947999954224
        }
    },
    "test": {
        "error": {
            "rmse": 12.784462928771973,
            "loglikelihood": -9.993269920349121,
            "mae": 7.309913635253906
        },
        "predictive_eval": {
            "kl_div_to_data": 921.9983520507812,
            "mean_diff_to_data": 7.135759353637695,
            "std_diff_to_data": 1.6932461261749268
        }
    },
    "in_domain": {
        "error": {
            "rmse": 0.4484584629535675,
            "loglikelihood": -0.6031059622764587,
            "mae": 0.35430771112442017
        },
        "predictive_eval": {
            "kl_div_to_data": 0.8406627774238586,
            "mean_diff_to_data": 0.2644515335559845,
            "std_diff_to_data": 0.12535037100315094
        }
    },
    "out_domain": {
        "error": {
            "rmse": 18.05873680114746,
            "loglikelihood": -19.30404281616211,
            "mae": 14.242448806762695
        },
        "predictive_eval": {
            "kl_div_to_data": 1936.7779541015625,
            "mean_diff_to_data": 14.323501586914062,
            "std_diff_to_data": 3.2894227504730225
        }
    }
}