{
    "train": {
        "error": {
            "rmse": 2.1343464851379395,
            "loglikelihood": -6.582122802734375,
            "mae": 1.466102957725525
        },
        "predictive_eval": {
            "kl_div_to_data": 27.557573318481445,
            "mean_diff_to_data": 1.4959136247634888,
            "std_diff_to_data": 0.20141009986400604
        }
    },
    "test": {
        "error": {
            "rmse": 11.674849510192871,
            "loglikelihood": -32.36514663696289,
            "mae": 6.590102672576904
        },
        "predictive_eval": {
            "kl_div_to_data": 861.1920166015625,
            "mean_diff_to_data": 7.172968864440918,
            "std_diff_to_data": 1.1211801767349243
        }
    },
    "in_domain": {
        "error": {
            "rmse": 2.156329393386841,
            "loglikelihood": -6.983046054840088,
            "mae": 1.4945615530014038
        },
        "predictive_eval": {
            "kl_div_to_data": 24.896072387695312,
            "mean_diff_to_data": 1.4378639459609985,
            "std_diff_to_data": 0.19580069184303284
        }
    },
    "out_domain": {
        "error": {
            "rmse": 16.36305809020996,
            "loglikelihood": -57.308773040771484,
            "mae": 11.674601554870605
        },
        "predictive_eval": {
            "kl_div_to_data": 1502.1121826171875,
            "mean_diff_to_data": 11.305144309997559,
            "std_diff_to_data": 1.8478220701217651
        }
    }
}