{
    "train": {
        "error": {
            "rmse": 0.3227602541446686,
            "loglikelihood": -0.35153815150260925,
            "mae": 0.2581900656223297
        },
        "predictive_eval": {
            "kl_div_to_data": 0.5927350521087646,
            "mean_diff_to_data": 0.22119003534317017,
            "std_diff_to_data": 0.098174549639225
        }
    },
    "test": {
        "error": {
            "rmse": 24.356897354125977,
            "loglikelihood": -15.173094749450684,
            "mae": 14.5732421875
        },
        "predictive_eval": {
            "kl_div_to_data": 3545.831298828125,
            "mean_diff_to_data": 15.331632614135742,
            "std_diff_to_data": 2.45088529586792
        }
    },
    "in_domain": {
        "error": {
            "rmse": 0.5447647571563721,
            "loglikelihood": -0.9270456433296204,
            "mae": 0.4296223223209381
        },
        "predictive_eval": {
            "kl_div_to_data": 1.2889968156814575,
            "mean_diff_to_data": 0.35500574111938477,
            "std_diff_to_data": 0.09398823976516724
        }
    },
    "out_domain": {
        "error": {
            "rmse": 34.43625259399414,
            "loglikelihood": -29.3371639251709,
            "mae": 28.7034912109375
        },
        "predictive_eval": {
            "kl_div_to_data": 6650.66064453125,
            "mean_diff_to_data": 28.368165969848633,
            "std_diff_to_data": 4.610503673553467
        }
    }
}