{
    "train": {
        "error": {
            "rmse": 0.30831801891326904,
            "loglikelihood": -0.27047616243362427,
            "mae": 0.2455068677663803
        },
        "predictive_eval": {
            "kl_div_to_data": 0.38931146264076233,
            "mean_diff_to_data": 0.19873091578483582,
            "std_diff_to_data": 0.04945746064186096
        }
    },
    "test": {
        "error": {
            "rmse": 19.311758041381836,
            "loglikelihood": -3.0287630558013916,
            "mae": 11.599844932556152
        },
        "predictive_eval": {
            "kl_div_to_data": 2927.407470703125,
            "mean_diff_to_data": 11.149908065795898,
            "std_diff_to_data": 8.72465705871582
        }
    },
    "in_domain": {
        "error": {
            "rmse": 0.4648539423942566,
            "loglikelihood": -0.7473825216293335,
            "mae": 0.3673468232154846
        },
        "predictive_eval": {
            "kl_div_to_data": 0.7672020196914673,
            "mean_diff_to_data": 0.28327834606170654,
            "std_diff_to_data": 0.048887114971876144
        }
    },
    "out_domain": {
        "error": {
            "rmse": 27.46952247619629,
            "loglikelihood": -5.339531898498535,
            "mae": 22.992650985717773
        },
        "predictive_eval": {
            "kl_div_to_data": 6330.19580078125,
            "mean_diff_to_data": 23.170021057128906,
            "std_diff_to_data": 17.923690795898438
        }
    }
}