{
    "train": {
        "error": {
            "rmse": 0.3080240786075592,
            "loglikelihood": -0.2668519616127014,
            "mae": 0.2451188862323761
        },
        "predictive_eval": {
            "kl_div_to_data": 0.3863660395145416,
            "mean_diff_to_data": 0.19941583275794983,
            "std_diff_to_data": 0.046765781939029694
        }
    },
    "test": {
        "error": {
            "rmse": 19.367538452148438,
            "loglikelihood": -3.0380473136901855,
            "mae": 11.635218620300293
        },
        "predictive_eval": {
            "kl_div_to_data": 2946.737060546875,
            "mean_diff_to_data": 11.1514253616333,
            "std_diff_to_data": 8.820499420166016
        }
    },
    "in_domain": {
        "error": {
            "rmse": 0.4645689129829407,
            "loglikelihood": -0.7431516051292419,
            "mae": 0.3669736385345459
        },
        "predictive_eval": {
            "kl_div_to_data": 0.7678163051605225,
            "mean_diff_to_data": 0.28461745381355286,
            "std_diff_to_data": 0.04763542860746384
        }
    },
    "out_domain": {
        "error": {
            "rmse": 27.388595581054688,
            "loglikelihood": -5.326101779937744,
            "mae": 22.920331954956055
        },
        "predictive_eval": {
            "kl_div_to_data": 6457.6337890625,
            "mean_diff_to_data": 23.261390686035156,
            "std_diff_to_data": 18.35744857788086
        }
    }
}