{
    "train": {
        "error": {
            "rmse": 0.29354414343833923,
            "loglikelihood": -0.30959028005599976,
            "mae": 0.23407219350337982
        },
        "predictive_eval": {
            "kl_div_to_data": 0.5211485624313354,
            "mean_diff_to_data": 0.18964900076389313,
            "std_diff_to_data": 0.12796160578727722
        }
    },
    "test": {
        "error": {
            "rmse": 12.739848136901855,
            "loglikelihood": -9.986867904663086,
            "mae": 7.2802629470825195
        },
        "predictive_eval": {
            "kl_div_to_data": 929.3007202148438,
            "mean_diff_to_data": 7.169214725494385,
            "std_diff_to_data": 1.6830334663391113
        }
    },
    "in_domain": {
        "error": {
            "rmse": 0.44833362102508545,
            "loglikelihood": -0.6021159887313843,
            "mae": 0.3543982207775116
        },
        "predictive_eval": {
            "kl_div_to_data": 0.8477941751480103,
            "mean_diff_to_data": 0.26484495401382446,
            "std_diff_to_data": 0.1275925189256668
        }
    },
    "out_domain": {
        "error": {
            "rmse": 18.03632926940918,
            "loglikelihood": -19.464500427246094,
            "mae": 14.225384712219238
        },
        "predictive_eval": {
            "kl_div_to_data": 1924.8302001953125,
            "mean_diff_to_data": 14.27055835723877,
            "std_diff_to_data": 3.2761874198913574
        }
    }
}