{
    "train": {
        "error": {
            "rmse": 0.29376134276390076,
            "loglikelihood": -0.3095301687717438,
            "mae": 0.23438723385334015
        },
        "predictive_eval": {
            "kl_div_to_data": 0.5197999477386475,
            "mean_diff_to_data": 0.19035343825817108,
            "std_diff_to_data": 0.12686417996883392
        }
    },
    "test": {
        "error": {
            "rmse": 12.741426467895508,
            "loglikelihood": -10.0053071975708,
            "mae": 7.278860569000244
        },
        "predictive_eval": {
            "kl_div_to_data": 925.3853759765625,
            "mean_diff_to_data": 7.1514387130737305,
            "std_diff_to_data": 1.675946831703186
        }
    },
    "in_domain": {
        "error": {
            "rmse": 0.4481605589389801,
            "loglikelihood": -0.6018742918968201,
            "mae": 0.35412296652793884
        },
        "predictive_eval": {
            "kl_div_to_data": 0.8401354551315308,
            "mean_diff_to_data": 0.2647336423397064,
            "std_diff_to_data": 0.12569330632686615
        }
    },
    "out_domain": {
        "error": {
            "rmse": 18.060701370239258,
            "loglikelihood": -19.22878074645996,
            "mae": 14.247611999511719
        },
        "predictive_eval": {
            "kl_div_to_data": 1923.43310546875,
            "mean_diff_to_data": 14.259160995483398,
            "std_diff_to_data": 3.2885258197784424
        }
    }
}