{
    "train": {
        "error": {
            "rmse": 11.814818382263184,
            "loglikelihood": -113.6095962524414,
            "mae": 11.063370704650879
        },
        "predictive_eval": {
            "kl_div_to_data": 790.4527587890625,
            "mean_diff_to_data": 11.11966323852539,
            "std_diff_to_data": 0.5859844088554382
        }
    },
    "test": {
        "error": {
            "rmse": 44.41360855102539,
            "loglikelihood": -93.87712097167969,
            "mae": 26.741037368774414
        },
        "predictive_eval": {
            "kl_div_to_data": 12682.8642578125,
            "mean_diff_to_data": 27.17836570739746,
            "std_diff_to_data": 7.1913604736328125
        }
    },
    "in_domain": {
        "error": {
            "rmse": 11.784605979919434,
            "loglikelihood": -113.4697036743164,
            "mae": 11.049393653869629
        },
        "predictive_eval": {
            "kl_div_to_data": 785.6698608398438,
            "mean_diff_to_data": 11.089883804321289,
            "std_diff_to_data": 0.5704485177993774
        }
    },
    "out_domain": {
        "error": {
            "rmse": 61.32639694213867,
            "loglikelihood": -76.4330062866211,
            "mae": 42.21346664428711
        },
        "predictive_eval": {
            "kl_div_to_data": 25167.16015625,
            "mean_diff_to_data": 43.436038970947266,
            "std_diff_to_data": 13.497178077697754
        }
    }
}