{
    "train": {
        "error": {
            "rmse": 0.29380789399147034,
            "loglikelihood": -0.31004998087882996,
            "mae": 0.23430843651294708
        },
        "predictive_eval": {
            "kl_div_to_data": 0.5207890868186951,
            "mean_diff_to_data": 0.19063052535057068,
            "std_diff_to_data": 0.1260572373867035
        }
    },
    "test": {
        "error": {
            "rmse": 12.73775577545166,
            "loglikelihood": -9.96551513671875,
            "mae": 7.275625705718994
        },
        "predictive_eval": {
            "kl_div_to_data": 921.5938110351562,
            "mean_diff_to_data": 7.1306939125061035,
            "std_diff_to_data": 1.6861786842346191
        }
    },
    "in_domain": {
        "error": {
            "rmse": 0.4484338164329529,
            "loglikelihood": -0.6018422245979309,
            "mae": 0.3543594777584076
        },
        "predictive_eval": {
            "kl_div_to_data": 0.842470109462738,
            "mean_diff_to_data": 0.2649962604045868,
            "std_diff_to_data": 0.1262388825416565
        }
    },
    "out_domain": {
        "error": {
            "rmse": 18.019981384277344,
            "loglikelihood": -19.505374908447266,
            "mae": 14.212841987609863
        },
        "predictive_eval": {
            "kl_div_to_data": 1937.571533203125,
            "mean_diff_to_data": 14.320773124694824,
            "std_diff_to_data": 3.3011116981506348
        }
    }
}