{
    "train": {
        "error": {
            "rmse": 0.28645163774490356,
            "loglikelihood": -0.3238022029399872,
            "mae": 0.22752992808818817
        },
        "predictive_eval": {
            "kl_div_to_data": 0.6867185235023499,
            "mean_diff_to_data": 0.21743640303611755,
            "std_diff_to_data": 0.1358538269996643
        }
    },
    "test": {
        "error": {
            "rmse": 23.711490631103516,
            "loglikelihood": -15.559744834899902,
            "mae": 14.054038047790527
        },
        "predictive_eval": {
            "kl_div_to_data": 3395.044677734375,
            "mean_diff_to_data": 14.970102310180664,
            "std_diff_to_data": 2.3011209964752197
        }
    },
    "in_domain": {
        "error": {
            "rmse": 0.6131577491760254,
            "loglikelihood": -1.002706527709961,
            "mae": 0.4769781231880188
        },
        "predictive_eval": {
            "kl_div_to_data": 1.7705734968185425,
            "mean_diff_to_data": 0.39258331060409546,
            "std_diff_to_data": 0.13232670724391937
        }
    },
    "out_domain": {
        "error": {
            "rmse": 33.49527359008789,
            "loglikelihood": -30.045368194580078,
            "mae": 27.58892250061035
        },
        "predictive_eval": {
            "kl_div_to_data": 6255.5302734375,
            "mean_diff_to_data": 27.284717559814453,
            "std_diff_to_data": 4.2532782554626465
        }
    }
}