{
    "train": {
        "error": {
            "rmse": 0.3574271500110626,
            "loglikelihood": -0.4247109889984131,
            "mae": 0.28021547198295593
        },
        "predictive_eval": {
            "kl_div_to_data": 0.3704994022846222,
            "mean_diff_to_data": 0.19366329908370972,
            "std_diff_to_data": 0.04625885561108589
        }
    },
    "test": {
        "error": {
            "rmse": 23.4454288482666,
            "loglikelihood": -3053.53759765625,
            "mae": 13.31946086883545
        },
        "predictive_eval": {
            "kl_div_to_data": 2786.655029296875,
            "mean_diff_to_data": 11.494816780090332,
            "std_diff_to_data": 7.0811848640441895
        }
    },
    "in_domain": {
        "error": {
            "rmse": 0.47399061918258667,
            "loglikelihood": -0.9631162881851196,
            "mae": 0.37565550208091736
        },
        "predictive_eval": {
            "kl_div_to_data": 0.6019552946090698,
            "mean_diff_to_data": 0.25162482261657715,
            "std_diff_to_data": 0.04700762778520584
        }
    },
    "out_domain": {
        "error": {
            "rmse": 34.23065948486328,
            "loglikelihood": -6509.37060546875,
            "mae": 27.255624771118164
        },
        "predictive_eval": {
            "kl_div_to_data": 5871.40576171875,
            "mean_diff_to_data": 22.970972061157227,
            "std_diff_to_data": 14.539331436157227
        }
    }
}