{
    "train": {
        "error": {
            "rmse": 0.3117150068283081,
            "loglikelihood": -0.33061692118644714,
            "mae": 0.24931930005550385
        },
        "predictive_eval": {
            "kl_div_to_data": 0.556797444820404,
            "mean_diff_to_data": 0.2127537578344345,
            "std_diff_to_data": 0.10112273693084717
        }
    },
    "test": {
        "error": {
            "rmse": 22.33929443359375,
            "loglikelihood": -10.01182746887207,
            "mae": 13.277667045593262
        },
        "predictive_eval": {
            "kl_div_to_data": 3019.39453125,
            "mean_diff_to_data": 14.00830078125,
            "std_diff_to_data": 2.7631869316101074
        }
    },
    "in_domain": {
        "error": {
            "rmse": 0.5283753275871277,
            "loglikelihood": -0.8302471041679382,
            "mae": 0.4124455451965332
        },
        "predictive_eval": {
            "kl_div_to_data": 1.3060945272445679,
            "mean_diff_to_data": 0.34570252895355225,
            "std_diff_to_data": 0.09771525859832764
        }
    },
    "out_domain": {
        "error": {
            "rmse": 31.557273864746094,
            "loglikelihood": -19.187074661254883,
            "mae": 26.11806297302246
        },
        "predictive_eval": {
            "kl_div_to_data": 5543.4951171875,
            "mean_diff_to_data": 25.7560977935791,
            "std_diff_to_data": 5.297058582305908
        }
    }
}