{
    "train": {
        "error": {
            "rmse": 1.4515485763549805,
            "loglikelihood": -4.507631778717041,
            "mae": 1.0923627614974976
        },
        "predictive_eval": {
            "kl_div_to_data": 12.239762306213379,
            "mean_diff_to_data": 1.083432674407959,
            "std_diff_to_data": 0.16391877830028534
        }
    },
    "test": {
        "error": {
            "rmse": 7.342741966247559,
            "loglikelihood": -28.958662033081055,
            "mae": 4.617867946624756
        },
        "predictive_eval": {
            "kl_div_to_data": 367.5604248046875,
            "mean_diff_to_data": 5.096569538116455,
            "std_diff_to_data": 0.9321305155754089
        }
    },
    "in_domain": {
        "error": {
            "rmse": 1.4504272937774658,
            "loglikelihood": -4.766382217407227,
            "mae": 1.0865213871002197
        },
        "predictive_eval": {
            "kl_div_to_data": 12.73765754699707,
            "mean_diff_to_data": 1.071539044380188,
            "std_diff_to_data": 0.1632305234670639
        }
    },
    "out_domain": {
        "error": {
            "rmse": 10.301039695739746,
            "loglikelihood": -53.564979553222656,
            "mae": 8.160311698913574
        },
        "predictive_eval": {
            "kl_div_to_data": 605.5070190429688,
            "mean_diff_to_data": 7.9085917472839355,
            "std_diff_to_data": 1.5785942077636719
        }
    }
}