{
    "predictive": {
        "kl_div": 6.002479975310178,
        "mean_diff": 3.6825718879699707,
        "var_diff": 241.3379364013672,
        "std_diff": 14.492919921875
    },
    "predictive_in_domain": {
        "kl_div": 4.579652444250242,
        "mean_diff": 1.4413866996765137,
        "var_diff": 86.98849487304688,
        "std_diff": 8.359015464782715
    },
    "predictive_out_domain": {
        "kl_div": 9.576413434757429,
        "mean_diff": 6.092973709106445,
        "var_diff": 331.7726135253906,
        "std_diff": 17.234519958496094
    }
}