{
    "train": {
        "error": {
            "rmse": 0.13002131879329681,
            "loglikelihood": 0.38287052512168884,
            "mae": 0.10311897099018097
        },
        "predictive_eval": {
            "kl_div_to_data": 0.9302171468734741,
            "mean_diff_to_data": 0.4184750020503998,
            "std_diff_to_data": 0.26136571168899536
        }
    },
    "in_domain": {
        "error": {
            "rmse": 3.0603604316711426,
            "loglikelihood": -70.6810073852539,
            "mae": 2.407496213912964
        },
        "predictive_eval": {
            "kl_div_to_data": 17.65081024169922,
            "mean_diff_to_data": 2.301553964614868,
            "std_diff_to_data": 0.2453605681657791
        }
    },
    "out_domain": {
        "error": {
            "rmse": 16.46011734008789,
            "loglikelihood": -292.6593322753906,
            "mae": 13.132980346679688
        },
        "predictive_eval": {
            "kl_div_to_data": 512.4410400390625,
            "mean_diff_to_data": 12.836244583129883,
            "std_diff_to_data": 0.20721293985843658
        }
    }
}