{
    "train": {
        "error": {
            "rmse": 0.1105889305472374,
            "loglikelihood": 0.4200691282749176,
            "mae": 0.08771659433841705
        },
        "predictive_eval": {
            "kl_div_to_data": 0.9153645038604736,
            "mean_diff_to_data": 0.4152146875858307,
            "std_diff_to_data": 0.25931987166404724
        }
    },
    "in_domain": {
        "error": {
            "rmse": 2.9358038902282715,
            "loglikelihood": -67.9344711303711,
            "mae": 2.313749074935913
        },
        "predictive_eval": {
            "kl_div_to_data": 16.56865692138672,
            "mean_diff_to_data": 2.246946096420288,
            "std_diff_to_data": 0.25073331594467163
        }
    },
    "out_domain": {
        "error": {
            "rmse": 16.40985679626465,
            "loglikelihood": -281.12481689453125,
            "mae": 13.179694175720215
        },
        "predictive_eval": {
            "kl_div_to_data": 517.8382568359375,
            "mean_diff_to_data": 13.005183219909668,
            "std_diff_to_data": 0.20910045504570007
        }
    }
}