{
    "train": {
        "error": {
            "rmse": 0.08503654599189758,
            "loglikelihood": 0.5070556998252869,
            "mae": 0.06684865057468414
        },
        "predictive_eval": {
            "kl_div_to_data": 0.9510300755500793,
            "mean_diff_to_data": 0.4146620035171509,
            "std_diff_to_data": 0.2709881663322449
        }
    },
    "in_domain": {
        "error": {
            "rmse": 2.3828067779541016,
            "loglikelihood": -46.93647384643555,
            "mae": 1.8549845218658447
        },
        "predictive_eval": {
            "kl_div_to_data": 12.033501625061035,
            "mean_diff_to_data": 1.846516489982605,
            "std_diff_to_data": 0.2539026737213135
        }
    },
    "out_domain": {
        "error": {
            "rmse": 15.96534538269043,
            "loglikelihood": -280.2227478027344,
            "mae": 12.77393627166748
        },
        "predictive_eval": {
            "kl_div_to_data": 509.081298828125,
            "mean_diff_to_data": 12.888279914855957,
            "std_diff_to_data": 0.2113143354654312
        }
    }
}