{
    "train": {
        "error": {
            "rmse": 0.11073893308639526,
            "loglikelihood": 0.41980066895484924,
            "mae": 0.08784719556570053
        },
        "predictive_eval": {
            "kl_div_to_data": 0.9123498797416687,
            "mean_diff_to_data": 0.4145742654800415,
            "std_diff_to_data": 0.2589781880378723
        }
    },
    "test": {
        "error": {
            "rmse": 11.787156105041504,
            "loglikelihood": -175.05931091308594,
            "mae": 7.746025085449219
        },
        "predictive_eval": {
            "kl_div_to_data": 313.2793273925781,
            "mean_diff_to_data": 8.25365924835205,
            "std_diff_to_data": 0.2277284413576126
        }
    },
    "in_domain": {
        "error": {
            "rmse": 2.9337844848632812,
            "loglikelihood": -67.96561431884766,
            "mae": 2.311189651489258
        },
        "predictive_eval": {
            "kl_div_to_data": 16.563566207885742,
            "mean_diff_to_data": 2.246711015701294,
            "std_diff_to_data": 0.25068143010139465
        }
    },
    "out_domain": {
        "error": {
            "rmse": 16.402284622192383,
            "loglikelihood": -280.30780029296875,
            "mae": 13.172304153442383
        },
        "predictive_eval": {
            "kl_div_to_data": 517.757568359375,
            "mean_diff_to_data": 13.003593444824219,
            "std_diff_to_data": 0.21231630444526672
        }
    }
}