{
    "train": {
        "error": {
            "rmse": 0.09882044792175293,
            "loglikelihood": 0.4782760739326477,
            "mae": 0.07797663658857346
        },
        "predictive_eval": {
            "kl_div_to_data": 0.9385639429092407,
            "mean_diff_to_data": 0.40860387682914734,
            "std_diff_to_data": 0.27008378505706787
        }
    },
    "in_domain": {
        "error": {
            "rmse": 2.373274803161621,
            "loglikelihood": -46.87474060058594,
            "mae": 1.8570919036865234
        },
        "predictive_eval": {
            "kl_div_to_data": 11.455698013305664,
            "mean_diff_to_data": 1.8467484712600708,
            "std_diff_to_data": 0.2517881691455841
        }
    },
    "out_domain": {
        "error": {
            "rmse": 15.718321800231934,
            "loglikelihood": -282.8673400878906,
            "mae": 12.56325912475586
        },
        "predictive_eval": {
            "kl_div_to_data": 491.17974853515625,
            "mean_diff_to_data": 12.556461334228516,
            "std_diff_to_data": 0.19939535856246948
        }
    }
}