{
    "train": {
        "error": {
            "rmse": 0.08105097711086273,
            "loglikelihood": 0.5033444762229919,
            "mae": 0.06339619308710098
        },
        "predictive_eval": {
            "kl_div_to_data": 0.916610836982727,
            "mean_diff_to_data": 0.40523821115493774,
            "std_diff_to_data": 0.2691127359867096
        }
    },
    "test": {
        "error": {
            "rmse": 11.327606201171875,
            "loglikelihood": -171.03546142578125,
            "mae": 7.346834659576416
        },
        "predictive_eval": {
            "kl_div_to_data": 278.835205078125,
            "mean_diff_to_data": 7.757972240447998,
            "std_diff_to_data": 0.21459664404392242
        }
    },
    "in_domain": {
        "error": {
            "rmse": 2.6461451053619385,
            "loglikelihood": -59.215545654296875,
            "mae": 2.0722439289093018
        },
        "predictive_eval": {
            "kl_div_to_data": 13.619275093078613,
            "mean_diff_to_data": 2.0020947456359863,
            "std_diff_to_data": 0.258482962846756
        }
    },
    "out_domain": {
        "error": {
            "rmse": 15.783441543579102,
            "loglikelihood": -283.25469970703125,
            "mae": 12.60291576385498
        },
        "predictive_eval": {
            "kl_div_to_data": 490.00494384765625,
            "mean_diff_to_data": 12.463610649108887,
            "std_diff_to_data": 0.18154864013195038
        }
    }
}