{
    "train": {
        "error": {
            "rmse": 0.08072582632303238,
            "loglikelihood": 0.5029827952384949,
            "mae": 0.06320079416036606
        },
        "predictive_eval": {
            "kl_div_to_data": 0.9151793122291565,
            "mean_diff_to_data": 0.40520232915878296,
            "std_diff_to_data": 0.26877281069755554
        }
    },
    "in_domain": {
        "error": {
            "rmse": 2.646334409713745,
            "loglikelihood": -58.95718002319336,
            "mae": 2.0731894969940186
        },
        "predictive_eval": {
            "kl_div_to_data": 13.618304252624512,
            "mean_diff_to_data": 2.002500057220459,
            "std_diff_to_data": 0.25783446431159973
        }
    },
    "out_domain": {
        "error": {
            "rmse": 15.75679874420166,
            "loglikelihood": -281.8354187011719,
            "mae": 12.58238697052002
        },
        "predictive_eval": {
            "kl_div_to_data": 489.9643249511719,
            "mean_diff_to_data": 12.46290111541748,
            "std_diff_to_data": 0.18107639253139496
        }
    }
}