{
    "train": {
        "error": {
            "rmse": 0.891560435295105,
            "loglikelihood": -1.6017065048217773,
            "mae": 0.7040141224861145
        },
        "predictive_eval": {
            "kl_div_to_data": 1.4165805578231812,
            "mean_diff_to_data": 0.6591699123382568,
            "std_diff_to_data": 0.06274982541799545
        }
    },
    "in_domain": {
        "error": {
            "rmse": 1.2223849296569824,
            "loglikelihood": -2.695671558380127,
            "mae": 0.9593179821968079
        },
        "predictive_eval": {
            "kl_div_to_data": 2.468393325805664,
            "mean_diff_to_data": 0.8627851605415344,
            "std_diff_to_data": 0.06311517208814621
        }
    },
    "out_domain": {
        "error": {
            "rmse": 13.348331451416016,
            "loglikelihood": -127.07484436035156,
            "mae": 10.696438789367676
        },
        "predictive_eval": {
            "kl_div_to_data": 350.19183349609375,
            "mean_diff_to_data": 10.6246976852417,
            "std_diff_to_data": 0.33339837193489075
        }
    }
}