{
    "train": {
        "error": {
            "rmse": 0.8931560516357422,
            "loglikelihood": -1.6060657501220703,
            "mae": 0.7078443765640259
        },
        "predictive_eval": {
            "kl_div_to_data": 1.2930693626403809,
            "mean_diff_to_data": 0.6361900568008423,
            "std_diff_to_data": 0.06237790361046791
        }
    },
    "in_domain": {
        "error": {
            "rmse": 1.2303924560546875,
            "loglikelihood": -2.725313901901245,
            "mae": 0.9747613072395325
        },
        "predictive_eval": {
            "kl_div_to_data": 2.5229597091674805,
            "mean_diff_to_data": 0.8843867182731628,
            "std_diff_to_data": 0.06276325136423111
        }
    },
    "out_domain": {
        "error": {
            "rmse": 13.42219066619873,
            "loglikelihood": -128.48875427246094,
            "mae": 10.730441093444824
        },
        "predictive_eval": {
            "kl_div_to_data": 363.5299987792969,
            "mean_diff_to_data": 10.79391860961914,
            "std_diff_to_data": 0.33801501989364624
        }
    }
}