{
    "train": {
        "error": {
            "rmse": 0.9283605217933655,
            "loglikelihood": -1.949678659439087,
            "mae": 0.7337225079536438
        },
        "predictive_eval": {
            "kl_div_to_data": 1.3357912302017212,
            "mean_diff_to_data": 0.628142774105072,
            "std_diff_to_data": 0.06253541260957718
        }
    },
    "in_domain": {
        "error": {
            "rmse": 1.248063087463379,
            "loglikelihood": -3.3409180641174316,
            "mae": 0.9814603924751282
        },
        "predictive_eval": {
            "kl_div_to_data": 2.3763680458068848,
            "mean_diff_to_data": 0.8508632779121399,
            "std_diff_to_data": 0.06297489255666733
        }
    },
    "out_domain": {
        "error": {
            "rmse": 13.413613319396973,
            "loglikelihood": -360.10302734375,
            "mae": 10.745019912719727
        },
        "predictive_eval": {
            "kl_div_to_data": 360.0896911621094,
            "mean_diff_to_data": 10.818974494934082,
            "std_diff_to_data": 0.33610308170318604
        }
    }
}