{
    "train": {
        "error": {
            "rmse": 0.931187093257904,
            "loglikelihood": -1.960049033164978,
            "mae": 0.7358088493347168
        },
        "predictive_eval": {
            "kl_div_to_data": 1.4165805578231812,
            "mean_diff_to_data": 0.6591699123382568,
            "std_diff_to_data": 0.06274982541799545
        }
    },
    "in_domain": {
        "error": {
            "rmse": 1.2451508045196533,
            "loglikelihood": -3.3284218311309814,
            "mae": 0.9816246032714844
        },
        "predictive_eval": {
            "kl_div_to_data": 2.468393325805664,
            "mean_diff_to_data": 0.8627851605415344,
            "std_diff_to_data": 0.06311517208814621
        }
    },
    "out_domain": {
        "error": {
            "rmse": 13.355984687805176,
            "loglikelihood": -356.9301452636719,
            "mae": 10.698561668395996
        },
        "predictive_eval": {
            "kl_div_to_data": 350.19183349609375,
            "mean_diff_to_data": 10.6246976852417,
            "std_diff_to_data": 0.33339837193489075
        }
    }
}