{
    "train": {
        "error": {
            "rmse": 0.8879252672195435,
            "loglikelihood": -1.5921331644058228,
            "mae": 0.702734649181366
        },
        "predictive_eval": {
            "kl_div_to_data": 1.3854286670684814,
            "mean_diff_to_data": 0.6596067547798157,
            "std_diff_to_data": 0.06205075979232788
        }
    },
    "in_domain": {
        "error": {
            "rmse": 1.2066090106964111,
            "loglikelihood": -2.6317288875579834,
            "mae": 0.9532837867736816
        },
        "predictive_eval": {
            "kl_div_to_data": 2.416320562362671,
            "mean_diff_to_data": 0.871608316898346,
            "std_diff_to_data": 0.062310073524713516
        }
    },
    "out_domain": {
        "error": {
            "rmse": 13.325400352478027,
            "loglikelihood": -126.9442367553711,
            "mae": 10.64098072052002
        },
        "predictive_eval": {
            "kl_div_to_data": 361.4036865234375,
            "mean_diff_to_data": 10.821101188659668,
            "std_diff_to_data": 0.3367011547088623
        }
    }
}