{
    "train": {
        "error": {
            "rmse": 0.9284732341766357,
            "loglikelihood": -1.9504539966583252,
            "mae": 0.7349098324775696
        },
        "predictive_eval": {
            "kl_div_to_data": 1.2930693626403809,
            "mean_diff_to_data": 0.6361900568008423,
            "std_diff_to_data": 0.06237790361046791
        }
    },
    "in_domain": {
        "error": {
            "rmse": 1.2565228939056396,
            "loglikelihood": -3.3831276893615723,
            "mae": 0.997020423412323
        },
        "predictive_eval": {
            "kl_div_to_data": 2.5229597091674805,
            "mean_diff_to_data": 0.8843867182731628,
            "std_diff_to_data": 0.06276325136423111
        }
    },
    "out_domain": {
        "error": {
            "rmse": 13.437935829162598,
            "loglikelihood": -361.5052185058594,
            "mae": 10.743611335754395
        },
        "predictive_eval": {
            "kl_div_to_data": 363.5299987792969,
            "mean_diff_to_data": 10.79391860961914,
            "std_diff_to_data": 0.33801501989364624
        }
    }
}