{
    "train": {
        "error": {
            "rmse": 0.9320348501205444,
            "loglikelihood": -1.9632524251937866,
            "mae": 0.7383646368980408
        },
        "predictive_eval": {
            "kl_div_to_data": 1.399743914604187,
            "mean_diff_to_data": 0.6612176299095154,
            "std_diff_to_data": 0.062099579721689224
        }
    },
    "in_domain": {
        "error": {
            "rmse": 1.2451130151748657,
            "loglikelihood": -3.3273894786834717,
            "mae": 0.9789004325866699
        },
        "predictive_eval": {
            "kl_div_to_data": 2.5854105949401855,
            "mean_diff_to_data": 0.8877551555633545,
            "std_diff_to_data": 0.06212474778294563
        }
    },
    "out_domain": {
        "error": {
            "rmse": 13.392332077026367,
            "loglikelihood": -359.17144775390625,
            "mae": 10.742356300354004
        },
        "predictive_eval": {
            "kl_div_to_data": 362.5876159667969,
            "mean_diff_to_data": 10.879825592041016,
            "std_diff_to_data": 0.3336838483810425
        }
    }
}