{
    "train": {
        "error": {
            "rmse": 0.8948017358779907,
            "loglikelihood": -1.6104997396469116,
            "mae": 0.7080185413360596
        },
        "predictive_eval": {
            "kl_div_to_data": 1.3357912302017212,
            "mean_diff_to_data": 0.628142774105072,
            "std_diff_to_data": 0.06253541260957718
        }
    },
    "in_domain": {
        "error": {
            "rmse": 1.2239197492599487,
            "loglikelihood": -2.697185516357422,
            "mae": 0.9611698389053345
        },
        "predictive_eval": {
            "kl_div_to_data": 2.3763680458068848,
            "mean_diff_to_data": 0.8508632779121399,
            "std_diff_to_data": 0.06297489255666733
        }
    },
    "out_domain": {
        "error": {
            "rmse": 13.381417274475098,
            "loglikelihood": -127.8310546875,
            "mae": 10.718127250671387
        },
        "predictive_eval": {
            "kl_div_to_data": 360.0896911621094,
            "mean_diff_to_data": 10.818974494934082,
            "std_diff_to_data": 0.33610308170318604
        }
    }
}