{
    "train": {
        "error": {
            "rmse": 0.8945853114128113,
            "loglikelihood": -1.609749436378479,
            "mae": 0.7093188762664795
        },
        "predictive_eval": {
            "kl_div_to_data": 1.399743914604187,
            "mean_diff_to_data": 0.6612176299095154,
            "std_diff_to_data": 0.062099579721689224
        }
    },
    "in_domain": {
        "error": {
            "rmse": 1.2160946130752563,
            "loglikelihood": -2.6723248958587646,
            "mae": 0.9574536681175232
        },
        "predictive_eval": {
            "kl_div_to_data": 2.5854105949401855,
            "mean_diff_to_data": 0.8877551555633545,
            "std_diff_to_data": 0.06212474778294563
        }
    },
    "out_domain": {
        "error": {
            "rmse": 13.38454532623291,
            "loglikelihood": -128.10377502441406,
            "mae": 10.73252010345459
        },
        "predictive_eval": {
            "kl_div_to_data": 362.5876159667969,
            "mean_diff_to_data": 10.879825592041016,
            "std_diff_to_data": 0.3336838483810425
        }
    }
}