{
    "train": {
        "error": {
            "rmse": 0.9257369041442871,
            "loglikelihood": -1.939897894859314,
            "mae": 0.7356571555137634
        },
        "predictive_eval": {
            "kl_div_to_data": 1.3854286670684814,
            "mean_diff_to_data": 0.6596067547798157,
            "std_diff_to_data": 0.06205075979232788
        }
    },
    "in_domain": {
        "error": {
            "rmse": 1.2360495328903198,
            "loglikelihood": -3.2826783657073975,
            "mae": 0.9744186401367188
        },
        "predictive_eval": {
            "kl_div_to_data": 2.416320562362671,
            "mean_diff_to_data": 0.871608316898346,
            "std_diff_to_data": 0.062310073524713516
        }
    },
    "out_domain": {
        "error": {
            "rmse": 13.348824501037598,
            "loglikelihood": -356.6821594238281,
            "mae": 10.662139892578125
        },
        "predictive_eval": {
            "kl_div_to_data": 361.4036865234375,
            "mean_diff_to_data": 10.821101188659668,
            "std_diff_to_data": 0.3367011547088623
        }
    }
}