{
    "train": {
        "error": {
            "rmse": 0.6329395174980164,
            "loglikelihood": -1.0271716117858887,
            "mae": 0.5005993843078613
        },
        "predictive_eval": {
            "kl_div_to_data": 0.36959126591682434,
            "mean_diff_to_data": 0.31546467542648315,
            "std_diff_to_data": 0.08025684952735901
        }
    },
    "in_domain": {
        "error": {
            "rmse": 0.741148829460144,
            "loglikelihood": -1.3241746425628662,
            "mae": 0.5887749791145325
        },
        "predictive_eval": {
            "kl_div_to_data": 0.4481017291545868,
            "mean_diff_to_data": 0.3550579249858856,
            "std_diff_to_data": 0.08418340981006622
        }
    },
    "out_domain": {
        "error": {
            "rmse": 11.983257293701172,
            "loglikelihood": -287.4777526855469,
            "mae": 9.558440208435059
        },
        "predictive_eval": {
            "kl_div_to_data": 305.2590637207031,
            "mean_diff_to_data": 9.957101821899414,
            "std_diff_to_data": 0.867707371711731
        }
    }
}