{
    "train": {
        "error": {
            "rmse": 0.5542917847633362,
            "loglikelihood": -0.8324888348579407,
            "mae": 0.4418245851993561
        },
        "predictive_eval": {
            "kl_div_to_data": 0.28312164545059204,
            "mean_diff_to_data": 0.28628069162368774,
            "std_diff_to_data": 0.07470394670963287
        }
    },
    "in_domain": {
        "error": {
            "rmse": 0.6616283059120178,
            "loglikelihood": -1.0214605331420898,
            "mae": 0.5250565409660339
        },
        "predictive_eval": {
            "kl_div_to_data": 0.40038421750068665,
            "mean_diff_to_data": 0.33417969942092896,
            "std_diff_to_data": 0.07628661394119263
        }
    },
    "out_domain": {
        "error": {
            "rmse": 11.957459449768066,
            "loglikelihood": -34.69184494018555,
            "mae": 9.551432609558105
        },
        "predictive_eval": {
            "kl_div_to_data": 313.3383483886719,
            "mean_diff_to_data": 10.024956703186035,
            "std_diff_to_data": 0.9339524507522583
        }
    }
}