{
    "train": {
        "error": {
            "rmse": 0.649684727191925,
            "loglikelihood": -1.070007085800171,
            "mae": 0.516852855682373
        },
        "predictive_eval": {
            "kl_div_to_data": 0.34524163603782654,
            "mean_diff_to_data": 0.3135669231414795,
            "std_diff_to_data": 0.09187652915716171
        }
    },
    "in_domain": {
        "error": {
            "rmse": 0.7473171353340149,
            "loglikelihood": -1.3436888456344604,
            "mae": 0.5889326930046082
        },
        "predictive_eval": {
            "kl_div_to_data": 0.4863714873790741,
            "mean_diff_to_data": 0.3615484833717346,
            "std_diff_to_data": 0.0926705151796341
        }
    },
    "out_domain": {
        "error": {
            "rmse": 11.831195831298828,
            "loglikelihood": -280.2454528808594,
            "mae": 9.465776443481445
        },
        "predictive_eval": {
            "kl_div_to_data": 304.51092529296875,
            "mean_diff_to_data": 9.852913856506348,
            "std_diff_to_data": 1.094188928604126
        }
    }
}