{
    "train": {
        "error": {
            "rmse": 0.5599721074104309,
            "loglikelihood": -0.8441289067268372,
            "mae": 0.44577452540397644
        },
        "predictive_eval": {
            "kl_div_to_data": 0.31678083539009094,
            "mean_diff_to_data": 0.29508697986602783,
            "std_diff_to_data": 0.08451252430677414
        }
    },
    "in_domain": {
        "error": {
            "rmse": 0.6748644709587097,
            "loglikelihood": -1.0409027338027954,
            "mae": 0.5364556908607483
        },
        "predictive_eval": {
            "kl_div_to_data": 0.4170873165130615,
            "mean_diff_to_data": 0.3502107560634613,
            "std_diff_to_data": 0.08627369999885559
        }
    },
    "out_domain": {
        "error": {
            "rmse": 11.99825382232666,
            "loglikelihood": -35.10536193847656,
            "mae": 9.588841438293457
        },
        "predictive_eval": {
            "kl_div_to_data": 311.9142761230469,
            "mean_diff_to_data": 10.002351760864258,
            "std_diff_to_data": 0.9136950969696045
        }
    }
}