{
    "train": {
        "error": {
            "rmse": 0.5588372945785522,
            "loglikelihood": -0.8433107733726501,
            "mae": 0.44467756152153015
        },
        "predictive_eval": {
            "kl_div_to_data": 0.30924803018569946,
            "mean_diff_to_data": 0.28714272379875183,
            "std_diff_to_data": 0.09771937131881714
        }
    },
    "test": {
        "error": {
            "rmse": 8.463763236999512,
            "loglikelihood": -16.24479866027832,
            "mae": 5.0638813972473145
        },
        "predictive_eval": {
            "kl_div_to_data": 151.32627868652344,
            "mean_diff_to_data": 5.200239181518555,
            "std_diff_to_data": 0.5891385078430176
        }
    },
    "in_domain": {
        "error": {
            "rmse": 0.6658750176429749,
            "loglikelihood": -1.0177831649780273,
            "mae": 0.5294495820999146
        },
        "predictive_eval": {
            "kl_div_to_data": 0.4775126874446869,
            "mean_diff_to_data": 0.36673790216445923,
            "std_diff_to_data": 0.09946933388710022
        }
    },
    "out_domain": {
        "error": {
            "rmse": 11.961637496948242,
            "loglikelihood": -31.558645248413086,
            "mae": 9.606660842895508
        },
        "predictive_eval": {
            "kl_div_to_data": 307.17987060546875,
            "mean_diff_to_data": 9.947652816772461,
            "std_diff_to_data": 0.9976635575294495
        }
    }
}