{
    "train": {
        "error": {
            "rmse": 0.6401380896568298,
            "loglikelihood": -1.045852541923523,
            "mae": 0.5061665773391724
        },
        "predictive_eval": {
            "kl_div_to_data": 0.3128460645675659,
            "mean_diff_to_data": 0.2892835736274719,
            "std_diff_to_data": 0.0979350358247757
        }
    },
    "in_domain": {
        "error": {
            "rmse": 0.762915313243866,
            "loglikelihood": -1.3899600505828857,
            "mae": 0.6068680286407471
        },
        "predictive_eval": {
            "kl_div_to_data": 0.4765762686729431,
            "mean_diff_to_data": 0.3658437132835388,
            "std_diff_to_data": 0.09809254109859467
        }
    },
    "out_domain": {
        "error": {
            "rmse": 11.983263969421387,
            "loglikelihood": -287.631591796875,
            "mae": 9.630908012390137
        },
        "predictive_eval": {
            "kl_div_to_data": 307.4586181640625,
            "mean_diff_to_data": 9.950150489807129,
            "std_diff_to_data": 1.0018693208694458
        }
    }
}