{
    "train": {
        "error": {
            "rmse": 0.5615044236183167,
            "loglikelihood": -0.84857177734375,
            "mae": 0.4467274844646454
        },
        "predictive_eval": {
            "kl_div_to_data": 0.3773754835128784,
            "mean_diff_to_data": 0.3228229880332947,
            "std_diff_to_data": 0.09556394815444946
        }
    },
    "in_domain": {
        "error": {
            "rmse": 0.6936591863632202,
            "loglikelihood": -1.0713354349136353,
            "mae": 0.5496754050254822
        },
        "predictive_eval": {
            "kl_div_to_data": 0.5120173692703247,
            "mean_diff_to_data": 0.3698123097419739,
            "std_diff_to_data": 0.09874623268842697
        }
    },
    "out_domain": {
        "error": {
            "rmse": 12.261412620544434,
            "loglikelihood": -36.0857048034668,
            "mae": 9.797780990600586
        },
        "predictive_eval": {
            "kl_div_to_data": 328.892822265625,
            "mean_diff_to_data": 10.270230293273926,
            "std_diff_to_data": 0.9445595145225525
        }
    }
}