{
    "train": {
        "error": {
            "rmse": 0.5588665008544922,
            "loglikelihood": -0.8433815240859985,
            "mae": 0.44472536444664
        },
        "predictive_eval": {
            "kl_div_to_data": 0.3128460645675659,
            "mean_diff_to_data": 0.2892835736274719,
            "std_diff_to_data": 0.0979350358247757
        }
    },
    "in_domain": {
        "error": {
            "rmse": 0.6659595966339111,
            "loglikelihood": -1.018052339553833,
            "mae": 0.5295250415802002
        },
        "predictive_eval": {
            "kl_div_to_data": 0.4765762686729431,
            "mean_diff_to_data": 0.3658437132835388,
            "std_diff_to_data": 0.09809254109859467
        }
    },
    "out_domain": {
        "error": {
            "rmse": 11.962442398071289,
            "loglikelihood": -31.605335235595703,
            "mae": 9.610899925231934
        },
        "predictive_eval": {
            "kl_div_to_data": 307.4586181640625,
            "mean_diff_to_data": 9.950150489807129,
            "std_diff_to_data": 1.0018693208694458
        }
    }
}