{
    "train": {
        "error": {
            "rmse": 0.5741361975669861,
            "loglikelihood": -0.867671012878418,
            "mae": 0.45756736397743225
        },
        "predictive_eval": {
            "kl_div_to_data": 0.36914122104644775,
            "mean_diff_to_data": 0.32818126678466797,
            "std_diff_to_data": 0.08205469697713852
        }
    },
    "test": {
        "error": {
            "rmse": 8.507406234741211,
            "loglikelihood": -17.133785247802734,
            "mae": 5.080387592315674
        },
        "predictive_eval": {
            "kl_div_to_data": 152.07276916503906,
            "mean_diff_to_data": 5.266110420227051,
            "std_diff_to_data": 0.5555544495582581
        }
    },
    "in_domain": {
        "error": {
            "rmse": 0.6843692660331726,
            "loglikelihood": -1.0653706789016724,
            "mae": 0.5404695868492126
        },
        "predictive_eval": {
            "kl_div_to_data": 0.4416671097278595,
            "mean_diff_to_data": 0.3616040050983429,
            "std_diff_to_data": 0.08464965969324112
        }
    },
    "out_domain": {
        "error": {
            "rmse": 12.027024269104004,
            "loglikelihood": -33.22265625,
            "mae": 9.640326499938965
        },
        "predictive_eval": {
            "kl_div_to_data": 317.4335632324219,
            "mean_diff_to_data": 10.11500358581543,
            "std_diff_to_data": 0.976256787776947
        }
    }
}