{
    "train": {
        "error": {
            "rmse": 0.5591474771499634,
            "loglikelihood": -0.8442495465278625,
            "mae": 0.4451659321784973
        },
        "predictive_eval": {
            "kl_div_to_data": 0.3128460645675659,
            "mean_diff_to_data": 0.2892835736274719,
            "std_diff_to_data": 0.0979350358247757
        }
    },
    "in_domain": {
        "error": {
            "rmse": 0.6666455268859863,
            "loglikelihood": -1.0193284749984741,
            "mae": 0.5301045775413513
        },
        "predictive_eval": {
            "kl_div_to_data": 0.4765762686729431,
            "mean_diff_to_data": 0.3658437132835388,
            "std_diff_to_data": 0.09809254109859467
        }
    },
    "out_domain": {
        "error": {
            "rmse": 11.957536697387695,
            "loglikelihood": -31.630313873291016,
            "mae": 9.607308387756348
        },
        "predictive_eval": {
            "kl_div_to_data": 307.4586181640625,
            "mean_diff_to_data": 9.950150489807129,
            "std_diff_to_data": 1.0018693208694458
        }
    }
}