{
    "train": {
        "error": {
            "rmse": 0.5727633833885193,
            "loglikelihood": -0.8649922609329224,
            "mae": 0.4560640752315521
        },
        "predictive_eval": {
            "kl_div_to_data": 0.36959126591682434,
            "mean_diff_to_data": 0.31546467542648315,
            "std_diff_to_data": 0.08025684952735901
        }
    },
    "in_domain": {
        "error": {
            "rmse": 0.6814049482345581,
            "loglikelihood": -1.059348464012146,
            "mae": 0.5412557721138
        },
        "predictive_eval": {
            "kl_div_to_data": 0.4481017291545868,
            "mean_diff_to_data": 0.3550579249858856,
            "std_diff_to_data": 0.08418340981006622
        }
    },
    "out_domain": {
        "error": {
            "rmse": 11.864789009094238,
            "loglikelihood": -36.91768264770508,
            "mae": 9.483725547790527
        },
        "predictive_eval": {
            "kl_div_to_data": 305.2590637207031,
            "mean_diff_to_data": 9.957101821899414,
            "std_diff_to_data": 0.867707371711731
        }
    }
}