{
    "train": {
        "error": {
            "rmse": 0.5541532635688782,
            "loglikelihood": -0.8321739435195923,
            "mae": 0.44196048378944397
        },
        "predictive_eval": {
            "kl_div_to_data": 0.2837808132171631,
            "mean_diff_to_data": 0.2866852879524231,
            "std_diff_to_data": 0.07477894425392151
        }
    },
    "test": {
        "error": {
            "rmse": 8.449294090270996,
            "loglikelihood": -17.791349411010742,
            "mae": 5.026412487030029
        },
        "predictive_eval": {
            "kl_div_to_data": 149.18862915039062,
            "mean_diff_to_data": 5.180402755737305,
            "std_diff_to_data": 0.5248504877090454
        }
    },
    "in_domain": {
        "error": {
            "rmse": 0.6608371734619141,
            "loglikelihood": -1.0201629400253296,
            "mae": 0.5244545936584473
        },
        "predictive_eval": {
            "kl_div_to_data": 0.4029492437839508,
            "mean_diff_to_data": 0.3347001373767853,
            "std_diff_to_data": 0.07685600221157074
        }
    },
    "out_domain": {
        "error": {
            "rmse": 11.953282356262207,
            "loglikelihood": -34.56089782714844,
            "mae": 9.5460844039917
        },
        "predictive_eval": {
            "kl_div_to_data": 313.5168151855469,
            "mean_diff_to_data": 10.024751663208008,
            "std_diff_to_data": 0.9389262795448303
        }
    }
}