{
    "train": {
        "error": {
            "rmse": 0.5608580112457275,
            "loglikelihood": -0.8440724611282349,
            "mae": 0.4492642879486084
        },
        "predictive_eval": {
            "kl_div_to_data": 0.3505629897117615,
            "mean_diff_to_data": 0.3195576071739197,
            "std_diff_to_data": 0.08077873289585114
        }
    },
    "in_domain": {
        "error": {
            "rmse": 0.6759079694747925,
            "loglikelihood": -1.0486916303634644,
            "mae": 0.5373431444168091
        },
        "predictive_eval": {
            "kl_div_to_data": 0.4188483953475952,
            "mean_diff_to_data": 0.34490954875946045,
            "std_diff_to_data": 0.08256670087575912
        }
    },
    "out_domain": {
        "error": {
            "rmse": 11.750699043273926,
            "loglikelihood": -33.897911071777344,
            "mae": 9.3789701461792
        },
        "predictive_eval": {
            "kl_div_to_data": 301.3501892089844,
            "mean_diff_to_data": 9.805754661560059,
            "std_diff_to_data": 0.909827709197998
        }
    }
}