{
    "train": {
        "error": {
            "rmse": 0.559789776802063,
            "loglikelihood": -0.8438498377799988,
            "mae": 0.4456079602241516
        },
        "predictive_eval": {
            "kl_div_to_data": 0.3139456808567047,
            "mean_diff_to_data": 0.2935422360897064,
            "std_diff_to_data": 0.08278405666351318
        }
    },
    "test": {
        "error": {
            "rmse": 8.4970121383667,
            "loglikelihood": -18.09319496154785,
            "mae": 5.060083866119385
        },
        "predictive_eval": {
            "kl_div_to_data": 153.33163452148438,
            "mean_diff_to_data": 5.279660224914551,
            "std_diff_to_data": 0.5228727459907532
        }
    },
    "in_domain": {
        "error": {
            "rmse": 0.6758257746696472,
            "loglikelihood": -1.0427082777023315,
            "mae": 0.5376807451248169
        },
        "predictive_eval": {
            "kl_div_to_data": 0.42032086849212646,
            "mean_diff_to_data": 0.35082027316093445,
            "std_diff_to_data": 0.08848070353269577
        }
    },
    "out_domain": {
        "error": {
            "rmse": 12.003405570983887,
            "loglikelihood": -35.20802688598633,
            "mae": 9.593828201293945
        },
        "predictive_eval": {
            "kl_div_to_data": 312.4021301269531,
            "mean_diff_to_data": 10.006999969482422,
            "std_diff_to_data": 0.9318873286247253
        }
    }
}