{
    "train_rmse": 0.34313124418258667,
    "time": 438.5306897163391
}