{
    "train_rmse": 0,
    "time": 382.0985691547394,
    "rmse": 0.33487027883529663
}