{
    "train_rmse": 0.34313124418258667,
    "time": 372.6944787502289
}