{
    "test_error": {
        "rmse": 4.220458340644837,
        "mae": 3.3307504892349242
    },
    "in_domain_error": {
        "rmse": 4.179866886138916,
        "mae": 3.334468388557434
    },
    "out_domain_error": {
        "rmse": 4.275131511688232,
        "mae": 3.396722507476807
    },
    "predictive": {
        "kl_div": 0.21303139626979828,
        "mean_diff": 1.1621049642562866,
        "std_diff": 1.1651149988174438
    },
    "predictive_in_domain": {
        "kl_div": 0.21129724383354187,
        "mean_diff": 1.1329745054244995,
        "std_diff": 1.3679087162017822
    },
    "predictive_out_domain": {
        "kl_div": 1.0529359579086304,
        "mean_diff": 1.1401276588439941,
        "std_diff": 4.326005935668945
    }
}