{
    "test_error": {
        "rmse": 1.7260104417800903,
        "mae": 1.3751066088676454
    },
    "in_domain_error": {
        "rmse": 1.7197148203849792,
        "mae": 1.381852924823761
    },
    "out_domain_error": {
        "rmse": 1.7812810063362121,
        "mae": 1.4357441782951355
    },
    "predictive": {
        "kl_div": 1.4424470663070679,
        "standardized_mean_diff": -0.009663715958595276,
        "mean_diff": -0.016631608828902245,
        "std_diff": 0.6726866364479065
    },
    "predictive_in_domain": {
        "kl_div": 0.9607821106910706,
        "standardized_mean_diff": -0.007128709927201271,
        "mean_diff": -0.00866381824016571,
        "std_diff": 0.12470851838588715
    },
    "predictive_out_domain": {
        "kl_div": 2.258837938308716,
        "standardized_mean_diff": -0.007620629388839006,
        "mean_diff": -0.012637466192245483,
        "std_diff": 1.2084510326385498
    }
}