{
    "train": {
        "error": {
            "rmse": 6.690465450286865,
            "loglikelihood": -3.3202545642852783,
            "mae": 5.42503547668457
        },
        "predictive_eval": {
            "kl_div_to_data": 494.8086242675781,
            "mean_diff_to_data": 5.421210289001465,
            "std_diff_to_data": 6.3724541664123535
        }
    },
    "in_domain": {
        "error": {
            "rmse": 6.696686267852783,
            "loglikelihood": -3.3217034339904785,
            "mae": 5.469862937927246
        },
        "predictive_eval": {
            "kl_div_to_data": 510.7579345703125,
            "mean_diff_to_data": 5.682864189147949,
            "std_diff_to_data": 6.368168354034424
        }
    },
    "out_domain": {
        "error": {
            "rmse": 18.82020378112793,
            "loglikelihood": -7.157788276672363,
            "mae": 15.293436050415039
        },
        "predictive_eval": {
            "kl_div_to_data": 2154.3486328125,
            "mean_diff_to_data": 15.011804580688477,
            "std_diff_to_data": 6.404933452606201
        }
    }
}