{
    "train": {
        "error": {
            "rmse": 6.967899799346924,
            "loglikelihood": -3.4639554023742676,
            "mae": 5.631413459777832
        },
        "predictive_eval": {
            "kl_div_to_data": 494.2901306152344,
            "mean_diff_to_data": 5.419549942016602,
            "std_diff_to_data": 6.362008094787598
        }
    },
    "in_domain": {
        "error": {
            "rmse": 7.0342488288879395,
            "loglikelihood": -3.497666597366333,
            "mae": 5.706502437591553
        },
        "predictive_eval": {
            "kl_div_to_data": 510.58551025390625,
            "mean_diff_to_data": 5.676867485046387,
            "std_diff_to_data": 6.373448371887207
        }
    },
    "out_domain": {
        "error": {
            "rmse": 19.038606643676758,
            "loglikelihood": -7.842225074768066,
            "mae": 15.491650581359863
        },
        "predictive_eval": {
            "kl_div_to_data": 2157.721435546875,
            "mean_diff_to_data": 15.0342378616333,
            "std_diff_to_data": 6.408919811248779
        }
    }
}