{
    "train": {
        "error": {
            "rmse": 6.686113357543945,
            "loglikelihood": -3.3197038173675537,
            "mae": 5.418396949768066
        },
        "predictive_eval": {
            "kl_div_to_data": 493.4188232421875,
            "mean_diff_to_data": 5.420993328094482,
            "std_diff_to_data": 6.353404521942139
        }
    },
    "in_domain": {
        "error": {
            "rmse": 6.702193260192871,
            "loglikelihood": -3.3221938610076904,
            "mae": 5.477619171142578
        },
        "predictive_eval": {
            "kl_div_to_data": 508.9668273925781,
            "mean_diff_to_data": 5.671410083770752,
            "std_diff_to_data": 6.356448173522949
        }
    },
    "out_domain": {
        "error": {
            "rmse": 18.890504837036133,
            "loglikelihood": -6.893702983856201,
            "mae": 15.344842910766602
        },
        "predictive_eval": {
            "kl_div_to_data": 2154.69189453125,
            "mean_diff_to_data": 15.0209379196167,
            "std_diff_to_data": 6.393758773803711
        }
    }
}