{
    "train": {
        "error": {
            "rmse": 6.69110107421875,
            "loglikelihood": -3.3219845294952393,
            "mae": 5.421118259429932
        },
        "predictive_eval": {
            "kl_div_to_data": 495.3937072753906,
            "mean_diff_to_data": 5.416840076446533,
            "std_diff_to_data": 6.3773932456970215
        }
    },
    "in_domain": {
        "error": {
            "rmse": 6.706272602081299,
            "loglikelihood": -3.3242058753967285,
            "mae": 5.478701591491699
        },
        "predictive_eval": {
            "kl_div_to_data": 509.53125,
            "mean_diff_to_data": 5.679805755615234,
            "std_diff_to_data": 6.353355407714844
        }
    },
    "out_domain": {
        "error": {
            "rmse": 18.83985137939453,
            "loglikelihood": -6.79407262802124,
            "mae": 15.297060012817383
        },
        "predictive_eval": {
            "kl_div_to_data": 2155.990966796875,
            "mean_diff_to_data": 15.02726936340332,
            "std_diff_to_data": 6.400670528411865
        }
    }
}