{
    "train": {
        "error": {
            "rmse": 6.6759185791015625,
            "loglikelihood": -3.3173794746398926,
            "mae": 5.40640115737915
        },
        "predictive_eval": {
            "kl_div_to_data": 492.6282958984375,
            "mean_diff_to_data": 5.409843921661377,
            "std_diff_to_data": 6.351747512817383
        }
    },
    "in_domain": {
        "error": {
            "rmse": 6.684078216552734,
            "loglikelihood": -3.3187415599823,
            "mae": 5.459035873413086
        },
        "predictive_eval": {
            "kl_div_to_data": 508.2616882324219,
            "mean_diff_to_data": 5.670902252197266,
            "std_diff_to_data": 6.346654891967773
        }
    },
    "out_domain": {
        "error": {
            "rmse": 18.847980499267578,
            "loglikelihood": -6.773410797119141,
            "mae": 15.31397533416748
        },
        "predictive_eval": {
            "kl_div_to_data": 2153.2451171875,
            "mean_diff_to_data": 15.011899948120117,
            "std_diff_to_data": 6.397794723510742
        }
    }
}