{
    "train": {
        "error": {
            "rmse": 6.675782203674316,
            "loglikelihood": -3.3173866271972656,
            "mae": 5.407480716705322
        },
        "predictive_eval": {
            "kl_div_to_data": 493.3799133300781,
            "mean_diff_to_data": 5.420769214630127,
            "std_diff_to_data": 6.352798938751221
        }
    },
    "in_domain": {
        "error": {
            "rmse": 6.6889824867248535,
            "loglikelihood": -3.3193366527557373,
            "mae": 5.466222286224365
        },
        "predictive_eval": {
            "kl_div_to_data": 508.984130859375,
            "mean_diff_to_data": 5.671412944793701,
            "std_diff_to_data": 6.356694221496582
        }
    },
    "out_domain": {
        "error": {
            "rmse": 18.830589294433594,
            "loglikelihood": -6.765682220458984,
            "mae": 15.298083305358887
        },
        "predictive_eval": {
            "kl_div_to_data": 2154.772216796875,
            "mean_diff_to_data": 15.021383285522461,
            "std_diff_to_data": 6.392942428588867
        }
    }
}