{
    "train": {
        "error": {
            "rmse": 7.019041061401367,
            "loglikelihood": -3.468416690826416,
            "mae": 5.654419422149658
        },
        "predictive_eval": {
            "kl_div_to_data": 493.65826416015625,
            "mean_diff_to_data": 5.414039134979248,
            "std_diff_to_data": 6.362396717071533
        }
    },
    "in_domain": {
        "error": {
            "rmse": 7.018334865570068,
            "loglikelihood": -3.4916272163391113,
            "mae": 5.7222065925598145
        },
        "predictive_eval": {
            "kl_div_to_data": 509.1365661621094,
            "mean_diff_to_data": 5.681334972381592,
            "std_diff_to_data": 6.354428768157959
        }
    },
    "out_domain": {
        "error": {
            "rmse": 18.910871505737305,
            "loglikelihood": -7.990537166595459,
            "mae": 15.364419937133789
        },
        "predictive_eval": {
            "kl_div_to_data": 2155.7080078125,
            "mean_diff_to_data": 15.023767471313477,
            "std_diff_to_data": 6.401772499084473
        }
    }
}