{
    "train": {
        "error": {
            "rmse": 6.684323787689209,
            "loglikelihood": -3.318716526031494,
            "mae": 5.415126800537109
        },
        "predictive_eval": {
            "kl_div_to_data": 492.4209289550781,
            "mean_diff_to_data": 5.415929794311523,
            "std_diff_to_data": 6.346725940704346
        }
    },
    "in_domain": {
        "error": {
            "rmse": 6.692408084869385,
            "loglikelihood": -3.319998264312744,
            "mae": 5.466362476348877
        },
        "predictive_eval": {
            "kl_div_to_data": 508.8513488769531,
            "mean_diff_to_data": 5.677733421325684,
            "std_diff_to_data": 6.35099983215332
        }
    },
    "out_domain": {
        "error": {
            "rmse": 18.835800170898438,
            "loglikelihood": -6.771067142486572,
            "mae": 15.29839038848877
        },
        "predictive_eval": {
            "kl_div_to_data": 2156.241455078125,
            "mean_diff_to_data": 15.031706809997559,
            "std_diff_to_data": 6.403011798858643
        }
    }
}