{
    "train": {
        "error": {
            "rmse": 7.026880741119385,
            "loglikelihood": -3.473761796951294,
            "mae": 5.6839165687561035
        },
        "predictive_eval": {
            "kl_div_to_data": 493.7342529296875,
            "mean_diff_to_data": 5.4185614585876465,
            "std_diff_to_data": 6.362002849578857
        }
    },
    "in_domain": {
        "error": {
            "rmse": 7.0412068367004395,
            "loglikelihood": -3.47943115234375,
            "mae": 5.704178333282471
        },
        "predictive_eval": {
            "kl_div_to_data": 510.51593017578125,
            "mean_diff_to_data": 5.681800842285156,
            "std_diff_to_data": 6.365912914276123
        }
    },
    "out_domain": {
        "error": {
            "rmse": 18.972393035888672,
            "loglikelihood": -8.11286449432373,
            "mae": 15.406645774841309
        },
        "predictive_eval": {
            "kl_div_to_data": 2156.57861328125,
            "mean_diff_to_data": 15.028794288635254,
            "std_diff_to_data": 6.404627323150635
        }
    }
}