{
    "train": {
        "error": {
            "rmse": 7.009204387664795,
            "loglikelihood": -3.461439847946167,
            "mae": 5.661577224731445
        },
        "predictive_eval": {
            "kl_div_to_data": 494.6813659667969,
            "mean_diff_to_data": 5.426295757293701,
            "std_diff_to_data": 6.3713908195495605
        }
    },
    "in_domain": {
        "error": {
            "rmse": 7.00969934463501,
            "loglikelihood": -3.463970184326172,
            "mae": 5.672563552856445
        },
        "predictive_eval": {
            "kl_div_to_data": 510.516845703125,
            "mean_diff_to_data": 5.67188835144043,
            "std_diff_to_data": 6.374088764190674
        }
    },
    "out_domain": {
        "error": {
            "rmse": 19.027999877929688,
            "loglikelihood": -8.095577239990234,
            "mae": 15.466862678527832
        },
        "predictive_eval": {
            "kl_div_to_data": 2158.89013671875,
            "mean_diff_to_data": 15.034599304199219,
            "std_diff_to_data": 6.397493362426758
        }
    }
}