{
    "train": {
        "error": {
            "rmse": 6.683422088623047,
            "loglikelihood": -3.319807767868042,
            "mae": 5.417120456695557
        },
        "predictive_eval": {
            "kl_div_to_data": 493.3350830078125,
            "mean_diff_to_data": 5.401749134063721,
            "std_diff_to_data": 6.371063709259033
        }
    },
    "in_domain": {
        "error": {
            "rmse": 6.698400497436523,
            "loglikelihood": -3.3213696479797363,
            "mae": 5.470996379852295
        },
        "predictive_eval": {
            "kl_div_to_data": 508.4195556640625,
            "mean_diff_to_data": 5.679323196411133,
            "std_diff_to_data": 6.350074291229248
        }
    },
    "out_domain": {
        "error": {
            "rmse": 18.8818302154541,
            "loglikelihood": -6.750863552093506,
            "mae": 15.344980239868164
        },
        "predictive_eval": {
            "kl_div_to_data": 2152.113037109375,
            "mean_diff_to_data": 15.000715255737305,
            "std_diff_to_data": 6.3935465812683105
        }
    }
}