{
    "train": {
        "error": {
            "rmse": 6.687705993652344,
            "loglikelihood": -3.3197479248046875,
            "mae": 5.416768550872803
        },
        "predictive_eval": {
            "kl_div_to_data": 495.5009460449219,
            "mean_diff_to_data": 5.427881240844727,
            "std_diff_to_data": 6.377851486206055
        }
    },
    "in_domain": {
        "error": {
            "rmse": 6.689462184906006,
            "loglikelihood": -3.3191909790039062,
            "mae": 5.459348201751709
        },
        "predictive_eval": {
            "kl_div_to_data": 510.7190856933594,
            "mean_diff_to_data": 5.67647647857666,
            "std_diff_to_data": 6.375311374664307
        }
    },
    "out_domain": {
        "error": {
            "rmse": 18.84679412841797,
            "loglikelihood": -6.870328426361084,
            "mae": 15.306439399719238
        },
        "predictive_eval": {
            "kl_div_to_data": 2156.2255859375,
            "mean_diff_to_data": 15.020355224609375,
            "std_diff_to_data": 6.410228729248047
        }
    }
}