{
    "train": {
        "error": {
            "rmse": 7.014443874359131,
            "loglikelihood": -3.4649109840393066,
            "mae": 5.659419536590576
        },
        "predictive_eval": {
            "kl_div_to_data": 494.0478820800781,
            "mean_diff_to_data": 5.4195146560668945,
            "std_diff_to_data": 6.364342212677002
        }
    },
    "in_domain": {
        "error": {
            "rmse": 6.994137763977051,
            "loglikelihood": -3.4677178859710693,
            "mae": 5.685841083526611
        },
        "predictive_eval": {
            "kl_div_to_data": 510.354248046875,
            "mean_diff_to_data": 5.6779866218566895,
            "std_diff_to_data": 6.374606609344482
        }
    },
    "out_domain": {
        "error": {
            "rmse": 18.928743362426758,
            "loglikelihood": -8.246441841125488,
            "mae": 15.37321662902832
        },
        "predictive_eval": {
            "kl_div_to_data": 2155.611572265625,
            "mean_diff_to_data": 15.019902229309082,
            "std_diff_to_data": 6.405449390411377
        }
    }
}