{
    "train": {
        "error": {
            "rmse": 6.678766250610352,
            "loglikelihood": -3.317983627319336,
            "mae": 5.409778118133545
        },
        "predictive_eval": {
            "kl_div_to_data": 493.3533630371094,
            "mean_diff_to_data": 5.4018049240112305,
            "std_diff_to_data": 6.371306419372559
        }
    },
    "in_domain": {
        "error": {
            "rmse": 6.686920166015625,
            "loglikelihood": -3.3191335201263428,
            "mae": 5.461493968963623
        },
        "predictive_eval": {
            "kl_div_to_data": 508.34100341796875,
            "mean_diff_to_data": 5.678669452667236,
            "std_diff_to_data": 6.350037097930908
        }
    },
    "out_domain": {
        "error": {
            "rmse": 18.845396041870117,
            "loglikelihood": -6.771164894104004,
            "mae": 15.309462547302246
        },
        "predictive_eval": {
            "kl_div_to_data": 2152.22900390625,
            "mean_diff_to_data": 15.001336097717285,
            "std_diff_to_data": 6.392718315124512
        }
    }
}