{
    "train": {
        "error": {
            "rmse": 7.05735445022583,
            "loglikelihood": -3.4743645191192627,
            "mae": 5.704875469207764
        },
        "predictive_eval": {
            "kl_div_to_data": 494.42437744140625,
            "mean_diff_to_data": 5.421310901641846,
            "std_diff_to_data": 6.366227626800537
        }
    },
    "in_domain": {
        "error": {
            "rmse": 7.0951690673828125,
            "loglikelihood": -3.484576463699341,
            "mae": 5.768662452697754
        },
        "predictive_eval": {
            "kl_div_to_data": 508.13995361328125,
            "mean_diff_to_data": 5.664060592651367,
            "std_diff_to_data": 6.3577117919921875
        }
    },
    "out_domain": {
        "error": {
            "rmse": 18.81560707092285,
            "loglikelihood": -7.7975053787231445,
            "mae": 15.300047874450684
        },
        "predictive_eval": {
            "kl_div_to_data": 2155.69775390625,
            "mean_diff_to_data": 15.024621963500977,
            "std_diff_to_data": 6.397172451019287
        }
    }
}