{
    "train": {
        "error": {
            "rmse": 6.9749627113342285,
            "loglikelihood": -3.4682223796844482,
            "mae": 5.6342902183532715
        },
        "predictive_eval": {
            "kl_div_to_data": 493.77337646484375,
            "mean_diff_to_data": 5.417295932769775,
            "std_diff_to_data": 6.355288028717041
        }
    },
    "in_domain": {
        "error": {
            "rmse": 7.004141330718994,
            "loglikelihood": -3.456317663192749,
            "mae": 5.708288669586182
        },
        "predictive_eval": {
            "kl_div_to_data": 509.3402404785156,
            "mean_diff_to_data": 5.67795991897583,
            "std_diff_to_data": 6.355316638946533
        }
    },
    "out_domain": {
        "error": {
            "rmse": 18.961681365966797,
            "loglikelihood": -7.977757930755615,
            "mae": 15.386700630187988
        },
        "predictive_eval": {
            "kl_div_to_data": 2156.008056640625,
            "mean_diff_to_data": 15.02336311340332,
            "std_diff_to_data": 6.408834457397461
        }
    }
}