{
    "train": {
        "error": {
            "rmse": 7.012361526489258,
            "loglikelihood": -3.4676849842071533,
            "mae": 5.669196128845215
        },
        "predictive_eval": {
            "kl_div_to_data": 493.0293273925781,
            "mean_diff_to_data": 5.4109697341918945,
            "std_diff_to_data": 6.362287521362305
        }
    },
    "in_domain": {
        "error": {
            "rmse": 7.029153823852539,
            "loglikelihood": -3.462095260620117,
            "mae": 5.721972942352295
        },
        "predictive_eval": {
            "kl_div_to_data": 510.58599853515625,
            "mean_diff_to_data": 5.694908142089844,
            "std_diff_to_data": 6.364083766937256
        }
    },
    "out_domain": {
        "error": {
            "rmse": 18.836278915405273,
            "loglikelihood": -8.161051750183105,
            "mae": 15.313870429992676
        },
        "predictive_eval": {
            "kl_div_to_data": 2157.26416015625,
            "mean_diff_to_data": 15.022778511047363,
            "std_diff_to_data": 6.414252281188965
        }
    }
}