{
    "train": {
        "error": {
            "rmse": 6.693788528442383,
            "loglikelihood": -3.3209171295166016,
            "mae": 5.425603866577148
        },
        "predictive_eval": {
            "kl_div_to_data": 494.1155090332031,
            "mean_diff_to_data": 5.419219493865967,
            "std_diff_to_data": 6.3591485023498535
        }
    },
    "in_domain": {
        "error": {
            "rmse": 6.699242115020752,
            "loglikelihood": -3.322748899459839,
            "mae": 5.4737677574157715
        },
        "predictive_eval": {
            "kl_div_to_data": 509.7070617675781,
            "mean_diff_to_data": 5.681994915008545,
            "std_diff_to_data": 6.360861301422119
        }
    },
    "out_domain": {
        "error": {
            "rmse": 18.836727142333984,
            "loglikelihood": -6.897668361663818,
            "mae": 15.308173179626465
        },
        "predictive_eval": {
            "kl_div_to_data": 2154.15869140625,
            "mean_diff_to_data": 15.017412185668945,
            "std_diff_to_data": 6.381774425506592
        }
    }
}