{
    "train": {
        "error": {
            "rmse": 6.675796985626221,
            "loglikelihood": -3.3174843788146973,
            "mae": 5.409011363983154
        },
        "predictive_eval": {
            "kl_div_to_data": 494.3019714355469,
            "mean_diff_to_data": 5.431944370269775,
            "std_diff_to_data": 6.35544490814209
        }
    },
    "in_domain": {
        "error": {
            "rmse": 6.691086769104004,
            "loglikelihood": -3.3197848796844482,
            "mae": 5.4654741287231445
        },
        "predictive_eval": {
            "kl_div_to_data": 509.2995300292969,
            "mean_diff_to_data": 5.6714677810668945,
            "std_diff_to_data": 6.3636250495910645
        }
    },
    "out_domain": {
        "error": {
            "rmse": 18.839632034301758,
            "loglikelihood": -6.770386695861816,
            "mae": 15.3056001663208
        },
        "predictive_eval": {
            "kl_div_to_data": 2154.24853515625,
            "mean_diff_to_data": 15.020115852355957,
            "std_diff_to_data": 6.399031162261963
        }
    }
}