{
    "train": {
        "error": {
            "rmse": 7.023492813110352,
            "loglikelihood": -3.4795963764190674,
            "mae": 5.670613765716553
        },
        "predictive_eval": {
            "kl_div_to_data": 493.62017822265625,
            "mean_diff_to_data": 5.419322967529297,
            "std_diff_to_data": 6.357232570648193
        }
    },
    "in_domain": {
        "error": {
            "rmse": 7.039290904998779,
            "loglikelihood": -3.4730076789855957,
            "mae": 5.744144916534424
        },
        "predictive_eval": {
            "kl_div_to_data": 510.42083740234375,
            "mean_diff_to_data": 5.673654079437256,
            "std_diff_to_data": 6.373376846313477
        }
    },
    "out_domain": {
        "error": {
            "rmse": 19.074914932250977,
            "loglikelihood": -8.16330337524414,
            "mae": 15.474954605102539
        },
        "predictive_eval": {
            "kl_div_to_data": 2158.7275390625,
            "mean_diff_to_data": 15.036747932434082,
            "std_diff_to_data": 6.397677898406982
        }
    }
}