{
    "train": {
        "error": {
            "rmse": 6.684500694274902,
            "loglikelihood": -3.3187148571014404,
            "mae": 5.414290428161621
        },
        "predictive_eval": {
            "kl_div_to_data": 493.3839416503906,
            "mean_diff_to_data": 5.416134834289551,
            "std_diff_to_data": 6.360367298126221
        }
    },
    "test": {
        "error": {
            "rmse": 14.147649765014648,
            "loglikelihood": -5.04714822769165,
            "mae": 10.390883445739746
        },
        "predictive_eval": {
            "kl_div_to_data": 1414.5904541015625,
            "mean_diff_to_data": 10.585826873779297,
            "std_diff_to_data": 6.397871494293213
        }
    },
    "in_domain": {
        "error": {
            "rmse": 6.6862616539001465,
            "loglikelihood": -3.3189589977264404,
            "mae": 5.461416721343994
        },
        "predictive_eval": {
            "kl_div_to_data": 509.1072998046875,
            "mean_diff_to_data": 5.6717705726623535,
            "std_diff_to_data": 6.361428260803223
        }
    },
    "out_domain": {
        "error": {
            "rmse": 18.8409423828125,
            "loglikelihood": -6.770927429199219,
            "mae": 15.309399604797363
        },
        "predictive_eval": {
            "kl_div_to_data": 2151.712646484375,
            "mean_diff_to_data": 15.002921104431152,
            "std_diff_to_data": 6.400357246398926
        }
    }
}