{
    "train": {
        "error": {
            "rmse": 6.6846232414245605,
            "loglikelihood": -3.3198933601379395,
            "mae": 5.415148735046387
        },
        "predictive_eval": {
            "kl_div_to_data": 494.4016418457031,
            "mean_diff_to_data": 5.433181285858154,
            "std_diff_to_data": 6.35544490814209
        }
    },
    "in_domain": {
        "error": {
            "rmse": 6.7008562088012695,
            "loglikelihood": -3.3218419551849365,
            "mae": 5.474412441253662
        },
        "predictive_eval": {
            "kl_div_to_data": 509.237060546875,
            "mean_diff_to_data": 5.670886039733887,
            "std_diff_to_data": 6.362926959991455
        }
    },
    "out_domain": {
        "error": {
            "rmse": 18.905914306640625,
            "loglikelihood": -6.770480632781982,
            "mae": 15.352365493774414
        },
        "predictive_eval": {
            "kl_div_to_data": 2154.50732421875,
            "mean_diff_to_data": 15.020702362060547,
            "std_diff_to_data": 6.398653984069824
        }
    }
}