{
    "train": {
        "error": {
            "rmse": 7.043037414550781,
            "loglikelihood": -3.483820676803589,
            "mae": 5.6952948570251465
        },
        "predictive_eval": {
            "kl_div_to_data": 494.4278259277344,
            "mean_diff_to_data": 5.416996955871582,
            "std_diff_to_data": 6.3638596534729
        }
    },
    "in_domain": {
        "error": {
            "rmse": 6.998204231262207,
            "loglikelihood": -3.4680206775665283,
            "mae": 5.708833694458008
        },
        "predictive_eval": {
            "kl_div_to_data": 508.56988525390625,
            "mean_diff_to_data": 5.6638031005859375,
            "std_diff_to_data": 6.353099822998047
        }
    },
    "out_domain": {
        "error": {
            "rmse": 18.925703048706055,
            "loglikelihood": -7.83888578414917,
            "mae": 15.40027141571045
        },
        "predictive_eval": {
            "kl_div_to_data": 2154.59716796875,
            "mean_diff_to_data": 15.018738746643066,
            "std_diff_to_data": 6.394994258880615
        }
    }
}