{
    "train": {
        "error": {
            "rmse": 6.683393478393555,
            "loglikelihood": -3.3185222148895264,
            "mae": 5.414299964904785
        },
        "predictive_eval": {
            "kl_div_to_data": 493.11444091796875,
            "mean_diff_to_data": 5.413599967956543,
            "std_diff_to_data": 6.361008644104004
        }
    },
    "in_domain": {
        "error": {
            "rmse": 6.686000347137451,
            "loglikelihood": -3.3189213275909424,
            "mae": 5.459507942199707
        },
        "predictive_eval": {
            "kl_div_to_data": 509.78564453125,
            "mean_diff_to_data": 5.670341491699219,
            "std_diff_to_data": 6.366464614868164
        }
    },
    "out_domain": {
        "error": {
            "rmse": 18.833951950073242,
            "loglikelihood": -6.76239013671875,
            "mae": 15.299310684204102
        },
        "predictive_eval": {
            "kl_div_to_data": 2156.77197265625,
            "mean_diff_to_data": 15.0237398147583,
            "std_diff_to_data": 6.40105676651001
        }
    }
}