{
    "train": {
        "error": {
            "rmse": 6.682246208190918,
            "loglikelihood": -3.318495512008667,
            "mae": 5.4142537117004395
        },
        "predictive_eval": {
            "kl_div_to_data": 494.11279296875,
            "mean_diff_to_data": 5.4186930656433105,
            "std_diff_to_data": 6.359797477722168
        }
    },
    "in_domain": {
        "error": {
            "rmse": 6.684840679168701,
            "loglikelihood": -3.318871259689331,
            "mae": 5.458487033843994
        },
        "predictive_eval": {
            "kl_div_to_data": 509.6910095214844,
            "mean_diff_to_data": 5.681947708129883,
            "std_diff_to_data": 6.360682487487793
        }
    },
    "out_domain": {
        "error": {
            "rmse": 18.854415893554688,
            "loglikelihood": -6.777601718902588,
            "mae": 15.31726360321045
        },
        "predictive_eval": {
            "kl_div_to_data": 2154.0986328125,
            "mean_diff_to_data": 15.017168998718262,
            "std_diff_to_data": 6.381058692932129
        }
    }
}