{
    "train": {
        "error": {
            "rmse": 6.679601669311523,
            "loglikelihood": -3.3179149627685547,
            "mae": 5.412200450897217
        },
        "predictive_eval": {
            "kl_div_to_data": 494.6804504394531,
            "mean_diff_to_data": 5.41628360748291,
            "std_diff_to_data": 6.373734951019287
        }
    },
    "in_domain": {
        "error": {
            "rmse": 6.682731628417969,
            "loglikelihood": -3.318696975708008,
            "mae": 5.457175254821777
        },
        "predictive_eval": {
            "kl_div_to_data": 509.0224914550781,
            "mean_diff_to_data": 5.674647331237793,
            "std_diff_to_data": 6.359738349914551
        }
    },
    "out_domain": {
        "error": {
            "rmse": 18.85222053527832,
            "loglikelihood": -6.77062463760376,
            "mae": 15.315385818481445
        },
        "predictive_eval": {
            "kl_div_to_data": 2155.485107421875,
            "mean_diff_to_data": 15.019238471984863,
            "std_diff_to_data": 6.3987531661987305
        }
    }
}