{
    "train": {
        "error": {
            "rmse": 6.680530548095703,
            "loglikelihood": -3.3180878162384033,
            "mae": 5.412111759185791
        },
        "predictive_eval": {
            "kl_div_to_data": 494.066162109375,
            "mean_diff_to_data": 5.428935527801514,
            "std_diff_to_data": 6.357271194458008
        }
    },
    "test": {
        "error": {
            "rmse": 14.133480072021484,
            "loglikelihood": -5.04511022567749,
            "mae": 10.37956428527832
        },
        "predictive_eval": {
            "kl_div_to_data": 1411.0218505859375,
            "mean_diff_to_data": 10.582292556762695,
            "std_diff_to_data": 6.375568389892578
        }
    },
    "in_domain": {
        "error": {
            "rmse": 6.683149337768555,
            "loglikelihood": -3.3185126781463623,
            "mae": 5.45728063583374
        },
        "predictive_eval": {
            "kl_div_to_data": 510.6103210449219,
            "mean_diff_to_data": 5.689034938812256,
            "std_diff_to_data": 6.363246917724609
        }
    },
    "out_domain": {
        "error": {
            "rmse": 18.844032287597656,
            "loglikelihood": -6.7713623046875,
            "mae": 15.3065767288208
        },
        "predictive_eval": {
            "kl_div_to_data": 2155.60302734375,
            "mean_diff_to_data": 15.016951560974121,
            "std_diff_to_data": 6.4115519523620605
        }
    }
}