{
    "sites": {
        "net_guide.net.0.weight.loc": [
            8.553161023883149e-05,
            -0.08088132739067078,
            -0.018416553735733032,
            3.9594528675079346,
            -0.03255639970302582,
            -0.005190207622945309,
            3.964808225631714,
            0.0873972699046135,
            -0.03823377937078476,
            -0.034069765359163284
        ],
        "net_guide.net.0.weight.scale": [
            0.08138372004032135,
            0.08103442192077637,
            0.08165296167135239,
            0.08054818958044052,
            0.08094321936368942,
            0.08064336329698563,
            0.08152607828378677,
            0.08124857395887375,
            0.08037501573562622,
            0.08096703886985779
        ],
        "net_guide.net.0.bias.loc": [
            -0.01921597495675087
        ],
        "net_guide.net.0.bias.scale": [
            0.09363314509391785
        ],
        "likelihood_guide.likelihood._scale.loc": [
            1.8946027755737305
        ],
        "likelihood_guide.likelihood._scale.scale": [
            0.03159171715378761
        ]
    },
    "mean_weight_scale": 0.08217779343778436,
    "min_weight_scale": 0.08037501573562622,
    "max_weight_scale": 0.09363314509391785,
    "likelihood_scale": {
        "mean": 6.654762268066406,
        "std": 0.20964613556861877
    }
}