{
    "sites": {
        "net_guide.net.0.weight.loc": [
            -0.0003554940049070865,
            -0.08089955896139145,
            -0.018889615312218666,
            3.959599018096924,
            -0.03221683204174042,
            -0.005142325069755316,
            3.964651107788086,
            0.08746165037155151,
            -0.03853325918316841,
            -0.03394302725791931
        ],
        "net_guide.net.0.weight.scale": [
            0.08120650798082352,
            0.08099615573883057,
            0.08118300884962082,
            0.08045337349176407,
            0.0810215100646019,
            0.0806361511349678,
            0.08142741024494171,
            0.08120480924844742,
            0.08026645332574844,
            0.08074440062046051
        ],
        "net_guide.net.0.bias.loc": [
            -0.019184157252311707
        ],
        "net_guide.net.0.bias.scale": [
            0.09345170110464096
        ],
        "likelihood_guide.likelihood._scale.loc": [
            1.894856333732605
        ],
        "likelihood_guide.likelihood._scale.scale": [
            0.03136025369167328
        ]
    },
    "mean_weight_scale": 0.08205377107316797,
    "min_weight_scale": 0.08026645332574844,
    "max_weight_scale": 0.09345170110464096,
    "likelihood_scale": {
        "mean": 6.655102252960205,
        "std": 0.21048173308372498
    }
}