{
    "sites": {
        "net_guide.net.0.weight.loc": [
            -0.00018819420074578375,
            -0.08094511926174164,
            -0.018777022138237953,
            3.9597129821777344,
            -0.03264709562063217,
            -0.005330347456037998,
            3.964721918106079,
            0.08731605857610703,
            -0.03845588117837906,
            -0.033984601497650146
        ],
        "net_guide.net.0.weight.scale": [
            0.0813898965716362,
            0.08100732415914536,
            0.081624835729599,
            0.08060130476951599,
            0.08121458441019058,
            0.08072622865438461,
            0.08183582872152328,
            0.0813671126961708,
            0.08048409223556519,
            0.08101757615804672
        ],
        "net_guide.net.0.bias.loc": [
            -0.019436748698353767
        ],
        "net_guide.net.0.bias.scale": [
            0.0936904102563858
        ],
        "likelihood_guide.likelihood._scale.loc": [
            1.895100712776184
        ],
        "likelihood_guide.likelihood._scale.scale": [
            0.0313730351626873
        ]
    },
    "mean_weight_scale": 0.0822690176692876,
    "min_weight_scale": 0.08048409223556519,
    "max_weight_scale": 0.0936904102563858,
    "likelihood_scale": {
        "mean": 6.654945373535156,
        "std": 0.21084335446357727
    }
}