{
    "sites": {
        "net_guide.net.0.weight.loc": [
            -0.00017738361202646047,
            -0.08073229342699051,
            -0.018589172512292862,
            3.959810733795166,
            -0.03227134421467781,
            -0.005106793716549873,
            3.964784860610962,
            0.08743784576654434,
            -0.038255490362644196,
            -0.0341000072658062
        ],
        "net_guide.net.0.weight.scale": [
            0.08149523288011551,
            0.08114209771156311,
            0.08122870326042175,
            0.08073118329048157,
            0.08097098022699356,
            0.08075616508722305,
            0.08175671100616455,
            0.08145052194595337,
            0.08059483021497726,
            0.08093289285898209
        ],
        "net_guide.net.0.bias.loc": [
            -0.019450031220912933
        ],
        "net_guide.net.0.bias.scale": [
            0.09366150945425034
        ],
        "likelihood_guide.likelihood._scale.loc": [
            1.8953197002410889
        ],
        "likelihood_guide.likelihood._scale.scale": [
            0.031160082668066025
        ]
    },
    "mean_weight_scale": 0.0822473479942842,
    "min_weight_scale": 0.08059483021497726,
    "max_weight_scale": 0.09366150945425034,
    "likelihood_scale": {
        "mean": 6.662728786468506,
        "std": 0.20604343712329865
    }
}