{
    "sites": {
        "net_guide.net.0.weight.loc": [
            1.9702824829437304e-06,
            -0.08097190409898758,
            -0.018698006868362427,
            3.959836483001709,
            -0.032488517463207245,
            -0.0051184347830712795,
            3.964447259902954,
            0.08712960034608841,
            -0.03820838779211044,
            -0.034176796674728394
        ],
        "net_guide.net.0.weight.scale": [
            0.08150374889373779,
            0.08116425573825836,
            0.0814284235239029,
            0.08071372658014297,
            0.08095883578062057,
            0.08076588809490204,
            0.08164384961128235,
            0.08156730979681015,
            0.08048377931118011,
            0.0808306559920311
        ],
        "net_guide.net.0.bias.loc": [
            -0.019044939428567886
        ],
        "net_guide.net.0.bias.scale": [
            0.09361080825328827
        ],
        "likelihood_guide.likelihood._scale.loc": [
            1.8952783346176147
        ],
        "likelihood_guide.likelihood._scale.scale": [
            0.03129071369767189
        ]
    },
    "mean_weight_scale": 0.0822428437796506,
    "min_weight_scale": 0.08048377931118011,
    "max_weight_scale": 0.09361080825328827,
    "likelihood_scale": {
        "mean": 6.658819198608398,
        "std": 0.20868179202079773
    }
}