{
    "sites": {
        "net_guide.net.0.weight.loc": [
            -0.000356034142896533,
            -0.08111213147640228,
            -0.018424369394779205,
            3.9596197605133057,
            -0.032352738082408905,
            -0.0051030730828642845,
            3.9649810791015625,
            0.08747421950101852,
            -0.03832874074578285,
            -0.03390428051352501
        ],
        "net_guide.net.0.weight.scale": [
            0.08146851509809494,
            0.08098981529474258,
            0.08148400485515594,
            0.08061879873275757,
            0.08090011775493622,
            0.08079873025417328,
            0.08165893703699112,
            0.08143632858991623,
            0.08029621839523315,
            0.08080743998289108
        ],
        "net_guide.net.0.bias.loc": [
            -0.019180798903107643
        ],
        "net_guide.net.0.bias.scale": [
            0.09361705929040909
        ],
        "likelihood_guide.likelihood._scale.loc": [
            1.8946881294250488
        ],
        "likelihood_guide.likelihood._scale.scale": [
            0.031247049570083618
        ]
    },
    "mean_weight_scale": 0.08218872411684557,
    "min_weight_scale": 0.08029621839523315,
    "max_weight_scale": 0.09361705929040909,
    "likelihood_scale": {
        "mean": 6.654482841491699,
        "std": 0.20721721649169922
    }
}