{
    "sites": {
        "net_guide.net.0.weight.loc": [
            -1.6967947885859758e-05,
            -0.0811816081404686,
            -0.01872962713241577,
            3.95993709564209,
            -0.03229377046227455,
            -0.005021375138312578,
            3.96463942527771,
            0.08721353858709335,
            -0.038156233727931976,
            -0.0341816246509552
        ],
        "net_guide.net.0.weight.scale": [
            0.08122760057449341,
            0.08099613338708878,
            0.08113110065460205,
            0.08045796304941177,
            0.08080384135246277,
            0.08053207397460938,
            0.08156270533800125,
            0.08104508370161057,
            0.08023819327354431,
            0.08070042729377747
        ],
        "net_guide.net.0.bias.loc": [
            -0.01924261823296547
        ],
        "net_guide.net.0.bias.scale": [
            0.09339650720357895
        ],
        "likelihood_guide.likelihood._scale.loc": [
            1.8953776359558105
        ],
        "likelihood_guide.likelihood._scale.scale": [
            0.03149525076150894
        ]
    },
    "mean_weight_scale": 0.08200832998210733,
    "min_weight_scale": 0.08023819327354431,
    "max_weight_scale": 0.09339650720357895,
    "likelihood_scale": {
        "mean": 6.654839038848877,
        "std": 0.20862358808517456
    }
}