{
    "predictive": {
        "kl_div": 5.668973402721083,
        "mean_diff": 3.0013012886047363,
        "var_diff": 226.9478759765625,
        "std_diff": 14.02973747253418
    },
    "predictive_in_domain": {
        "kl_div": 4.629398574978652,
        "mean_diff": 1.7801427841186523,
        "var_diff": 86.20081329345703,
        "std_diff": 8.320236206054688
    },
    "predictive_out_domain": {
        "kl_div": 10.69152118825651,
        "mean_diff": 9.717935562133789,
        "var_diff": 313.5363464355469,
        "std_diff": 16.732192993164062
    }
}