{
    "time": 164.92688059806824,
    "likelihood": {
        "mean": 13.70172119140625,
        "std": 5.0234198570251465
    }
}