{
    "time": 32222.77821612358,
    "likelihood": {
        "mean": 3.6369171142578125,
        "std": 0.7900975942611694
    }
}