{
    "test_error": {
        "rmse": 3.9869084119796754,
        "mae": 3.1731638431549074
    },
    "in_domain_error": {
        "rmse": 3.938956141471863,
        "mae": 3.1425744533538817
    },
    "out_domain_error": {
        "rmse": 4.133293867111206,
        "mae": 3.2755391120910646
    },
    "predictive": {
        "kl_div": 0.26637405157089233,
        "mean_diff": 0.2148657590150833,
        "std_diff": 1.726473331451416
    },
    "predictive_in_domain": {
        "kl_div": 0.7155865430831909,
        "mean_diff": 0.12406239658594131,
        "std_diff": 2.7470455169677734
    },
    "predictive_out_domain": {
        "kl_div": 0.021843917667865753,
        "mean_diff": 0.29237598180770874,
        "std_diff": 0.4710066616535187
    }
}