{
    "test_error": {
        "rmse": 1.7171614170074463,
        "mae": 1.3635888338088988
    },
    "in_domain_error": {
        "rmse": 1.7216072916984557,
        "mae": 1.3842243432998658
    },
    "out_domain_error": {
        "rmse": 1.7366456985473633,
        "mae": 1.4002872228622436
    },
    "predictive": {
        "kl_div": 0.9623444676399231,
        "mean_diff": 1.1202983856201172,
        "std_diff": 0.03827638924121857
    },
    "predictive_in_domain": {
        "kl_div": 1.0423672199249268,
        "mean_diff": 1.1651015281677246,
        "std_diff": 0.011769916862249374
    },
    "predictive_out_domain": {
        "kl_div": 0.9953303337097168,
        "mean_diff": 1.1293553113937378,
        "std_diff": 0.06548018008470535
    }
}