{
    "test_error": {
        "rmse": 1.7188523530960083,
        "mae": 1.3662928700447083
    },
    "in_domain_error": {
        "rmse": 1.7229012846946716,
        "mae": 1.381809163093567
    },
    "out_domain_error": {
        "rmse": 1.7422696471214294,
        "mae": 1.4016437292099
    },
    "predictive": {
        "kl_div": 0.9623444676399231,
        "standardized_mean_diff": 0.021343950182199478,
        "mean_diff": 0.030369238927960396,
        "std_diff": 0.038238804787397385
    },
    "predictive_in_domain": {
        "kl_div": 1.0423672199249268,
        "standardized_mean_diff": 0.016749553382396698,
        "mean_diff": 0.023555606603622437,
        "std_diff": 0.00962199829518795
    },
    "predictive_out_domain": {
        "kl_div": 0.9953303337097168,
        "standardized_mean_diff": 0.0039889076724648476,
        "mean_diff": 0.005460786633193493,
        "std_diff": 0.06548018008470535
    }
}