{
    "train": {
        "error": {
            "rmse": 0.6179502010345459,
            "loglikelihood": -0.9787308573722839,
            "mae": 0.4917042851448059
        },
        "predictive_eval": {
            "kl_div_to_data": 0.6258024573326111,
            "mean_diff_to_data": 0.33836886286735535,
            "std_diff_to_data": 0.2669585347175598
        }
    },
    "in_domain": {
        "error": {
            "rmse": 0.689802885055542,
            "loglikelihood": -1.0545727014541626,
            "mae": 0.5501928925514221
        },
        "predictive_eval": {
            "kl_div_to_data": 0.7052150964736938,
            "mean_diff_to_data": 0.3790266215801239,
            "std_diff_to_data": 0.2684780955314636
        }
    },
    "out_domain": {
        "error": {
            "rmse": 11.580456733703613,
            "loglikelihood": -13.624259948730469,
            "mae": 9.2479248046875
        },
        "predictive_eval": {
            "kl_div_to_data": 298.6056823730469,
            "mean_diff_to_data": 9.644721031188965,
            "std_diff_to_data": 1.8391844034194946
        }
    }
}