{
    "train": {
        "error": {
            "rmse": 0.7108561396598816,
            "loglikelihood": -1.0789546966552734,
            "mae": 0.5629691481590271
        },
        "predictive_eval": {
            "kl_div_to_data": 0.6106958985328674,
            "mean_diff_to_data": 0.3315044939517975,
            "std_diff_to_data": 0.26511937379837036
        }
    },
    "in_domain": {
        "error": {
            "rmse": 0.7580585479736328,
            "loglikelihood": -1.1553508043289185,
            "mae": 0.5970072150230408
        },
        "predictive_eval": {
            "kl_div_to_data": 0.6884626746177673,
            "mean_diff_to_data": 0.36629658937454224,
            "std_diff_to_data": 0.26408711075782776
        }
    },
    "out_domain": {
        "error": {
            "rmse": 11.916871070861816,
            "loglikelihood": -147.82350158691406,
            "mae": 9.526488304138184
        },
        "predictive_eval": {
            "kl_div_to_data": 307.7896423339844,
            "mean_diff_to_data": 9.877105712890625,
            "std_diff_to_data": 1.4581230878829956
        }
    }
}