{
    "train": {
        "error": {
            "rmse": 0.5864818692207336,
            "loglikelihood": -0.9401031732559204,
            "mae": 0.4662846624851227
        },
        "predictive_eval": {
            "kl_div_to_data": 0.5353703498840332,
            "mean_diff_to_data": 0.3076825439929962,
            "std_diff_to_data": 0.2582973539829254
        }
    },
    "in_domain": {
        "error": {
            "rmse": 0.676116406917572,
            "loglikelihood": -1.034447193145752,
            "mae": 0.5389803051948547
        },
        "predictive_eval": {
            "kl_div_to_data": 0.6450904607772827,
            "mean_diff_to_data": 0.35302770137786865,
            "std_diff_to_data": 0.25885313749313354
        }
    },
    "out_domain": {
        "error": {
            "rmse": 11.418923377990723,
            "loglikelihood": -18.65766143798828,
            "mae": 9.120634078979492
        },
        "predictive_eval": {
            "kl_div_to_data": 283.7709045410156,
            "mean_diff_to_data": 9.491219520568848,
            "std_diff_to_data": 1.3731926679611206
        }
    }
}