{
    "train": {
        "error": {
            "rmse": 0.6138056516647339,
            "loglikelihood": -0.9749437570571899,
            "mae": 0.48783665895462036
        },
        "predictive_eval": {
            "kl_div_to_data": 0.6506599187850952,
            "mean_diff_to_data": 0.3490539789199829,
            "std_diff_to_data": 0.27069172263145447
        }
    },
    "in_domain": {
        "error": {
            "rmse": 0.6945407390594482,
            "loglikelihood": -1.0597277879714966,
            "mae": 0.5486623644828796
        },
        "predictive_eval": {
            "kl_div_to_data": 0.7373260855674744,
            "mean_diff_to_data": 0.3789830207824707,
            "std_diff_to_data": 0.27256113290786743
        }
    },
    "out_domain": {
        "error": {
            "rmse": 11.855599403381348,
            "loglikelihood": -15.660199165344238,
            "mae": 9.498091697692871
        },
        "predictive_eval": {
            "kl_div_to_data": 314.3030090332031,
            "mean_diff_to_data": 9.996907234191895,
            "std_diff_to_data": 1.6556596755981445
        }
    }
}