{
    "train": {
        "error": {
            "rmse": 0.5931683778762817,
            "loglikelihood": -0.9407804608345032,
            "mae": 0.4741322696208954
        },
        "predictive_eval": {
            "kl_div_to_data": 0.5316116809844971,
            "mean_diff_to_data": 0.31349828839302063,
            "std_diff_to_data": 0.24577780067920685
        }
    },
    "in_domain": {
        "error": {
            "rmse": 0.67560213804245,
            "loglikelihood": -1.0328253507614136,
            "mae": 0.5357372164726257
        },
        "predictive_eval": {
            "kl_div_to_data": 0.6348305940628052,
            "mean_diff_to_data": 0.35605037212371826,
            "std_diff_to_data": 0.24818430840969086
        }
    },
    "out_domain": {
        "error": {
            "rmse": 11.768484115600586,
            "loglikelihood": -17.432695388793945,
            "mae": 9.41098403930664
        },
        "predictive_eval": {
            "kl_div_to_data": 306.54718017578125,
            "mean_diff_to_data": 9.834014892578125,
            "std_diff_to_data": 1.564538598060608
        }
    }
}