{
    "train": {
        "error": {
            "rmse": 0.6165624856948853,
            "loglikelihood": -0.9778094291687012,
            "mae": 0.49035516381263733
        },
        "predictive_eval": {
            "kl_div_to_data": 0.6235352158546448,
            "mean_diff_to_data": 0.3381636142730713,
            "std_diff_to_data": 0.27061718702316284
        }
    },
    "in_domain": {
        "error": {
            "rmse": 0.6890893578529358,
            "loglikelihood": -1.0529130697250366,
            "mae": 0.5488101840019226
        },
        "predictive_eval": {
            "kl_div_to_data": 0.733932375907898,
            "mean_diff_to_data": 0.3816415071487427,
            "std_diff_to_data": 0.2751986086368561
        }
    },
    "out_domain": {
        "error": {
            "rmse": 11.567951202392578,
            "loglikelihood": -21.007230758666992,
            "mae": 9.254454612731934
        },
        "predictive_eval": {
            "kl_div_to_data": 294.6610412597656,
            "mean_diff_to_data": 9.670209884643555,
            "std_diff_to_data": 1.2868974208831787
        }
    }
}