{
    "train": {
        "error": {
            "rmse": 0.6808847784996033,
            "loglikelihood": -1.0347191095352173,
            "mae": 0.5407600998878479
        },
        "predictive_eval": {
            "kl_div_to_data": 0.5806695818901062,
            "mean_diff_to_data": 0.33310264348983765,
            "std_diff_to_data": 0.2545667588710785
        }
    },
    "in_domain": {
        "error": {
            "rmse": 0.7416209578514099,
            "loglikelihood": -1.141588568687439,
            "mae": 0.5898866057395935
        },
        "predictive_eval": {
            "kl_div_to_data": 0.6942917704582214,
            "mean_diff_to_data": 0.37265780568122864,
            "std_diff_to_data": 0.25935205817222595
        }
    },
    "out_domain": {
        "error": {
            "rmse": 11.90997314453125,
            "loglikelihood": -151.3050537109375,
            "mae": 9.479113578796387
        },
        "predictive_eval": {
            "kl_div_to_data": 298.01025390625,
            "mean_diff_to_data": 9.54737377166748,
            "std_diff_to_data": 2.052614212036133
        }
    }
}