{
    "train": {
        "error": {
            "rmse": 0.586925208568573,
            "loglikelihood": -0.94073885679245,
            "mae": 0.46654602885246277
        },
        "predictive_eval": {
            "kl_div_to_data": 0.5341103672981262,
            "mean_diff_to_data": 0.3079182207584381,
            "std_diff_to_data": 0.25697872042655945
        }
    },
    "in_domain": {
        "error": {
            "rmse": 0.6761454939842224,
            "loglikelihood": -1.0348056554794312,
            "mae": 0.5388051271438599
        },
        "predictive_eval": {
            "kl_div_to_data": 0.648055911064148,
            "mean_diff_to_data": 0.3523428738117218,
            "std_diff_to_data": 0.26079389452934265
        }
    },
    "out_domain": {
        "error": {
            "rmse": 11.417074203491211,
            "loglikelihood": -18.714277267456055,
            "mae": 9.118459701538086
        },
        "predictive_eval": {
            "kl_div_to_data": 283.6339416503906,
            "mean_diff_to_data": 9.488201141357422,
            "std_diff_to_data": 1.399753212928772
        }
    }
}