{
    "train": {
        "error": {
            "rmse": 0.6159707903862,
            "loglikelihood": -0.977116584777832,
            "mae": 0.4898340702056885
        },
        "predictive_eval": {
            "kl_div_to_data": 0.6234089136123657,
            "mean_diff_to_data": 0.33791106939315796,
            "std_diff_to_data": 0.27115491032600403
        }
    },
    "in_domain": {
        "error": {
            "rmse": 0.6882744431495667,
            "loglikelihood": -1.0516443252563477,
            "mae": 0.5484720468521118
        },
        "predictive_eval": {
            "kl_div_to_data": 0.731865644454956,
            "mean_diff_to_data": 0.3823106586933136,
            "std_diff_to_data": 0.27361276745796204
        }
    },
    "out_domain": {
        "error": {
            "rmse": 11.562405586242676,
            "loglikelihood": -21.067859649658203,
            "mae": 9.251174926757812
        },
        "predictive_eval": {
            "kl_div_to_data": 295.49749755859375,
            "mean_diff_to_data": 9.684361457824707,
            "std_diff_to_data": 1.2926467657089233
        }
    }
}