{
    "train": {
        "error": {
            "rmse": 0.6975763440132141,
            "loglikelihood": -1.0604690313339233,
            "mae": 0.5532751679420471
        },
        "predictive_eval": {
            "kl_div_to_data": 0.6299588680267334,
            "mean_diff_to_data": 0.3396424353122711,
            "std_diff_to_data": 0.27291139960289
        }
    },
    "in_domain": {
        "error": {
            "rmse": 0.7630771994590759,
            "loglikelihood": -1.1619672775268555,
            "mae": 0.6039699912071228
        },
        "predictive_eval": {
            "kl_div_to_data": 0.7271965146064758,
            "mean_diff_to_data": 0.3804691731929779,
            "std_diff_to_data": 0.2730989456176758
        }
    },
    "out_domain": {
        "error": {
            "rmse": 11.763992309570312,
            "loglikelihood": -142.54742431640625,
            "mae": 9.394844055175781
        },
        "predictive_eval": {
            "kl_div_to_data": 294.6341247558594,
            "mean_diff_to_data": 9.670970916748047,
            "std_diff_to_data": 1.29160737991333
        }
    }
}