{
    "train": {
        "error": {
            "rmse": 0.6142407655715942,
            "loglikelihood": -0.9712889790534973,
            "mae": 0.4897562563419342
        },
        "predictive_eval": {
            "kl_div_to_data": 0.6068790555000305,
            "mean_diff_to_data": 0.3303316831588745,
            "std_diff_to_data": 0.264534056186676
        }
    },
    "in_domain": {
        "error": {
            "rmse": 0.6866723895072937,
            "loglikelihood": -1.0499823093414307,
            "mae": 0.5411962270736694
        },
        "predictive_eval": {
            "kl_div_to_data": 0.6913525462150574,
            "mean_diff_to_data": 0.3657110631465912,
            "std_diff_to_data": 0.265960156917572
        }
    },
    "out_domain": {
        "error": {
            "rmse": 11.807978630065918,
            "loglikelihood": -18.589313507080078,
            "mae": 9.444193840026855
        },
        "predictive_eval": {
            "kl_div_to_data": 308.06597900390625,
            "mean_diff_to_data": 9.880279541015625,
            "std_diff_to_data": 1.44742751121521
        }
    }
}