{
    "train": {
        "error": {
            "rmse": 0.6066524386405945,
            "loglikelihood": -0.9659836888313293,
            "mae": 0.4820331633090973
        },
        "predictive_eval": {
            "kl_div_to_data": 0.619591236114502,
            "mean_diff_to_data": 0.33919161558151245,
            "std_diff_to_data": 0.2643756568431854
        }
    },
    "in_domain": {
        "error": {
            "rmse": 0.6842785477638245,
            "loglikelihood": -1.046107292175293,
            "mae": 0.541776180267334
        },
        "predictive_eval": {
            "kl_div_to_data": 0.703812837600708,
            "mean_diff_to_data": 0.3715102970600128,
            "std_diff_to_data": 0.2705612778663635
        }
    },
    "out_domain": {
        "error": {
            "rmse": 11.440048217773438,
            "loglikelihood": -24.447982788085938,
            "mae": 9.134506225585938
        },
        "predictive_eval": {
            "kl_div_to_data": 286.9908142089844,
            "mean_diff_to_data": 9.525094032287598,
            "std_diff_to_data": 1.1412605047225952
        }
    }
}