{
    "train": {
        "error": {
            "rmse": 0.6136192083358765,
            "loglikelihood": -0.9752690196037292,
            "mae": 0.4877501130104065
        },
        "predictive_eval": {
            "kl_div_to_data": 0.6529743671417236,
            "mean_diff_to_data": 0.34931495785713196,
            "std_diff_to_data": 0.27159833908081055
        }
    },
    "in_domain": {
        "error": {
            "rmse": 0.6941559314727783,
            "loglikelihood": -1.0592604875564575,
            "mae": 0.5485789179801941
        },
        "predictive_eval": {
            "kl_div_to_data": 0.7336257100105286,
            "mean_diff_to_data": 0.3779168128967285,
            "std_diff_to_data": 0.27185675501823425
        }
    },
    "out_domain": {
        "error": {
            "rmse": 11.852590560913086,
            "loglikelihood": -15.551933288574219,
            "mae": 9.496424674987793
        },
        "predictive_eval": {
            "kl_div_to_data": 313.1387634277344,
            "mean_diff_to_data": 9.98159408569336,
            "std_diff_to_data": 1.6414883136749268
        }
    }
}