{
    "train": {
        "error": {
            "rmse": 0.6084619760513306,
            "loglikelihood": -0.9673348665237427,
            "mae": 0.48579177260398865
        },
        "predictive_eval": {
            "kl_div_to_data": 0.6070628762245178,
            "mean_diff_to_data": 0.3320316672325134,
            "std_diff_to_data": 0.2672673165798187
        }
    },
    "in_domain": {
        "error": {
            "rmse": 0.6980380415916443,
            "loglikelihood": -1.0622886419296265,
            "mae": 0.5499691963195801
        },
        "predictive_eval": {
            "kl_div_to_data": 0.7286925315856934,
            "mean_diff_to_data": 0.37182360887527466,
            "std_diff_to_data": 0.2701924443244934
        }
    },
    "out_domain": {
        "error": {
            "rmse": 11.735837936401367,
            "loglikelihood": -17.82611083984375,
            "mae": 9.3834867477417
        },
        "predictive_eval": {
            "kl_div_to_data": 303.9868469238281,
            "mean_diff_to_data": 9.777996063232422,
            "std_diff_to_data": 1.5917325019836426
        }
    }
}