{
    "train": {
        "error": {
            "rmse": 0.5865073204040527,
            "loglikelihood": -0.9400936961174011,
            "mae": 0.4664711654186249
        },
        "predictive_eval": {
            "kl_div_to_data": 0.5335708260536194,
            "mean_diff_to_data": 0.30734339356422424,
            "std_diff_to_data": 0.25793835520744324
        }
    },
    "test": {
        "error": {
            "rmse": 8.082629203796387,
            "loglikelihood": -9.87387752532959,
            "mae": 4.824496269226074
        },
        "predictive_eval": {
            "kl_div_to_data": 140.06015014648438,
            "mean_diff_to_data": 5.001481056213379,
            "std_diff_to_data": 0.8773489594459534
        }
    },
    "in_domain": {
        "error": {
            "rmse": 0.6761006116867065,
            "loglikelihood": -1.0344772338867188,
            "mae": 0.5388732552528381
        },
        "predictive_eval": {
            "kl_div_to_data": 0.6484471559524536,
            "mean_diff_to_data": 0.353024423122406,
            "std_diff_to_data": 0.2605888545513153
        }
    },
    "out_domain": {
        "error": {
            "rmse": 11.421332359313965,
            "loglikelihood": -18.67316246032715,
            "mae": 9.116922378540039
        },
        "predictive_eval": {
            "kl_div_to_data": 283.07830810546875,
            "mean_diff_to_data": 9.4814453125,
            "std_diff_to_data": 1.3694654703140259
        }
    }
}