{
    "train": {
        "error": {
            "rmse": 0.6068927645683289,
            "loglikelihood": -0.9663426280021667,
            "mae": 0.48251453042030334
        },
        "predictive_eval": {
            "kl_div_to_data": 0.6270538568496704,
            "mean_diff_to_data": 0.34060150384902954,
            "std_diff_to_data": 0.2684888541698456
        }
    },
    "in_domain": {
        "error": {
            "rmse": 0.684959352016449,
            "loglikelihood": -1.047092318534851,
            "mae": 0.5423099398612976
        },
        "predictive_eval": {
            "kl_div_to_data": 0.7044481039047241,
            "mean_diff_to_data": 0.3726731836795807,
            "std_diff_to_data": 0.2701374590396881
        }
    },
    "out_domain": {
        "error": {
            "rmse": 11.436046600341797,
            "loglikelihood": -24.542612075805664,
            "mae": 9.13104248046875
        },
        "predictive_eval": {
            "kl_div_to_data": 287.1610412597656,
            "mean_diff_to_data": 9.529065132141113,
            "std_diff_to_data": 1.1282786130905151
        }
    }
}