{
    "train": {
        "error": {
            "rmse": 0.6978889107704163,
            "loglikelihood": -1.0591109991073608,
            "mae": 0.553939163684845
        },
        "predictive_eval": {
            "kl_div_to_data": 0.6228649020195007,
            "mean_diff_to_data": 0.3359995186328888,
            "std_diff_to_data": 0.2684250473976135
        }
    },
    "in_domain": {
        "error": {
            "rmse": 0.7833842039108276,
            "loglikelihood": -1.1942576169967651,
            "mae": 0.6228861808776855
        },
        "predictive_eval": {
            "kl_div_to_data": 0.7073358297348022,
            "mean_diff_to_data": 0.3797577917575836,
            "std_diff_to_data": 0.2696462869644165
        }
    },
    "out_domain": {
        "error": {
            "rmse": 11.847758293151855,
            "loglikelihood": -141.08079528808594,
            "mae": 9.432340621948242
        },
        "predictive_eval": {
            "kl_div_to_data": 300.5765380859375,
            "mean_diff_to_data": 9.684881210327148,
            "std_diff_to_data": 1.834914207458496
        }
    }
}