{
    "train": {
        "error": {
            "rmse": 0.6072327494621277,
            "loglikelihood": -0.9620341658592224,
            "mae": 0.48264217376708984
        },
        "predictive_eval": {
            "kl_div_to_data": 0.5813406109809875,
            "mean_diff_to_data": 0.33221977949142456,
            "std_diff_to_data": 0.25464221835136414
        }
    },
    "in_domain": {
        "error": {
            "rmse": 0.6800637245178223,
            "loglikelihood": -1.041093111038208,
            "mae": 0.5400973558425903
        },
        "predictive_eval": {
            "kl_div_to_data": 0.6942805051803589,
            "mean_diff_to_data": 0.3731265962123871,
            "std_diff_to_data": 0.25893670320510864
        }
    },
    "out_domain": {
        "error": {
            "rmse": 11.610373497009277,
            "loglikelihood": -12.40153980255127,
            "mae": 9.2755126953125
        },
        "predictive_eval": {
            "kl_div_to_data": 296.77850341796875,
            "mean_diff_to_data": 9.544408798217773,
            "std_diff_to_data": 1.962801456451416
        }
    }
}