{
    "train": {
        "error": {
            "rmse": 0.6140591502189636,
            "loglikelihood": -0.9790175557136536,
            "mae": 0.4883403480052948
        },
        "predictive_eval": {
            "kl_div_to_data": 0.6319429874420166,
            "mean_diff_to_data": 0.3332788646221161,
            "std_diff_to_data": 0.27734923362731934
        }
    },
    "in_domain": {
        "error": {
            "rmse": 0.7015463709831238,
            "loglikelihood": -1.0705409049987793,
            "mae": 0.5562421679496765
        },
        "predictive_eval": {
            "kl_div_to_data": 0.7517989277839661,
            "mean_diff_to_data": 0.38452425599098206,
            "std_diff_to_data": 0.28054454922676086
        }
    },
    "out_domain": {
        "error": {
            "rmse": 11.777176856994629,
            "loglikelihood": -14.123588562011719,
            "mae": 9.426080703735352
        },
        "predictive_eval": {
            "kl_div_to_data": 310.5851745605469,
            "mean_diff_to_data": 9.896411895751953,
            "std_diff_to_data": 1.787322998046875
        }
    }
}