{
    "train": {
        "error": {
            "rmse": 0.6070177555084229,
            "loglikelihood": -0.9612933993339539,
            "mae": 0.48218971490859985
        },
        "predictive_eval": {
            "kl_div_to_data": 0.5771995782852173,
            "mean_diff_to_data": 0.33192092180252075,
            "std_diff_to_data": 0.2541249394416809
        }
    },
    "in_domain": {
        "error": {
            "rmse": 0.6798056364059448,
            "loglikelihood": -1.0399564504623413,
            "mae": 0.5400494933128357
        },
        "predictive_eval": {
            "kl_div_to_data": 0.6900150179862976,
            "mean_diff_to_data": 0.3719523251056671,
            "std_diff_to_data": 0.25813108682632446
        }
    },
    "out_domain": {
        "error": {
            "rmse": 11.616913795471191,
            "loglikelihood": -12.34375,
            "mae": 9.28149700164795
        },
        "predictive_eval": {
            "kl_div_to_data": 296.9543151855469,
            "mean_diff_to_data": 9.53695297241211,
            "std_diff_to_data": 2.009462594985962
        }
    }
}