{
    "train": {
        "error": {
            "rmse": 0.6089925765991211,
            "loglikelihood": -0.9675716757774353,
            "mae": 0.4861164093017578
        },
        "predictive_eval": {
            "kl_div_to_data": 0.6018845438957214,
            "mean_diff_to_data": 0.329833984375,
            "std_diff_to_data": 0.2664196193218231
        }
    },
    "in_domain": {
        "error": {
            "rmse": 0.6980640888214111,
            "loglikelihood": -1.062598705291748,
            "mae": 0.5501536726951599
        },
        "predictive_eval": {
            "kl_div_to_data": 0.7239106297492981,
            "mean_diff_to_data": 0.37099573016166687,
            "std_diff_to_data": 0.2688670754432678
        }
    },
    "out_domain": {
        "error": {
            "rmse": 11.736730575561523,
            "loglikelihood": -18.068063735961914,
            "mae": 9.383810997009277
        },
        "predictive_eval": {
            "kl_div_to_data": 302.6507568359375,
            "mean_diff_to_data": 9.766264915466309,
            "std_diff_to_data": 1.527960181236267
        }
    }
}