{
    "train_error": {
        "rmse": 2.1331522464752197,
        "loglikelihood": -3.0746686458587646
    },
    "test_error": {
        "rmse": 143.3556365966797,
        "loglikelihood": -6782.5380859375
    },
    "in_domain_error": {
        "rmse": 2.3946714401245117,
        "loglikelihood": -3.6274776458740234
    },
    "out_domain_error": {
        "rmse": 202.7748565673828,
        "loglikelihood": -13286.748046875
    },
    "predictive_train": {
        "kl_div": 1.3725825548171997,
        "mean_diff": 1.3155357837677002,
        "std_diff": 0.04130939021706581
    },
    "predictive_test": {
        "kl_div": 10727.568359375,
        "mean_diff": 104.20832824707031,
        "std_diff": 0.13885216414928436
    },
    "predictive_in_domain": {
        "kl_div": 2.605578899383545,
        "mean_diff": 1.8410742282867432,
        "std_diff": 0.03965836763381958
    },
    "predictive_out_domain": {
        "kl_div": 21084.470703125,
        "mean_diff": 203.11920166015625,
        "std_diff": 0.23733872175216675
    }
}