{
    "test_error": {
        "rmse": 3.5414114236831664,
        "mae": 2.2819353342056274
    },
    "in_domain_error": {
        "rmse": 1.0196630597114562,
        "mae": 0.8343725562095642
    },
    "out_domain_error": {
        "rmse": 10.160509300231933,
        "mae": 8.383904457092285
    },
    "predictive": {
        "kl_div": -1.0,
        "mean_diff": 2.322244644165039,
        "std_diff": 1.5208476781845093
    },
    "predictive_in_domain": {
        "kl_div": -1.0,
        "mean_diff": 0.8454024791717529,
        "std_diff": 1.0112526416778564
    },
    "predictive_out_domain": {
        "kl_div": -1.0,
        "mean_diff": 8.555453300476074,
        "std_diff": 4.206764221191406
    }
}