{
    "test_error": {
        "rmse": 1.5014740586280824,
        "mae": 1.151530635356903
    },
    "in_domain_error": {
        "rmse": 1.4426495671272277,
        "mae": 1.1568448305130006
    },
    "out_domain_error": {
        "rmse": 1.4418267607688904,
        "mae": 1.2238810658454895
    },
    "predictive": {
        "kl_div": 97.31351470947266,
        "mean_diff": 1.1608542203903198,
        "std_diff": 2.710252523422241
    },
    "predictive_in_domain": {
        "kl_div": 68.11859130859375,
        "mean_diff": 1.1332378387451172,
        "std_diff": 2.3564951419830322
    },
    "predictive_out_domain": {
        "kl_div": 473.413818359375,
        "mean_diff": 1.1420015096664429,
        "std_diff": 7.237781047821045
    }
}