{
    "train": {
        "error": {
            "rmse": 0.8177815079689026,
            "loglikelihood": -1.3019084930419922,
            "mae": 0.6495318412780762
        },
        "predictive_eval": {
            "kl_div_to_data": 2.3215672969818115,
            "mean_diff_to_data": 0.595443844795227,
            "std_diff_to_data": 0.6263059377670288
        }
    },
    "in_domain": {
        "error": {
            "rmse": 1.0183472633361816,
            "loglikelihood": -1.4437187910079956,
            "mae": 0.806976318359375
        },
        "predictive_eval": {
            "kl_div_to_data": 2.832235336303711,
            "mean_diff_to_data": 0.7132073640823364,
            "std_diff_to_data": 0.6297206878662109
        }
    },
    "out_domain": {
        "error": {
            "rmse": 15.262401580810547,
            "loglikelihood": -32.162479400634766,
            "mae": 12.132983207702637
        },
        "predictive_eval": {
            "kl_div_to_data": 487.48748779296875,
            "mean_diff_to_data": 12.517005920410156,
            "std_diff_to_data": 1.4410265684127808
        }
    }
}