{
    "train": {
        "error": {
            "rmse": 0.810771107673645,
            "loglikelihood": -1.298925518989563,
            "mae": 0.6457460522651672
        },
        "predictive_eval": {
            "kl_div_to_data": 2.345041036605835,
            "mean_diff_to_data": 0.5809324979782104,
            "std_diff_to_data": 0.6324443817138672
        }
    },
    "in_domain": {
        "error": {
            "rmse": 1.0190056562423706,
            "loglikelihood": -1.4447516202926636,
            "mae": 0.808216392993927
        },
        "predictive_eval": {
            "kl_div_to_data": 2.839177131652832,
            "mean_diff_to_data": 0.7081571221351624,
            "std_diff_to_data": 0.6300230622291565
        }
    },
    "out_domain": {
        "error": {
            "rmse": 15.018759727478027,
            "loglikelihood": -31.211944580078125,
            "mae": 11.964337348937988
        },
        "predictive_eval": {
            "kl_div_to_data": 473.05712890625,
            "mean_diff_to_data": 12.332199096679688,
            "std_diff_to_data": 1.436856746673584
        }
    }
}