{
    "train": {
        "error": {
            "rmse": 0.9536397457122803,
            "loglikelihood": -1.373053789138794,
            "mae": 0.7607123255729675
        },
        "predictive_eval": {
            "kl_div_to_data": 2.18446946144104,
            "mean_diff_to_data": 0.5617138743400574,
            "std_diff_to_data": 0.6168588995933533
        }
    },
    "in_domain": {
        "error": {
            "rmse": 1.1427494287490845,
            "loglikelihood": -1.5868648290634155,
            "mae": 0.9033555388450623
        },
        "predictive_eval": {
            "kl_div_to_data": 2.7192845344543457,
            "mean_diff_to_data": 0.6863157749176025,
            "std_diff_to_data": 0.6184273958206177
        }
    },
    "out_domain": {
        "error": {
            "rmse": 15.301582336425781,
            "loglikelihood": -121.44908905029297,
            "mae": 12.191962242126465
        },
        "predictive_eval": {
            "kl_div_to_data": 478.7857360839844,
            "mean_diff_to_data": 12.441024780273438,
            "std_diff_to_data": 1.4176892042160034
        }
    }
}