{
    "train": {
        "error": {
            "rmse": 0.985348105430603,
            "loglikelihood": -1.4050016403198242,
            "mae": 0.7844428420066833
        },
        "predictive_eval": {
            "kl_div_to_data": 2.335927724838257,
            "mean_diff_to_data": 0.5801063776016235,
            "std_diff_to_data": 0.6310767531394958
        }
    },
    "in_domain": {
        "error": {
            "rmse": 1.1465035676956177,
            "loglikelihood": -1.5978401899337769,
            "mae": 0.9117835164070129
        },
        "predictive_eval": {
            "kl_div_to_data": 2.847973585128784,
            "mean_diff_to_data": 0.7103778123855591,
            "std_diff_to_data": 0.6307303309440613
        }
    },
    "out_domain": {
        "error": {
            "rmse": 15.133697509765625,
            "loglikelihood": -117.0862808227539,
            "mae": 12.05687141418457
        },
        "predictive_eval": {
            "kl_div_to_data": 472.6553649902344,
            "mean_diff_to_data": 12.326663970947266,
            "std_diff_to_data": 1.432388186454773
        }
    }
}