{
    "train": {
        "error": {
            "rmse": 0.8014127612113953,
            "loglikelihood": -1.2866307497024536,
            "mae": 0.6374808549880981
        },
        "predictive_eval": {
            "kl_div_to_data": 2.1510543823242188,
            "mean_diff_to_data": 0.5533048510551453,
            "std_diff_to_data": 0.612614631652832
        }
    },
    "in_domain": {
        "error": {
            "rmse": 1.012794852256775,
            "loglikelihood": -1.4379223585128784,
            "mae": 0.8035830855369568
        },
        "predictive_eval": {
            "kl_div_to_data": 2.7279834747314453,
            "mean_diff_to_data": 0.6814597249031067,
            "std_diff_to_data": 0.6160366535186768
        }
    },
    "out_domain": {
        "error": {
            "rmse": 15.344764709472656,
            "loglikelihood": -33.10551452636719,
            "mae": 12.238728523254395
        },
        "predictive_eval": {
            "kl_div_to_data": 490.52593994140625,
            "mean_diff_to_data": 12.584504127502441,
            "std_diff_to_data": 1.407550573348999
        }
    }
}