{
    "train": {
        "error": {
            "rmse": 0.7966347336769104,
            "loglikelihood": -1.286167025566101,
            "mae": 0.6335596442222595
        },
        "predictive_eval": {
            "kl_div_to_data": 2.1574580669403076,
            "mean_diff_to_data": 0.5477907657623291,
            "std_diff_to_data": 0.6211665272712708
        }
    },
    "in_domain": {
        "error": {
            "rmse": 0.981852650642395,
            "loglikelihood": -1.4141676425933838,
            "mae": 0.7823341488838196
        },
        "predictive_eval": {
            "kl_div_to_data": 2.6358091831207275,
            "mean_diff_to_data": 0.662910521030426,
            "std_diff_to_data": 0.6223670840263367
        }
    },
    "out_domain": {
        "error": {
            "rmse": 15.041528701782227,
            "loglikelihood": -30.970937728881836,
            "mae": 11.963025093078613
        },
        "predictive_eval": {
            "kl_div_to_data": 472.28106689453125,
            "mean_diff_to_data": 12.34752368927002,
            "std_diff_to_data": 1.4427580833435059
        }
    }
}