{
    "train": {
        "error": {
            "rmse": 0.7974479794502258,
            "loglikelihood": -1.2869946956634521,
            "mae": 0.634364664554596
        },
        "predictive_eval": {
            "kl_div_to_data": 2.1556713581085205,
            "mean_diff_to_data": 0.545001745223999,
            "std_diff_to_data": 0.6234948635101318
        }
    },
    "in_domain": {
        "error": {
            "rmse": 0.981971800327301,
            "loglikelihood": -1.4153245687484741,
            "mae": 0.7829831838607788
        },
        "predictive_eval": {
            "kl_div_to_data": 2.6367242336273193,
            "mean_diff_to_data": 0.6610397696495056,
            "std_diff_to_data": 0.623638391494751
        }
    },
    "out_domain": {
        "error": {
            "rmse": 15.04030704498291,
            "loglikelihood": -31.09366226196289,
            "mae": 11.961941719055176
        },
        "predictive_eval": {
            "kl_div_to_data": 472.6545104980469,
            "mean_diff_to_data": 12.351214408874512,
            "std_diff_to_data": 1.446881890296936
        }
    }
}