{
    "train": {
        "error": {
            "rmse": 0.8010308742523193,
            "loglikelihood": -1.2860658168792725,
            "mae": 0.636997640132904
        },
        "predictive_eval": {
            "kl_div_to_data": 2.1464507579803467,
            "mean_diff_to_data": 0.553889274597168,
            "std_diff_to_data": 0.6112939715385437
        }
    },
    "in_domain": {
        "error": {
            "rmse": 1.0120818614959717,
            "loglikelihood": -1.4371751546859741,
            "mae": 0.8036678433418274
        },
        "predictive_eval": {
            "kl_div_to_data": 2.720384120941162,
            "mean_diff_to_data": 0.6830232739448547,
            "std_diff_to_data": 0.6127578020095825
        }
    },
    "out_domain": {
        "error": {
            "rmse": 15.343764305114746,
            "loglikelihood": -33.101806640625,
            "mae": 12.238344192504883
        },
        "predictive_eval": {
            "kl_div_to_data": 490.28955078125,
            "mean_diff_to_data": 12.583986282348633,
            "std_diff_to_data": 1.404617428779602
        }
    }
}