{
    "train": {
        "error": {
            "rmse": 0.8167921900749207,
            "loglikelihood": -1.3011244535446167,
            "mae": 0.6487283706665039
        },
        "predictive_eval": {
            "kl_div_to_data": 2.3254003524780273,
            "mean_diff_to_data": 0.5943819284439087,
            "std_diff_to_data": 0.6276114583015442
        }
    },
    "in_domain": {
        "error": {
            "rmse": 1.017224907875061,
            "loglikelihood": -1.4433553218841553,
            "mae": 0.8062049150466919
        },
        "predictive_eval": {
            "kl_div_to_data": 2.829591751098633,
            "mean_diff_to_data": 0.7112491130828857,
            "std_diff_to_data": 0.6302942037582397
        }
    },
    "out_domain": {
        "error": {
            "rmse": 15.26042366027832,
            "loglikelihood": -32.04163360595703,
            "mae": 12.13043212890625
        },
        "predictive_eval": {
            "kl_div_to_data": 487.5421142578125,
            "mean_diff_to_data": 12.519865036010742,
            "std_diff_to_data": 1.4346810579299927
        }
    }
}