{
    "train": {
        "error": {
            "rmse": 0.9646081328392029,
            "loglikelihood": -1.383664608001709,
            "mae": 0.7642363905906677
        },
        "predictive_eval": {
            "kl_div_to_data": 2.1385457515716553,
            "mean_diff_to_data": 0.5459085702896118,
            "std_diff_to_data": 0.619479775428772
        }
    },
    "in_domain": {
        "error": {
            "rmse": 1.1560713052749634,
            "loglikelihood": -1.6008564233779907,
            "mae": 0.921447217464447
        },
        "predictive_eval": {
            "kl_div_to_data": 2.625857353210449,
            "mean_diff_to_data": 0.6620711088180542,
            "std_diff_to_data": 0.61979740858078
        }
    },
    "out_domain": {
        "error": {
            "rmse": 15.136478424072266,
            "loglikelihood": -121.44701385498047,
            "mae": 12.03553295135498
        },
        "predictive_eval": {
            "kl_div_to_data": 472.1788635253906,
            "mean_diff_to_data": 12.345429420471191,
            "std_diff_to_data": 1.4410470724105835
        }
    }
}