{
    "train": {
        "error": {
            "rmse": 0.8114749789237976,
            "loglikelihood": -1.299447774887085,
            "mae": 0.6464841365814209
        },
        "predictive_eval": {
            "kl_div_to_data": 2.341420888900757,
            "mean_diff_to_data": 0.5838198065757751,
            "std_diff_to_data": 0.6307404637336731
        }
    },
    "in_domain": {
        "error": {
            "rmse": 1.0205472707748413,
            "loglikelihood": -1.4463595151901245,
            "mae": 0.8096442222595215
        },
        "predictive_eval": {
            "kl_div_to_data": 2.8323960304260254,
            "mean_diff_to_data": 0.7097269892692566,
            "std_diff_to_data": 0.6287859082221985
        }
    },
    "out_domain": {
        "error": {
            "rmse": 15.019111633300781,
            "loglikelihood": -31.17881202697754,
            "mae": 11.964256286621094
        },
        "predictive_eval": {
            "kl_div_to_data": 472.66815185546875,
            "mean_diff_to_data": 12.328801155090332,
            "std_diff_to_data": 1.4341386556625366
        }
    }
}