{
    "train": {
        "error": {
            "rmse": 0.9580944776535034,
            "loglikelihood": -1.3769654035568237,
            "mae": 0.7619480490684509
        },
        "predictive_eval": {
            "kl_div_to_data": 2.167384147644043,
            "mean_diff_to_data": 0.5553008317947388,
            "std_diff_to_data": 0.6160387992858887
        }
    },
    "in_domain": {
        "error": {
            "rmse": 1.1415570974349976,
            "loglikelihood": -1.5791035890579224,
            "mae": 0.9075589179992676
        },
        "predictive_eval": {
            "kl_div_to_data": 2.7310218811035156,
            "mean_diff_to_data": 0.6856776475906372,
            "std_diff_to_data": 0.6139014363288879
        }
    },
    "out_domain": {
        "error": {
            "rmse": 15.427542686462402,
            "loglikelihood": -125.34034729003906,
            "mae": 12.307520866394043
        },
        "predictive_eval": {
            "kl_div_to_data": 490.711181640625,
            "mean_diff_to_data": 12.587550163269043,
            "std_diff_to_data": 1.423467993736267
        }
    }
}