{
    "train": {
        "error": {
            "rmse": 0.7951735258102417,
            "loglikelihood": -1.2828501462936401,
            "mae": 0.6319283246994019
        },
        "predictive_eval": {
            "kl_div_to_data": 2.1883628368377686,
            "mean_diff_to_data": 0.5619016885757446,
            "std_diff_to_data": 0.6171458959579468
        }
    },
    "in_domain": {
        "error": {
            "rmse": 1.0212849378585815,
            "loglikelihood": -1.4455807209014893,
            "mae": 0.805640697479248
        },
        "predictive_eval": {
            "kl_div_to_data": 2.7104039192199707,
            "mean_diff_to_data": 0.6834631562232971,
            "std_diff_to_data": 0.6181361079216003
        }
    },
    "out_domain": {
        "error": {
            "rmse": 15.140419960021973,
            "loglikelihood": -32.40134048461914,
            "mae": 12.055262565612793
        },
        "predictive_eval": {
            "kl_div_to_data": 478.63006591796875,
            "mean_diff_to_data": 12.441145896911621,
            "std_diff_to_data": 1.415731430053711
        }
    }
}