{
    "test_error": {
        "rmse": 0.6883273661136627,
        "mae": 0.5389913082122803
    },
    "in_domain_error": {
        "rmse": 0.4257009029388428,
        "mae": 0.31019613444805144
    },
    "out_domain_error": {
        "rmse": 1.3268086731433868,
        "mae": 1.0491461783647538
    },
    "predictive": {
        "kl_div": 97.498046875,
        "mean_diff": 0.4449022114276886,
        "std_diff": 2.6082699298858643
    },
    "predictive_in_domain": {
        "kl_div": 13.66053295135498,
        "mean_diff": 0.22953802347183228,
        "std_diff": 1.0992597341537476
    },
    "predictive_out_domain": {
        "kl_div": 363.0037841796875,
        "mean_diff": 1.114544153213501,
        "std_diff": 6.375858783721924
    }
}