{
    "test_error": {
        "rmse": 1.7165660858154297,
        "mae": 1.369900357723236
    },
    "in_domain_error": {
        "rmse": 1.7203672528266907,
        "mae": 1.382543158531189
    },
    "out_domain_error": {
        "rmse": 1.7491802096366882,
        "mae": 1.4136800408363341
    },
    "predictive": {
        "kl_div": 1.045647144317627,
        "mean_diff": 1.1450549364089966,
        "std_diff": 0.24499092996120453
    },
    "predictive_in_domain": {
        "kl_div": 0.9436333179473877,
        "mean_diff": 1.0983586311340332,
        "std_diff": 0.048187464475631714
    },
    "predictive_out_domain": {
        "kl_div": 1.2174824476242065,
        "mean_diff": 1.1716904640197754,
        "std_diff": 0.43288636207580566
    }
}