{"test_rmse": 3517.85859375, "kl_div_normal_baseline": 121.39675830863082, "kl_div_predictive": 5.978499077661735, "mean_diff_normal_baseline": 346.6731262207031, "mean_diff_predictive": 461.6592712402344, "var_diff_normal_baseline": 2442.99560546875, "var_diff_predictive": 9264837.0, "std_diff_normal_baseline": 48.46459197998047, "std_diff_predictive": 2950.39111328125}