{
    "test_error": {
        "rmse": 1.4859238862991333,
        "mae": 1.1924868822097778
    },
    "in_domain_error": {
        "rmse": 1.5441662430763246,
        "mae": 1.204703676700592
    },
    "out_domain_error": {
        "rmse": 1.5129014015197755,
        "mae": 1.2234845876693725
    },
    "predictive": {
        "kl_div": 7.133995532989502,
        "mean_diff": 1.131972074508667,
        "std_diff": 0.9424899816513062
    },
    "predictive_in_domain": {
        "kl_div": 5.3731255531311035,
        "mean_diff": 1.1139342784881592,
        "std_diff": 0.6993229985237122
    },
    "predictive_out_domain": {
        "kl_div": 14.948163032531738,
        "mean_diff": 1.1507405042648315,
        "std_diff": 1.7646621465682983
    }
}