{
    "train": {
        "error": {
            "rmse": 0.4349723160266876,
            "loglikelihood": -0.6227063536643982,
            "mae": 0.34409695863723755
        },
        "predictive_eval": {
            "kl_div_to_data": 1.3880382776260376,
            "mean_diff_to_data": 0.33832135796546936,
            "std_diff_to_data": 0.1916998326778412
        }
    },
    "test": {
        "error": {
            "rmse": 20.294597625732422,
            "loglikelihood": -51.95191192626953,
            "mae": 11.960976600646973
        },
        "predictive_eval": {
            "kl_div_to_data": 2489.41845703125,
            "mean_diff_to_data": 12.818528175354004,
            "std_diff_to_data": 1.0738251209259033
        }
    },
    "in_domain": {
        "error": {
            "rmse": 0.9171724915504456,
            "loglikelihood": -1.821279525756836,
            "mae": 0.7058467268943787
        },
        "predictive_eval": {
            "kl_div_to_data": 5.143074989318848,
            "mean_diff_to_data": 0.6995433568954468,
            "std_diff_to_data": 0.19744782149791718
        }
    },
    "out_domain": {
        "error": {
            "rmse": 28.729616165161133,
            "loglikelihood": -103.07026672363281,
            "mae": 23.256391525268555
        },
        "predictive_eval": {
            "kl_div_to_data": 4922.69189453125,
            "mean_diff_to_data": 24.02975082397461,
            "std_diff_to_data": 1.7997807264328003
        }
    }
}