{"test_rmse": 111831.0828125, "kl_div_normal_baseline": 123.12284670717284, "kl_div_predictive": 6.115981652245618, "mean_diff_normal_baseline": 373.5186767578125, "mean_diff_predictive": 21758.177734375, "var_diff_normal_baseline": 3349.16845703125, "var_diff_predictive": 9407195136.0, "std_diff_normal_baseline": 56.91954803466797, "std_diff_predictive": 95449.234375}