{
    "test_error": {
        "rmse": 1.7326318860054015,
        "mae": 1.3809457778930665
    },
    "in_domain_error": {
        "rmse": 1.7276239275932312,
        "mae": 1.3855215787887574
    },
    "out_domain_error": {
        "rmse": 1.755778443813324,
        "mae": 1.4915966868400574
    },
    "predictive": {
        "kl_div": 2.635331869125366,
        "mean_diff": 1.1698867082595825,
        "std_diff": 1.3794376850128174
    },
    "predictive_in_domain": {
        "kl_div": 1.683444857597351,
        "mean_diff": 1.1401662826538086,
        "std_diff": 0.9135168194770813
    },
    "predictive_out_domain": {
        "kl_div": 3.128109931945801,
        "mean_diff": 1.1791635751724243,
        "std_diff": 1.646279215812683
    }
}