{
    "test_error": {
        "rmse": 1.194089901447296,
        "mae": 0.9334835171699524
    },
    "in_domain_error": {
        "rmse": 1.0474334478378295,
        "mae": 0.8220390737056732
    },
    "out_domain_error": {
        "rmse": 1.9352370977401734,
        "mae": 1.4284851133823395
    },
    "predictive": {
        "kl_div": 6.9542036056518555,
        "mean_diff": 0.4601708948612213,
        "std_diff": 2.164144515991211
    },
    "predictive_in_domain": {
        "kl_div": 0.24111495912075043,
        "mean_diff": 0.2413536012172699,
        "std_diff": 0.39182060956954956
    },
    "predictive_out_domain": {
        "kl_div": 21.697315216064453,
        "mean_diff": 1.2773985862731934,
        "std_diff": 5.786618232727051
    }
}