{
    "test_error": {
        "rmse": 4.013779664039612,
        "mae": 3.1952553510665895
    },
    "in_domain_error": {
        "rmse": 3.9489752054214478,
        "mae": 3.1592084169387817
    },
    "out_domain_error": {
        "rmse": 4.740813732147217,
        "mae": 4.096532607078553
    },
    "predictive": {
        "kl_div": 0.23113717138767242,
        "mean_diff": 0.514022171497345,
        "std_diff": 1.5708612203598022
    },
    "predictive_in_domain": {
        "kl_div": 0.6361274123191833,
        "mean_diff": 0.25985953211784363,
        "std_diff": 2.6117300987243652
    },
    "predictive_out_domain": {
        "kl_div": 1.0229703187942505,
        "mean_diff": 2.0187735557556152,
        "std_diff": 4.025356769561768
    }
}