{"test_rmse": 938.9031814575195, "kl_div_normal_baseline": 123.13386742162892, "kl_div_predictive": 5.53436606079932, "mean_diff_normal_baseline": 372.05224609375, "mean_diff_predictive": 32.1114501953125, "var_diff_normal_baseline": 2633.14697265625, "var_diff_predictive": 767799.4375, "std_diff_normal_baseline": 50.35832595825195, "std_diff_predictive": 812.8322143554688}