{"test_rmse": 310.55486793518065, "kl_div_normal_baseline": 123.66616973820815, "kl_div_predictive": 7.718761865615229, "mean_diff_normal_baseline": 41.615787506103516, "mean_diff_predictive": 67.66620635986328, "var_diff_normal_baseline": 150446.25, "var_diff_predictive": 97540.8984375, "std_diff_normal_baseline": 386.9072570800781, "std_diff_predictive": 102.78520202636719}