{
    "test_error": {
        "rmse": 1.7210299730300904,
        "mae": 1.3738926529884339
    },
    "in_domain_error": {
        "rmse": 1.719920003414154,
        "mae": 1.3816417336463929
    },
    "out_domain_error": {
        "rmse": 1.7533953547477723,
        "mae": 1.4194458842277526
    },
    "predictive": {
        "kl_div": 1.108391523361206,
        "mean_diff": 1.137464165687561,
        "std_diff": 0.3620656132698059
    },
    "predictive_in_domain": {
        "kl_div": 0.9448480010032654,
        "mean_diff": 1.0973693132400513,
        "std_diff": 0.07097948342561722
    },
    "predictive_out_domain": {
        "kl_div": 1.4166476726531982,
        "mean_diff": 1.1695092916488647,
        "std_diff": 0.6557353734970093
    }
}