{
    "test_error": {
        "rmse": 2.0073622107505797,
        "mae": 1.5653107643127442
    },
    "in_domain_error": {
        "rmse": 1.724402368068695,
        "mae": 1.387304139137268
    },
    "out_domain_error": {
        "rmse": 3.2252973318099976,
        "mae": 2.580925464630127
    },
    "predictive": {
        "kl_div": 1.7190781831741333,
        "standardized_mean_diff": 0.4184868633747101,
        "mean_diff": 0.6729611754417419,
        "std_diff": 0.25717097520828247
    },
    "predictive_in_domain": {
        "kl_div": 1.0183680057525635,
        "standardized_mean_diff": 0.15055686235427856,
        "mean_diff": 0.22150327265262604,
        "std_diff": 0.07021090388298035
    },
    "predictive_out_domain": {
        "kl_div": 4.647192001342773,
        "standardized_mean_diff": 1.1470799446105957,
        "mean_diff": 1.9603453874588013,
        "std_diff": 0.4311119318008423
    }
}