{"test_rmse": 20993.614697265624, "kl_div_normal_baseline": 121.21850536209692, "kl_div_predictive": 6.00812812541252, "mean_diff_normal_baseline": 337.69000244140625, "mean_diff_predictive": 2830.470458984375, "var_diff_normal_baseline": 1773.907470703125, "var_diff_predictive": 284471072.0, "std_diff_normal_baseline": 41.16929626464844, "std_diff_predictive": 16554.916015625}