{
    "test_error": {
        "rmse": 2.440848469734192,
        "mae": 1.9365919828414917
    },
    "in_domain_error": {
        "rmse": 2.421878123283386,
        "mae": 1.9391270637512208
    },
    "out_domain_error": {
        "rmse": 2.494310736656189,
        "mae": 1.9864542365074158
    },
    "predictive": {
        "kl_div": 0.43749237060546875,
        "mean_diff": 1.131005883216858,
        "std_diff": 0.811920166015625
    },
    "predictive_in_domain": {
        "kl_div": 0.5327885746955872,
        "mean_diff": 1.1316970586776733,
        "std_diff": 0.9502418637275696
    },
    "predictive_out_domain": {
        "kl_div": 0.4033142030239105,
        "mean_diff": 1.186835765838623,
        "std_diff": 0.6815008521080017
    }
}