{
    "train": {
        "error": {
            "rmse": 6.73189640045166,
            "loglikelihood": -3.3261559009552,
            "mae": 5.286802768707275
        },
        "predictive_eval": {
            "kl_div_to_data": 178.20428466796875,
            "mean_diff_to_data": 5.282061576843262,
            "std_diff_to_data": 6.206409454345703
        }
    },
    "in_domain": {
        "error": {
            "rmse": 6.796574592590332,
            "loglikelihood": -3.3370511531829834,
            "mae": 5.289795875549316
        },
        "predictive_eval": {
            "kl_div_to_data": 187.295654296875,
            "mean_diff_to_data": 5.480198383331299,
            "std_diff_to_data": 6.226133823394775
        }
    },
    "out_domain": {
        "error": {
            "rmse": 19.425168991088867,
            "loglikelihood": -6.965513706207275,
            "mae": 15.68254280090332
        },
        "predictive_eval": {
            "kl_div_to_data": 859.6387329101562,
            "mean_diff_to_data": 15.88767147064209,
            "std_diff_to_data": 6.257137775421143
        }
    }
}