{
    "train": {
        "error": {
            "rmse": 6.73749303817749,
            "loglikelihood": -3.3269059658050537,
            "mae": 5.29116153717041
        },
        "predictive_eval": {
            "kl_div_to_data": 178.9982147216797,
            "mean_diff_to_data": 5.281259059906006,
            "std_diff_to_data": 6.225399494171143
        }
    },
    "in_domain": {
        "error": {
            "rmse": 6.794183731079102,
            "loglikelihood": -3.3353264331817627,
            "mae": 5.291125774383545
        },
        "predictive_eval": {
            "kl_div_to_data": 186.81167602539062,
            "mean_diff_to_data": 5.476276397705078,
            "std_diff_to_data": 6.217751979827881
        }
    },
    "out_domain": {
        "error": {
            "rmse": 19.41750717163086,
            "loglikelihood": -6.947842597961426,
            "mae": 15.670428276062012
        },
        "predictive_eval": {
            "kl_div_to_data": 859.3385009765625,
            "mean_diff_to_data": 15.876699447631836,
            "std_diff_to_data": 6.2479424476623535
        }
    }
}