{
    "train": {
        "error": {
            "rmse": 6.728929042816162,
            "loglikelihood": -3.3254311084747314,
            "mae": 5.284280776977539
        },
        "predictive_eval": {
            "kl_div_to_data": 178.79615783691406,
            "mean_diff_to_data": 5.294879913330078,
            "std_diff_to_data": 6.216742038726807
        }
    },
    "in_domain": {
        "error": {
            "rmse": 6.797786235809326,
            "loglikelihood": -3.335285186767578,
            "mae": 5.291475772857666
        },
        "predictive_eval": {
            "kl_div_to_data": 186.99606323242188,
            "mean_diff_to_data": 5.470268249511719,
            "std_diff_to_data": 6.222825050354004
        }
    },
    "out_domain": {
        "error": {
            "rmse": 19.43016815185547,
            "loglikelihood": -6.953118801116943,
            "mae": 15.685235977172852
        },
        "predictive_eval": {
            "kl_div_to_data": 858.2589721679688,
            "mean_diff_to_data": 15.865614891052246,
            "std_diff_to_data": 6.250687122344971
        }
    }
}