{
    "train": {
        "error": {
            "rmse": 6.740729808807373,
            "loglikelihood": -3.3271729946136475,
            "mae": 5.292087078094482
        },
        "predictive_eval": {
            "kl_div_to_data": 178.71728515625,
            "mean_diff_to_data": 5.278925895690918,
            "std_diff_to_data": 6.219886779785156
        }
    },
    "in_domain": {
        "error": {
            "rmse": 6.799693584442139,
            "loglikelihood": -3.336494207382202,
            "mae": 5.295263767242432
        },
        "predictive_eval": {
            "kl_div_to_data": 186.82888793945312,
            "mean_diff_to_data": 5.478119373321533,
            "std_diff_to_data": 6.217360496520996
        }
    },
    "out_domain": {
        "error": {
            "rmse": 19.39862060546875,
            "loglikelihood": -6.954414367675781,
            "mae": 15.657877922058105
        },
        "predictive_eval": {
            "kl_div_to_data": 859.0994262695312,
            "mean_diff_to_data": 15.870490074157715,
            "std_diff_to_data": 6.260693073272705
        }
    }
}