{
    "train": {
        "error": {
            "rmse": 6.729788780212402,
            "loglikelihood": -3.3253097534179688,
            "mae": 5.284088134765625
        },
        "predictive_eval": {
            "kl_div_to_data": 178.94692993164062,
            "mean_diff_to_data": 5.28347635269165,
            "std_diff_to_data": 6.215771675109863
        }
    },
    "test": {
        "error": {
            "rmse": 14.530501365661621,
            "loglikelihood": -5.141429424285889,
            "mae": 10.466989517211914
        },
        "predictive_eval": {
            "kl_div_to_data": 554.8680419921875,
            "mean_diff_to_data": 11.157341957092285,
            "std_diff_to_data": 6.2371296882629395
        }
    },
    "in_domain": {
        "error": {
            "rmse": 6.804238796234131,
            "loglikelihood": -3.336533308029175,
            "mae": 5.29360294342041
        },
        "predictive_eval": {
            "kl_div_to_data": 187.33944702148438,
            "mean_diff_to_data": 5.487758636474609,
            "std_diff_to_data": 6.218924522399902
        }
    },
    "out_domain": {
        "error": {
            "rmse": 19.395267486572266,
            "loglikelihood": -6.949658393859863,
            "mae": 15.655471801757812
        },
        "predictive_eval": {
            "kl_div_to_data": 859.8695678710938,
            "mean_diff_to_data": 15.881390571594238,
            "std_diff_to_data": 6.25125789642334
        }
    }
}