{
    "train": {
        "error": {
            "rmse": 6.740908622741699,
            "loglikelihood": -3.327361822128296,
            "mae": 5.293773651123047
        },
        "predictive_eval": {
            "kl_div_to_data": 178.42831420898438,
            "mean_diff_to_data": 5.282161712646484,
            "std_diff_to_data": 6.203104019165039
        }
    },
    "in_domain": {
        "error": {
            "rmse": 6.798573017120361,
            "loglikelihood": -3.3366425037384033,
            "mae": 5.295238018035889
        },
        "predictive_eval": {
            "kl_div_to_data": 187.29672241210938,
            "mean_diff_to_data": 5.489714622497559,
            "std_diff_to_data": 6.219061374664307
        }
    },
    "out_domain": {
        "error": {
            "rmse": 19.397504806518555,
            "loglikelihood": -6.950838565826416,
            "mae": 15.660101890563965
        },
        "predictive_eval": {
            "kl_div_to_data": 859.3258056640625,
            "mean_diff_to_data": 15.872564315795898,
            "std_diff_to_data": 6.259758949279785
        }
    }
}