{
    "train": {
        "error": {
            "rmse": 6.746351718902588,
            "loglikelihood": -3.328415632247925,
            "mae": 5.298375606536865
        },
        "predictive_eval": {
            "kl_div_to_data": 178.19259643554688,
            "mean_diff_to_data": 5.271419048309326,
            "std_diff_to_data": 6.209322929382324
        }
    },
    "in_domain": {
        "error": {
            "rmse": 6.803499698638916,
            "loglikelihood": -3.3365166187286377,
            "mae": 5.293086528778076
        },
        "predictive_eval": {
            "kl_div_to_data": 186.6296844482422,
            "mean_diff_to_data": 5.475259780883789,
            "std_diff_to_data": 6.2124457359313965
        }
    },
    "out_domain": {
        "error": {
            "rmse": 19.42452049255371,
            "loglikelihood": -7.075108528137207,
            "mae": 15.6705961227417
        },
        "predictive_eval": {
            "kl_div_to_data": 858.90625,
            "mean_diff_to_data": 15.875044822692871,
            "std_diff_to_data": 6.250179290771484
        }
    }
}