{
    "train": {
        "error": {
            "rmse": 6.733203411102295,
            "loglikelihood": -3.3259193897247314,
            "mae": 5.2883148193359375
        },
        "predictive_eval": {
            "kl_div_to_data": 178.42274475097656,
            "mean_diff_to_data": 5.283680438995361,
            "std_diff_to_data": 6.20819091796875
        }
    },
    "in_domain": {
        "error": {
            "rmse": 6.794619083404541,
            "loglikelihood": -3.3352696895599365,
            "mae": 5.285558223724365
        },
        "predictive_eval": {
            "kl_div_to_data": 186.60888671875,
            "mean_diff_to_data": 5.482597827911377,
            "std_diff_to_data": 6.203084468841553
        }
    },
    "out_domain": {
        "error": {
            "rmse": 19.41436195373535,
            "loglikelihood": -6.954105377197266,
            "mae": 15.667563438415527
        },
        "predictive_eval": {
            "kl_div_to_data": 859.0982055664062,
            "mean_diff_to_data": 15.871644020080566,
            "std_diff_to_data": 6.254680156707764
        }
    }
}