{
    "train": {
        "error": {
            "rmse": 6.73966121673584,
            "loglikelihood": -3.3279755115509033,
            "mae": 5.291241645812988
        },
        "predictive_eval": {
            "kl_div_to_data": 179.05393981933594,
            "mean_diff_to_data": 5.2961602210998535,
            "std_diff_to_data": 6.221786022186279
        }
    },
    "in_domain": {
        "error": {
            "rmse": 6.799397945404053,
            "loglikelihood": -3.336430311203003,
            "mae": 5.288550853729248
        },
        "predictive_eval": {
            "kl_div_to_data": 187.0409698486328,
            "mean_diff_to_data": 5.479286193847656,
            "std_diff_to_data": 6.217658996582031
        }
    },
    "out_domain": {
        "error": {
            "rmse": 19.432601928710938,
            "loglikelihood": -6.941152095794678,
            "mae": 15.677413940429688
        },
        "predictive_eval": {
            "kl_div_to_data": 858.6942749023438,
            "mean_diff_to_data": 15.860430717468262,
            "std_diff_to_data": 6.24806022644043
        }
    }
}