{
    "train": {
        "error": {
            "rmse": 6.731417179107666,
            "loglikelihood": -3.325599431991577,
            "mae": 5.285510540008545
        },
        "predictive_eval": {
            "kl_div_to_data": 178.91175842285156,
            "mean_diff_to_data": 5.279294967651367,
            "std_diff_to_data": 6.227496147155762
        }
    },
    "test": {
        "error": {
            "rmse": 14.528058052062988,
            "loglikelihood": -5.139039039611816,
            "mae": 10.466093063354492
        },
        "predictive_eval": {
            "kl_div_to_data": 555.0121459960938,
            "mean_diff_to_data": 11.15221118927002,
            "std_diff_to_data": 6.248976707458496
        }
    },
    "in_domain": {
        "error": {
            "rmse": 6.790027618408203,
            "loglikelihood": -3.3343236446380615,
            "mae": 5.282217025756836
        },
        "predictive_eval": {
            "kl_div_to_data": 186.6842041015625,
            "mean_diff_to_data": 5.4720892906188965,
            "std_diff_to_data": 6.210263729095459
        }
    },
    "out_domain": {
        "error": {
            "rmse": 19.40767478942871,
            "loglikelihood": -6.952414035797119,
            "mae": 15.659010887145996
        },
        "predictive_eval": {
            "kl_div_to_data": 859.9182739257812,
            "mean_diff_to_data": 15.873863220214844,
            "std_diff_to_data": 6.270837783813477
        }
    }
}