{
    "train": {
        "error": {
            "rmse": 6.73382568359375,
            "loglikelihood": -3.3261830806732178,
            "mae": 5.286859035491943
        },
        "predictive_eval": {
            "kl_div_to_data": 179.06590270996094,
            "mean_diff_to_data": 5.287662029266357,
            "std_diff_to_data": 6.216836929321289
        }
    },
    "in_domain": {
        "error": {
            "rmse": 6.791644096374512,
            "loglikelihood": -3.334315061569214,
            "mae": 5.284434795379639
        },
        "predictive_eval": {
            "kl_div_to_data": 187.0724334716797,
            "mean_diff_to_data": 5.479700565338135,
            "std_diff_to_data": 6.222427845001221
        }
    },
    "out_domain": {
        "error": {
            "rmse": 19.414575576782227,
            "loglikelihood": -6.949214458465576,
            "mae": 15.672515869140625
        },
        "predictive_eval": {
            "kl_div_to_data": 859.454345703125,
            "mean_diff_to_data": 15.87202262878418,
            "std_diff_to_data": 6.257349014282227
        }
    }
}