{
    "train": {
        "error": {
            "rmse": 6.732300758361816,
            "loglikelihood": -3.325864553451538,
            "mae": 5.287885665893555
        },
        "predictive_eval": {
            "kl_div_to_data": 178.82984924316406,
            "mean_diff_to_data": 5.291376113891602,
            "std_diff_to_data": 6.212344169616699
        }
    },
    "in_domain": {
        "error": {
            "rmse": 6.801646709442139,
            "loglikelihood": -3.3364715576171875,
            "mae": 5.294973850250244
        },
        "predictive_eval": {
            "kl_div_to_data": 186.5034637451172,
            "mean_diff_to_data": 5.467123985290527,
            "std_diff_to_data": 6.220646381378174
        }
    },
    "out_domain": {
        "error": {
            "rmse": 19.40269660949707,
            "loglikelihood": -6.95034646987915,
            "mae": 15.659808158874512
        },
        "predictive_eval": {
            "kl_div_to_data": 858.5049438476562,
            "mean_diff_to_data": 15.867826461791992,
            "std_diff_to_data": 6.256288051605225
        }
    }
}