{
    "train": {
        "error": {
            "rmse": 6.7322163581848145,
            "loglikelihood": -3.326054334640503,
            "mae": 5.284392356872559
        },
        "predictive_eval": {
            "kl_div_to_data": 178.5089111328125,
            "mean_diff_to_data": 5.284380912780762,
            "std_diff_to_data": 6.220192909240723
        }
    },
    "in_domain": {
        "error": {
            "rmse": 6.798939228057861,
            "loglikelihood": -3.3361408710479736,
            "mae": 5.292762279510498
        },
        "predictive_eval": {
            "kl_div_to_data": 186.8385772705078,
            "mean_diff_to_data": 5.48598051071167,
            "std_diff_to_data": 6.208004474639893
        }
    },
    "out_domain": {
        "error": {
            "rmse": 19.425092697143555,
            "loglikelihood": -6.96429443359375,
            "mae": 15.680174827575684
        },
        "predictive_eval": {
            "kl_div_to_data": 859.5887451171875,
            "mean_diff_to_data": 15.875070571899414,
            "std_diff_to_data": 6.252612113952637
        }
    }
}