{
    "train": {
        "error": {
            "rmse": 6.732487201690674,
            "loglikelihood": -3.325843095779419,
            "mae": 5.285136699676514
        },
        "predictive_eval": {
            "kl_div_to_data": 178.09498596191406,
            "mean_diff_to_data": 5.2782793045043945,
            "std_diff_to_data": 6.204099178314209
        }
    },
    "in_domain": {
        "error": {
            "rmse": 6.8016862869262695,
            "loglikelihood": -3.336228132247925,
            "mae": 5.293952465057373
        },
        "predictive_eval": {
            "kl_div_to_data": 186.6619110107422,
            "mean_diff_to_data": 5.4743757247924805,
            "std_diff_to_data": 6.208491325378418
        }
    },
    "out_domain": {
        "error": {
            "rmse": 19.420997619628906,
            "loglikelihood": -6.958984375,
            "mae": 15.678479194641113
        },
        "predictive_eval": {
            "kl_div_to_data": 860.2061157226562,
            "mean_diff_to_data": 15.884406089782715,
            "std_diff_to_data": 6.260937690734863
        }
    }
}