{
    "train": {
        "error": {
            "rmse": 6.73604679107666,
            "loglikelihood": -3.326305389404297,
            "mae": 5.288703441619873
        },
        "predictive_eval": {
            "kl_div_to_data": 178.17294311523438,
            "mean_diff_to_data": 5.271218776702881,
            "std_diff_to_data": 6.208712100982666
        }
    },
    "in_domain": {
        "error": {
            "rmse": 6.795213222503662,
            "loglikelihood": -3.3351943492889404,
            "mae": 5.2887773513793945
        },
        "predictive_eval": {
            "kl_div_to_data": 186.63038635253906,
            "mean_diff_to_data": 5.47492790222168,
            "std_diff_to_data": 6.212692737579346
        }
    },
    "out_domain": {
        "error": {
            "rmse": 19.395273208618164,
            "loglikelihood": -6.9476542472839355,
            "mae": 15.655591011047363
        },
        "predictive_eval": {
            "kl_div_to_data": 858.8579711914062,
            "mean_diff_to_data": 15.87505054473877,
            "std_diff_to_data": 6.2493577003479
        }
    }
}