{
    "train": {
        "error": {
            "rmse": 6.7387003898620605,
            "loglikelihood": -3.327486515045166,
            "mae": 5.291467189788818
        },
        "predictive_eval": {
            "kl_div_to_data": 179.09324645996094,
            "mean_diff_to_data": 5.277403831481934,
            "std_diff_to_data": 6.234007835388184
        }
    },
    "in_domain": {
        "error": {
            "rmse": 6.80154275894165,
            "loglikelihood": -3.3369462490081787,
            "mae": 5.293717861175537
        },
        "predictive_eval": {
            "kl_div_to_data": 187.04586791992188,
            "mean_diff_to_data": 5.474878787994385,
            "std_diff_to_data": 6.2295331954956055
        }
    },
    "out_domain": {
        "error": {
            "rmse": 19.416568756103516,
            "loglikelihood": -6.957351207733154,
            "mae": 15.668253898620605
        },
        "predictive_eval": {
            "kl_div_to_data": 858.8421020507812,
            "mean_diff_to_data": 15.865156173706055,
            "std_diff_to_data": 6.261139869689941
        }
    }
}