{
    "train": {
        "error": {
            "rmse": 6.7399115562438965,
            "loglikelihood": -3.32916259765625,
            "mae": 5.292140007019043
        },
        "predictive_eval": {
            "kl_div_to_data": 179.27186584472656,
            "mean_diff_to_data": 5.2912092208862305,
            "std_diff_to_data": 6.234977722167969
        }
    },
    "in_domain": {
        "error": {
            "rmse": 6.8144636154174805,
            "loglikelihood": -3.339845657348633,
            "mae": 5.2979817390441895
        },
        "predictive_eval": {
            "kl_div_to_data": 186.7584686279297,
            "mean_diff_to_data": 5.482971668243408,
            "std_diff_to_data": 6.210851669311523
        }
    },
    "out_domain": {
        "error": {
            "rmse": 19.418413162231445,
            "loglikelihood": -6.981192111968994,
            "mae": 15.681174278259277
        },
        "predictive_eval": {
            "kl_div_to_data": 859.6115112304688,
            "mean_diff_to_data": 15.873412132263184,
            "std_diff_to_data": 6.258581161499023
        }
    }
}