{
    "train": {
        "error": {
            "rmse": 6.735385417938232,
            "loglikelihood": -3.3268043994903564,
            "mae": 5.286511421203613
        },
        "predictive_eval": {
            "kl_div_to_data": 178.41139221191406,
            "mean_diff_to_data": 5.271268367767334,
            "std_diff_to_data": 6.220315933227539
        }
    },
    "in_domain": {
        "error": {
            "rmse": 6.795654773712158,
            "loglikelihood": -3.3352551460266113,
            "mae": 5.2840681076049805
        },
        "predictive_eval": {
            "kl_div_to_data": 187.04547119140625,
            "mean_diff_to_data": 5.482093811035156,
            "std_diff_to_data": 6.216106414794922
        }
    },
    "out_domain": {
        "error": {
            "rmse": 19.410795211791992,
            "loglikelihood": -6.951989650726318,
            "mae": 15.668713569641113
        },
        "predictive_eval": {
            "kl_div_to_data": 858.8494873046875,
            "mean_diff_to_data": 15.870842933654785,
            "std_diff_to_data": 6.245584964752197
        }
    }
}