{
    "train": {
        "error": {
            "rmse": 6.737796306610107,
            "loglikelihood": -3.326847791671753,
            "mae": 5.29269552230835
        },
        "predictive_eval": {
            "kl_div_to_data": 178.8364715576172,
            "mean_diff_to_data": 5.285195827484131,
            "std_diff_to_data": 6.217769145965576
        }
    },
    "in_domain": {
        "error": {
            "rmse": 6.801919460296631,
            "loglikelihood": -3.3373444080352783,
            "mae": 5.2972941398620605
        },
        "predictive_eval": {
            "kl_div_to_data": 186.7364044189453,
            "mean_diff_to_data": 5.466299057006836,
            "std_diff_to_data": 6.214165210723877
        }
    },
    "out_domain": {
        "error": {
            "rmse": 19.40000343322754,
            "loglikelihood": -6.958811283111572,
            "mae": 15.655723571777344
        },
        "predictive_eval": {
            "kl_div_to_data": 860.1477661132812,
            "mean_diff_to_data": 15.879148483276367,
            "std_diff_to_data": 6.269003868103027
        }
    }
}