{
    "train": {
        "error": {
            "rmse": 6.736384391784668,
            "loglikelihood": -3.3263778686523438,
            "mae": 5.291719913482666
        },
        "predictive_eval": {
            "kl_div_to_data": 178.60659790039062,
            "mean_diff_to_data": 5.279062271118164,
            "std_diff_to_data": 6.215726852416992
        }
    },
    "test": {
        "error": {
            "rmse": 14.534822463989258,
            "loglikelihood": -5.141019344329834,
            "mae": 10.466751098632812
        },
        "predictive_eval": {
            "kl_div_to_data": 554.4691162109375,
            "mean_diff_to_data": 11.152563095092773,
            "std_diff_to_data": 6.233037948608398
        }
    },
    "in_domain": {
        "error": {
            "rmse": 6.794449806213379,
            "loglikelihood": -3.3349976539611816,
            "mae": 5.28666877746582
        },
        "predictive_eval": {
            "kl_div_to_data": 187.22303771972656,
            "mean_diff_to_data": 5.476928234100342,
            "std_diff_to_data": 6.231770038604736
        }
    },
    "out_domain": {
        "error": {
            "rmse": 19.403358459472656,
            "loglikelihood": -6.948097229003906,
            "mae": 15.659883499145508
        },
        "predictive_eval": {
            "kl_div_to_data": 858.8653564453125,
            "mean_diff_to_data": 15.870365142822266,
            "std_diff_to_data": 6.259645462036133
        }
    }
}