{
    "train": {
        "error": {
            "rmse": 6.737240314483643,
            "loglikelihood": -3.3282527923583984,
            "mae": 5.2911787033081055
        },
        "predictive_eval": {
            "kl_div_to_data": 178.62962341308594,
            "mean_diff_to_data": 5.286982536315918,
            "std_diff_to_data": 6.21427059173584
        }
    },
    "in_domain": {
        "error": {
            "rmse": 6.8016157150268555,
            "loglikelihood": -3.3397252559661865,
            "mae": 5.297344207763672
        },
        "predictive_eval": {
            "kl_div_to_data": 187.01707458496094,
            "mean_diff_to_data": 5.483248710632324,
            "std_diff_to_data": 6.21198034286499
        }
    },
    "out_domain": {
        "error": {
            "rmse": 19.453296661376953,
            "loglikelihood": -7.045162200927734,
            "mae": 15.713464736938477
        },
        "predictive_eval": {
            "kl_div_to_data": 857.5723876953125,
            "mean_diff_to_data": 15.8589506149292,
            "std_diff_to_data": 6.253306865692139
        }
    }
}