{
    "train": {
        "error": {
            "rmse": 6.729754447937012,
            "loglikelihood": -3.3253612518310547,
            "mae": 5.283477306365967
        },
        "predictive_eval": {
            "kl_div_to_data": 179.1739959716797,
            "mean_diff_to_data": 5.289135932922363,
            "std_diff_to_data": 6.223780632019043
        }
    },
    "test": {
        "error": {
            "rmse": 14.540262222290039,
            "loglikelihood": -5.142155170440674,
            "mae": 10.481158256530762
        },
        "predictive_eval": {
            "kl_div_to_data": 555.2607421875,
            "mean_diff_to_data": 11.161954879760742,
            "std_diff_to_data": 6.249503135681152
        }
    },
    "in_domain": {
        "error": {
            "rmse": 6.802621841430664,
            "loglikelihood": -3.3362438678741455,
            "mae": 5.291869640350342
        },
        "predictive_eval": {
            "kl_div_to_data": 187.80844116210938,
            "mean_diff_to_data": 5.4796061515808105,
            "std_diff_to_data": 6.242735385894775
        }
    },
    "out_domain": {
        "error": {
            "rmse": 19.414661407470703,
            "loglikelihood": -6.958230495452881,
            "mae": 15.668060302734375
        },
        "predictive_eval": {
            "kl_div_to_data": 859.1085815429688,
            "mean_diff_to_data": 15.872773170471191,
            "std_diff_to_data": 6.255806922912598
        }
    }
}