{
    "train": {
        "error": {
            "rmse": 6.7386040687561035,
            "loglikelihood": -3.327434539794922,
            "mae": 5.294494152069092
        },
        "predictive_eval": {
            "kl_div_to_data": 178.5513153076172,
            "mean_diff_to_data": 5.281383037567139,
            "std_diff_to_data": 6.211130142211914
        }
    },
    "in_domain": {
        "error": {
            "rmse": 6.80661153793335,
            "loglikelihood": -3.3377788066864014,
            "mae": 5.2950615882873535
        },
        "predictive_eval": {
            "kl_div_to_data": 187.06764221191406,
            "mean_diff_to_data": 5.476810932159424,
            "std_diff_to_data": 6.219937324523926
        }
    },
    "out_domain": {
        "error": {
            "rmse": 19.42163848876953,
            "loglikelihood": -6.969418525695801,
            "mae": 15.680337905883789
        },
        "predictive_eval": {
            "kl_div_to_data": 859.4489135742188,
            "mean_diff_to_data": 15.877443313598633,
            "std_diff_to_data": 6.252407550811768
        }
    }
}