{
    "train": {
        "error": {
            "rmse": 6.739106178283691,
            "loglikelihood": -3.327862501144409,
            "mae": 5.292047023773193
        },
        "predictive_eval": {
            "kl_div_to_data": 178.83180236816406,
            "mean_diff_to_data": 5.291538238525391,
            "std_diff_to_data": 6.212343692779541
        }
    },
    "in_domain": {
        "error": {
            "rmse": 6.804241180419922,
            "loglikelihood": -3.3379886150360107,
            "mae": 5.29793643951416
        },
        "predictive_eval": {
            "kl_div_to_data": 186.46823120117188,
            "mean_diff_to_data": 5.466214656829834,
            "std_diff_to_data": 6.219943523406982
        }
    },
    "out_domain": {
        "error": {
            "rmse": 19.421701431274414,
            "loglikelihood": -6.921628475189209,
            "mae": 15.679367065429688
        },
        "predictive_eval": {
            "kl_div_to_data": 858.5670776367188,
            "mean_diff_to_data": 15.868654251098633,
            "std_diff_to_data": 6.255908012390137
        }
    }
}