{
    "train": {
        "error": {
            "rmse": 6.736758708953857,
            "loglikelihood": -3.326857805252075,
            "mae": 5.291568756103516
        },
        "predictive_eval": {
            "kl_div_to_data": 178.90972900390625,
            "mean_diff_to_data": 5.293549060821533,
            "std_diff_to_data": 6.211044788360596
        }
    },
    "in_domain": {
        "error": {
            "rmse": 6.800522327423096,
            "loglikelihood": -3.3362972736358643,
            "mae": 5.2916741371154785
        },
        "predictive_eval": {
            "kl_div_to_data": 186.6993408203125,
            "mean_diff_to_data": 5.4738898277282715,
            "std_diff_to_data": 6.2074127197265625
        }
    },
    "out_domain": {
        "error": {
            "rmse": 19.418697357177734,
            "loglikelihood": -6.961574077606201,
            "mae": 15.6788330078125
        },
        "predictive_eval": {
            "kl_div_to_data": 860.0355224609375,
            "mean_diff_to_data": 15.875005722045898,
            "std_diff_to_data": 6.264690399169922
        }
    }
}