{
    "train": {
        "error": {
            "rmse": 6.736227512359619,
            "loglikelihood": -3.3263471126556396,
            "mae": 5.28840970993042
        },
        "predictive_eval": {
            "kl_div_to_data": 179.14060974121094,
            "mean_diff_to_data": 5.289416790008545,
            "std_diff_to_data": 6.231460094451904
        }
    },
    "in_domain": {
        "error": {
            "rmse": 6.799458026885986,
            "loglikelihood": -3.335756778717041,
            "mae": 5.29102087020874
        },
        "predictive_eval": {
            "kl_div_to_data": 186.84934997558594,
            "mean_diff_to_data": 5.4795002937316895,
            "std_diff_to_data": 6.217390537261963
        }
    },
    "out_domain": {
        "error": {
            "rmse": 19.399179458618164,
            "loglikelihood": -6.941195964813232,
            "mae": 15.656895637512207
        },
        "predictive_eval": {
            "kl_div_to_data": 858.7752685546875,
            "mean_diff_to_data": 15.861879348754883,
            "std_diff_to_data": 6.256686687469482
        }
    }
}