{
    "train": {
        "error": {
            "rmse": 6.7329607009887695,
            "loglikelihood": -3.325967788696289,
            "mae": 5.289502143859863
        },
        "predictive_eval": {
            "kl_div_to_data": 178.8254852294922,
            "mean_diff_to_data": 5.289888381958008,
            "std_diff_to_data": 6.2165703773498535
        }
    },
    "in_domain": {
        "error": {
            "rmse": 6.804013729095459,
            "loglikelihood": -3.3365066051483154,
            "mae": 5.294677257537842
        },
        "predictive_eval": {
            "kl_div_to_data": 187.16995239257812,
            "mean_diff_to_data": 5.478209972381592,
            "std_diff_to_data": 6.217549800872803
        }
    },
    "out_domain": {
        "error": {
            "rmse": 19.42072296142578,
            "loglikelihood": -6.958662509918213,
            "mae": 15.679720878601074
        },
        "predictive_eval": {
            "kl_div_to_data": 859.36865234375,
            "mean_diff_to_data": 15.878077507019043,
            "std_diff_to_data": 6.2381415367126465
        }
    }
}