{
    "train": {
        "error": {
            "rmse": 6.731905460357666,
            "loglikelihood": -3.3256771564483643,
            "mae": 5.285450458526611
        },
        "predictive_eval": {
            "kl_div_to_data": 178.68814086914062,
            "mean_diff_to_data": 5.272921085357666,
            "std_diff_to_data": 6.2222700119018555
        }
    },
    "test": {
        "error": {
            "rmse": 14.551292419433594,
            "loglikelihood": -5.145994186401367,
            "mae": 10.478521347045898
        },
        "predictive_eval": {
            "kl_div_to_data": 555.0912475585938,
            "mean_diff_to_data": 11.16003704071045,
            "std_diff_to_data": 6.2390642166137695
        }
    },
    "in_domain": {
        "error": {
            "rmse": 6.794773578643799,
            "loglikelihood": -3.335054874420166,
            "mae": 5.287776470184326
        },
        "predictive_eval": {
            "kl_div_to_data": 187.35382080078125,
            "mean_diff_to_data": 5.484394550323486,
            "std_diff_to_data": 6.226670265197754
        }
    },
    "out_domain": {
        "error": {
            "rmse": 19.41310691833496,
            "loglikelihood": -6.959720134735107,
            "mae": 15.669995307922363
        },
        "predictive_eval": {
            "kl_div_to_data": 859.7802734375,
            "mean_diff_to_data": 15.882633209228516,
            "std_diff_to_data": 6.250349521636963
        }
    }
}