{
    "train": {
        "error": {
            "rmse": 6.742010593414307,
            "loglikelihood": -3.32822847366333,
            "mae": 5.293882369995117
        },
        "predictive_eval": {
            "kl_div_to_data": 178.75965881347656,
            "mean_diff_to_data": 5.268763542175293,
            "std_diff_to_data": 6.230167865753174
        }
    },
    "in_domain": {
        "error": {
            "rmse": 6.809929847717285,
            "loglikelihood": -3.339460849761963,
            "mae": 5.301915168762207
        },
        "predictive_eval": {
            "kl_div_to_data": 187.3782196044922,
            "mean_diff_to_data": 5.485986232757568,
            "std_diff_to_data": 6.225889682769775
        }
    },
    "out_domain": {
        "error": {
            "rmse": 19.41643714904785,
            "loglikelihood": -7.364640235900879,
            "mae": 15.67652416229248
        },
        "predictive_eval": {
            "kl_div_to_data": 859.710693359375,
            "mean_diff_to_data": 15.872804641723633,
            "std_diff_to_data": 6.262931823730469
        }
    }
}