{
    "sites": {
        "net_guide.net.0.weight.loc": [
            -0.02642420120537281,
            -0.00960768572986126,
            -0.024052796885371208,
            -0.01831059530377388,
            0.07131969928741455,
            -0.031748563051223755,
            0.13516005873680115,
            -0.01950642839074135,
            0.04522569477558136,
            -0.025157881900668144
        ],
        "net_guide.net.0.weight.scale": [
            0.05475557968020439,
            0.05467105284333229,
            0.05495133250951767,
            0.054481714963912964,
            0.054617755115032196,
            0.05456724017858505,
            0.05515367537736893,
            0.05476627126336098,
            0.05421031266450882,
            0.054478347301483154
        ],
        "net_guide.net.0.bias.loc": [
            0.027359282597899437
        ],
        "net_guide.net.0.bias.scale": [
            0.094486303627491
        ],
        "likelihood_guide.likelihood._scale.loc": [
            1.9040203094482422
        ],
        "likelihood_guide.likelihood._scale.scale": [
            0.03150463476777077
        ]
    },
    "mean_weight_scale": 0.05828541686589068,
    "min_weight_scale": 0.05421031266450882,
    "max_weight_scale": 0.094486303627491,
    "likelihood_scale": {
        "mean": 6.719027996063232,
        "std": 0.21080097556114197
    }
}