{
    "sites": {
        "net_guide.net.0.weight.loc": [
            -0.026426449418067932,
            -0.00952540710568428,
            -0.02395862527191639,
            -0.018219705671072006,
            0.07146316766738892,
            -0.0317758210003376,
            0.13529986143112183,
            -0.019464028999209404,
            0.04521870240569115,
            -0.025313960388302803
        ],
        "net_guide.net.0.weight.scale": [
            0.05474882200360298,
            0.05449092388153076,
            0.05468498542904854,
            0.05417130887508392,
            0.054543737322092056,
            0.05440361052751541,
            0.05491953343153,
            0.05473386123776436,
            0.05408605560660362,
            0.05441785603761673
        ],
        "net_guide.net.0.bias.loc": [
            0.0276112649589777
        ],
        "net_guide.net.0.bias.scale": [
            0.09426343441009521
        ],
        "likelihood_guide.likelihood._scale.loc": [
            1.9032093286514282
        ],
        "likelihood_guide.likelihood._scale.scale": [
            0.03129960224032402
        ]
    },
    "mean_weight_scale": 0.05813310261477123,
    "min_weight_scale": 0.05408605560660362,
    "max_weight_scale": 0.09426343441009521
}