{
    "sites": {
        "net_guide.net.0.weight.loc": [
            -0.0263689998537302,
            -0.009501488879323006,
            -0.023847397416830063,
            -0.018212800845503807,
            0.07135899364948273,
            -0.03155681490898132,
            0.13544227182865143,
            -0.019276365637779236,
            0.04504968225955963,
            -0.02530941553413868
        ],
        "net_guide.net.0.weight.scale": [
            0.05473785474896431,
            0.054522592574357986,
            0.05476923659443855,
            0.0543752945959568,
            0.054521553218364716,
            0.05431455001235008,
            0.05492968112230301,
            0.05472586303949356,
            0.054044924676418304,
            0.05443193390965462
        ],
        "net_guide.net.0.bias.loc": [
            0.026936126872897148
        ],
        "net_guide.net.0.bias.scale": [
            0.09435611963272095
        ],
        "likelihood_guide.likelihood._scale.loc": [
            1.903914451599121
        ],
        "likelihood_guide.likelihood._scale.scale": [
            0.031225431710481644
        ]
    },
    "mean_weight_scale": 0.05815723673863844,
    "min_weight_scale": 0.054044924676418304,
    "max_weight_scale": 0.09435611963272095,
    "likelihood_scale": {
        "mean": 6.717587471008301,
        "std": 0.21091288328170776
    }
}