{
    "sites": {
        "net_guide.net.0.weight.loc": [
            -0.026158291846513748,
            -0.00946681946516037,
            -0.02368401549756527,
            -0.01842356286942959,
            0.07129386812448502,
            -0.031761057674884796,
            0.13546623289585114,
            -0.019302792847156525,
            0.04503830149769783,
            -0.02513960190117359
        ],
        "net_guide.net.0.weight.scale": [
            0.05474913492798805,
            0.05442523956298828,
            0.054765764623880386,
            0.054152123630046844,
            0.05440712720155716,
            0.054288383573293686,
            0.054916102439165115,
            0.05474170669913292,
            0.05407494306564331,
            0.05435381084680557
        ],
        "net_guide.net.0.bias.loc": [
            0.02737211249768734
        ],
        "net_guide.net.0.bias.scale": [
            0.09420843422412872
        ],
        "likelihood_guide.likelihood._scale.loc": [
            1.9031057357788086
        ],
        "likelihood_guide.likelihood._scale.scale": [
            0.031528305262327194
        ]
    },
    "mean_weight_scale": 0.05809843370860273,
    "min_weight_scale": 0.05407494306564331,
    "max_weight_scale": 0.09420843422412872,
    "likelihood_scale": {
        "mean": 6.710155963897705,
        "std": 0.21319134533405304
    }
}