{
    "sites": {
        "net_guide.net.0.weight.loc": [
            -0.026610758155584335,
            -0.009506694041192532,
            -0.023687133565545082,
            -0.018216313794255257,
            0.07147089391946793,
            -0.0316648967564106,
            0.13535752892494202,
            -0.019362440332770348,
            0.044876884669065475,
            -0.02542632631957531
        ],
        "net_guide.net.0.weight.scale": [
            0.05490552634000778,
            0.05456390976905823,
            0.05483262985944748,
            0.0542624369263649,
            0.05449181795120239,
            0.05447576567530632,
            0.05495024472475052,
            0.05473305284976959,
            0.05401896685361862,
            0.05442684888839722
        ],
        "net_guide.net.0.bias.loc": [
            0.027217088267207146
        ],
        "net_guide.net.0.bias.scale": [
            0.0943414568901062
        ],
        "likelihood_guide.likelihood._scale.loc": [
            1.9032701253890991
        ],
        "likelihood_guide.likelihood._scale.scale": [
            0.031166790053248405
        ]
    },
    "mean_weight_scale": 0.05818205970254811,
    "min_weight_scale": 0.05401896685361862,
    "max_weight_scale": 0.0943414568901062
}