{
    "sites": {
        "net_guide.net.0.weight.loc": [
            -0.02647365629673004,
            -0.009522369131445885,
            -0.02429058402776718,
            -0.01843326725065708,
            0.07140758633613586,
            -0.031787313520908356,
            0.13540267944335938,
            -0.019359473139047623,
            0.04522283375263214,
            -0.025470828637480736
        ],
        "net_guide.net.0.weight.scale": [
            0.05465920269489288,
            0.05444864183664322,
            0.05462833121418953,
            0.05411064252257347,
            0.054354045540094376,
            0.054195571690797806,
            0.05486905202269554,
            0.0545739009976387,
            0.053950030356645584,
            0.054218094795942307
        ],
        "net_guide.net.0.bias.loc": [
            0.027442045509815216
        ],
        "net_guide.net.0.bias.scale": [
            0.09414960443973541
        ],
        "likelihood_guide.likelihood._scale.loc": [
            1.90372896194458
        ],
        "likelihood_guide.likelihood._scale.scale": [
            0.03170023113489151
        ]
    },
    "mean_weight_scale": 0.05801428346471353,
    "min_weight_scale": 0.053950030356645584,
    "max_weight_scale": 0.09414960443973541
}