{
    "sites": {
        "net_guide.net.0.weight.loc": [
            -0.02643274888396263,
            -0.009519043378531933,
            -0.023937169462442398,
            -0.01811227574944496,
            0.07102275639772415,
            -0.03162497654557228,
            0.13525481522083282,
            -0.019571863114833832,
            0.04528571292757988,
            -0.02517450414597988
        ],
        "net_guide.net.0.weight.scale": [
            0.05490404739975929,
            0.05458831787109375,
            0.05474935472011566,
            0.054348424077034,
            0.05462018772959709,
            0.05438471585512161,
            0.05495864525437355,
            0.05485054478049278,
            0.0541236437857151,
            0.05450265854597092
        ],
        "net_guide.net.0.bias.loc": [
            0.027377957478165627
        ],
        "net_guide.net.0.bias.scale": [
            0.09435416013002396
        ],
        "likelihood_guide.likelihood._scale.loc": [
            1.9036059379577637
        ],
        "likelihood_guide.likelihood._scale.scale": [
            0.0313853956758976
        ]
    },
    "mean_weight_scale": 0.05821679092266343,
    "min_weight_scale": 0.0541236437857151,
    "max_weight_scale": 0.09435416013002396,
    "likelihood_scale": {
        "mean": 6.714540481567383,
        "std": 0.21102777123451233
    }
}