{
    "sites": {
        "net_guide.net.0.weight.loc": [
            -0.026422370225191116,
            -0.009458408690989017,
            -0.02387809008359909,
            -0.01817448064684868,
            0.07108163833618164,
            -0.03174268454313278,
            0.13524560630321503,
            -0.019429489970207214,
            0.04473961517214775,
            -0.025086592882871628
        ],
        "net_guide.net.0.weight.scale": [
            0.05480283498764038,
            0.054543811827898026,
            0.05481617525219917,
            0.05425594747066498,
            0.05453752353787422,
            0.05430241674184799,
            0.05500655621290207,
            0.05479375272989273,
            0.054135341197252274,
            0.05443678796291351
        ],
        "net_guide.net.0.bias.loc": [
            0.027314528822898865
        ],
        "net_guide.net.0.bias.scale": [
            0.09440791606903076
        ],
        "likelihood_guide.likelihood._scale.loc": [
            1.9035263061523438
        ],
        "likelihood_guide.likelihood._scale.scale": [
            0.03157057613134384
        ]
    },
    "mean_weight_scale": 0.05818536945364692,
    "min_weight_scale": 0.054135341197252274,
    "max_weight_scale": 0.09440791606903076,
    "likelihood_scale": {
        "mean": 6.713899612426758,
        "std": 0.21422456204891205
    }
}