{
    "sites": {
        "net_guide.net.0.weight.loc": [
            -0.026428936049342155,
            -0.00960234459489584,
            -0.024001341313123703,
            -0.01849842630326748,
            0.07117762416601181,
            -0.03179032355546951,
            0.1353505402803421,
            -0.01930885575711727,
            0.045018527656793594,
            -0.025416575372219086
        ],
        "net_guide.net.0.weight.scale": [
            0.054646577686071396,
            0.05462631955742836,
            0.054720159620046616,
            0.054179925471544266,
            0.05428566783666611,
            0.0542018748819828,
            0.0548362135887146,
            0.054671965539455414,
            0.054091498255729675,
            0.05431654304265976
        ],
        "net_guide.net.0.bias.loc": [
            0.02735546976327896
        ],
        "net_guide.net.0.bias.scale": [
            0.094179168343544
        ],
        "likelihood_guide.likelihood._scale.loc": [
            1.9029768705368042
        ],
        "likelihood_guide.likelihood._scale.scale": [
            0.031384654343128204
        ]
    },
    "mean_weight_scale": 0.05806871943853118,
    "min_weight_scale": 0.054091498255729675,
    "max_weight_scale": 0.094179168343544,
    "likelihood_scale": {
        "mean": 6.719019412994385,
        "std": 0.20666494965553284
    }
}