{
    "sites": {
        "net_guide.net.0.weight.loc": [
            -0.02655261941254139,
            -0.009635373950004578,
            -0.023808538913726807,
            -0.01814962737262249,
            0.07132447510957718,
            -0.03150342404842377,
            0.1352788656949997,
            -0.01968856155872345,
            0.04496707022190094,
            -0.02532436139881611
        ],
        "net_guide.net.0.weight.scale": [
            0.054706867784261703,
            0.05452942103147507,
            0.054790813475847244,
            0.05428433045744896,
            0.05447116866707802,
            0.05434974282979965,
            0.05495080724358559,
            0.05455750599503517,
            0.05408337339758873,
            0.05439111217856407
        ],
        "net_guide.net.0.bias.loc": [
            0.02727684937417507
        ],
        "net_guide.net.0.bias.scale": [
            0.0942339077591896
        ],
        "likelihood_guide.likelihood._scale.loc": [
            1.9038491249084473
        ],
        "likelihood_guide.likelihood._scale.scale": [
            0.03146164119243622
        ]
    },
    "mean_weight_scale": 0.05812264098362489,
    "min_weight_scale": 0.05408337339758873,
    "max_weight_scale": 0.0942339077591896,
    "likelihood_scale": {
        "mean": 6.711451530456543,
        "std": 0.21017366647720337
    }
}