{
    "test_error": {
        "rmse": 1.7172441482543945,
        "mae": 1.3699950098991394
    },
    "in_domain_error": {
        "rmse": 1.719805157184601,
        "mae": 1.3816922068595887
    },
    "out_domain_error": {
        "rmse": 1.749056839942932,
        "mae": 1.4214595437049866
    },
    "predictive": {
        "kl_div": 1.20292067527771,
        "mean_diff": 1.1390749216079712,
        "std_diff": 0.48331448435783386
    },
    "predictive_in_domain": {
        "kl_div": 0.9458063840866089,
        "mean_diff": 1.097644329071045,
        "std_diff": 0.07131049036979675
    },
    "predictive_out_domain": {
        "kl_div": 1.6711279153823853,
        "mean_diff": 1.1638535261154175,
        "std_diff": 0.8727990984916687
    }
}