{
    "test_error": {
        "rmse": 4.218246579170227,
        "mae": 3.343066763877869
    },
    "in_domain_error": {
        "rmse": 4.170053195953369,
        "mae": 3.3305778980255125
    },
    "out_domain_error": {
        "rmse": 4.2897227764129635,
        "mae": 3.4039535760879516
    },
    "predictive": {
        "kl_div": 0.6707116365432739,
        "mean_diff": 1.1388102769851685,
        "std_diff": 2.5888946056365967
    },
    "predictive_in_domain": {
        "kl_div": 0.9138424396514893,
        "mean_diff": 1.0977946519851685,
        "std_diff": 2.9295504093170166
    },
    "predictive_out_domain": {
        "kl_div": 0.4870288670063019,
        "mean_diff": 1.1660488843917847,
        "std_diff": 2.2455999851226807
    }
}