{
    "test_error": {
        "rmse": 0.25529853701591493,
        "mae": 0.2030174419283867
    },
    "in_domain_error": {
        "rmse": 0.24894932061433792,
        "mae": 0.19912211894989013
    },
    "out_domain_error": {
        "rmse": 0.2604944482445717,
        "mae": 0.2072843238711357
    },
    "predictive": {
        "kl_div": 0.02673274651169777,
        "mean_diff": 0.04327435418963432,
        "std_diff": 0.01434881892055273
    },
    "predictive_in_domain": {
        "kl_div": 0.006859992165118456,
        "mean_diff": 0.021833766251802444,
        "std_diff": 0.007131978403776884
    },
    "predictive_out_domain": {
        "kl_div": 0.03925752639770508,
        "mean_diff": 0.06156336888670921,
        "std_diff": 0.021330591291189194
    }
}