{
    "test_error": {
        "rmse": 2.0049097537994385,
        "mae": 1.5959428191184997
    },
    "in_domain_error": {
        "rmse": 1.9692572951316833,
        "mae": 1.5728942036628724
    },
    "out_domain_error": {
        "rmse": 2.0653507828712465,
        "mae": 1.6443870544433594
    },
    "predictive": {
        "kl_div": 0.030132675543427467,
        "mean_diff": 0.14882513880729675,
        "std_diff": 0.25215208530426025
    },
    "predictive_in_domain": {
        "kl_div": 0.20227374136447906,
        "mean_diff": 0.07588005810976028,
        "std_diff": 0.8135145306587219
    },
    "predictive_out_domain": {
        "kl_div": 0.621225118637085,
        "mean_diff": 0.15795545279979706,
        "std_diff": 1.7092792987823486
    }
}