{"elbo": [1144091249257.768, 15378267792.854729, 249368435.2150539, 25264710.117250513, 12420733.611772988, 9473094.258405985, 8731157.3054716, 9266579.640223453, 8453006.72541761, 8324692.8093235465, 8315061.742187291, 8357836.320882315, 85160011.6883619, 49985436.62863661, 86279704.04635894, 75160931.04394834, 197931317.223157, 96171386.31198658, 81674631.38222116, 26256783.426348276, 17018234.971778467, 11663796.647606269, 23295423.696855325, 40022656.90637924, 27014545.860713433, 16232181.956945242, 17329768.65511471, 16446479.114739649, 42858778.202647656, 72249240.57947886, 280512931.88839465, 213475836.9791883, 40862156.57511765, 131517458.42479259, 680570178.8885821, 102165434.63457926, 26331320.169354107, 116162594.60132186, 52147920.76636594, 35987251.43716718, 37942065.10155773, 65431932.50195943, 65233391.644822165, 50608589.27539501, 17595657.492116936, 61038408.04347721, 13854498.841428902, 32851572.572458506, 7900121.268307502, 97554304.65831316, 6924450.170180571, 10107660.079643779, 14132505.598993048, 3194131.8043794, 5910108.071322803, 7213639.620911419, 4401817.450774389, 2686153.532807107, 3290243.2214084123, 1370000.6335967463, 5535623.614035821, 3269653.402195443, 1256054.8421355353, 1318976.4577330947, 1535148.8017456545, 5498313.005665128, 1362477.8218713664, 2263799.394094472, 1764335.8876129205, 1504734.2416748635, 1805254.308111561, 1669298.548825941, 1682551.7952684285, 1382773.8532142693, 981459.7389266455, 1771201.2614817584, 3472277.6608006945, 2484657.8183751963, 1873972.6977836022, 995344.9444527804, 1154012.7668330676, 853320.5867437319, 984216.6394677055, 3303952.091125961, 2097064.9368068017, 861361.5955236381, 847793.9727871979, 3066887.904565862, 991056.1356963648, 1373722.895137193, 1020727.4727460543, 1173016.9126828907, 1627234.742574508, 719666.5368107251, 1008027.599455881, 934088.5453445836, 575936.359690467, 701108.8280856616, 976998.8082327418, 691012.7186360096], "rmse": [], "val_rmse": [], "time": 5777.41304898262}