{
    "test_error": {
        "rmse": 1.7219804167747497,
        "mae": 1.366026473045349
    },
    "in_domain_error": {
        "rmse": 1.729461944103241,
        "mae": 1.3892683148384095
    },
    "out_domain_error": {
        "rmse": 1.7546200394630431,
        "mae": 1.4141756892204285
    },
    "predictive": {
        "kl_div": 1.5392472743988037,
        "mean_diff": 1.1234139204025269,
        "std_diff": 0.8302873373031616
    },
    "predictive_in_domain": {
        "kl_div": 1.5523087978363037,
        "mean_diff": 1.1662652492523193,
        "std_diff": 0.780767560005188
    },
    "predictive_out_domain": {
        "kl_div": 1.6305279731750488,
        "mean_diff": 1.1336920261383057,
        "std_diff": 0.8778607249259949
    }
}