{
    "test_error": {
        "rmse": 1.927677321434021,
        "mae": 1.550014042854309
    },
    "in_domain_error": {
        "rmse": 1.7548382043838502,
        "mae": 1.4131787776947022
    },
    "out_domain_error": {
        "rmse": 2.1537662506103517,
        "mae": 1.7351821780204773
    },
    "predictive": {
        "kl_div": 1.412892460823059,
        "standardized_mean_diff": 0.5883209109306335,
        "mean_diff": 0.9351120591163635,
        "std_diff": 0.2256615310907364
    },
    "predictive_in_domain": {
        "kl_div": 1.0905067920684814,
        "standardized_mean_diff": 0.29237958788871765,
        "mean_diff": 0.42704296112060547,
        "std_diff": 0.059303656220436096
    },
    "predictive_out_domain": {
        "kl_div": 1.9699196815490723,
        "standardized_mean_diff": 0.7569231986999512,
        "mean_diff": 1.2905941009521484,
        "std_diff": 0.37685173749923706
    }
}