{
    "test_error": {
        "rmse": 1.7297261476516723,
        "mae": 1.3797602295875548
    },
    "in_domain_error": {
        "rmse": 1.7183088541030884,
        "mae": 1.3853424549102784
    },
    "out_domain_error": {
        "rmse": 1.7756768703460692,
        "mae": 1.4323997497558594
    },
    "predictive": {
        "kl_div": 0.9778593182563782,
        "standardized_mean_diff": 0.16420236229896545,
        "mean_diff": 0.25519660115242004,
        "std_diff": 0.1784975379705429
    },
    "predictive_in_domain": {
        "kl_div": 1.0002647638320923,
        "standardized_mean_diff": 0.09665130823850632,
        "mean_diff": 0.14047646522521973,
        "std_diff": 0.04663030058145523
    },
    "predictive_out_domain": {
        "kl_div": 1.1463888883590698,
        "standardized_mean_diff": 0.20288024842739105,
        "mean_diff": 0.3345576822757721,
        "std_diff": 0.30374184250831604
    }
}