{
    "test_error": {
        "rmse": 1.726933228969574,
        "mae": 1.3802172899246217
    },
    "in_domain_error": {
        "rmse": 1.7229287385940553,
        "mae": 1.3837441205978394
    },
    "out_domain_error": {
        "rmse": 1.7771307349205017,
        "mae": 1.4274490118026733
    },
    "predictive": {
        "kl_div": 0.9778593182563782,
        "mean_diff": 1.1257336139678955,
        "std_diff": 0.1784975379705429
    },
    "predictive_in_domain": {
        "kl_div": 1.0002647638320923,
        "mean_diff": 1.1301259994506836,
        "std_diff": 0.04663030058145523
    },
    "predictive_out_domain": {
        "kl_div": 1.1463888883590698,
        "mean_diff": 1.1793327331542969,
        "std_diff": 0.30374184250831604
    }
}