{
    "test_error": {
        "rmse": 1.750433075428009,
        "mae": 1.3910306215286254
    },
    "in_domain_error": {
        "rmse": 1.7357459783554077,
        "mae": 1.3931930184364318
    },
    "out_domain_error": {
        "rmse": 1.7875532269477845,
        "mae": 1.443115246295929
    },
    "predictive": {
        "kl_div": 1.8485187292099,
        "mean_diff": 1.1342291831970215,
        "std_diff": 1.0510426759719849
    },
    "predictive_in_domain": {
        "kl_div": 1.6440995931625366,
        "mean_diff": 1.1424812078475952,
        "std_diff": 0.8719934821128845
    },
    "predictive_out_domain": {
        "kl_div": 2.2501635551452637,
        "mean_diff": 1.1880626678466797,
        "std_diff": 1.2238759994506836
    }
}