{
    "train_error": {
        "rmse": 0.9182027578353882,
        "loglikelihood": -1.7152385711669922
    },
    "test_error": {
        "rmse": 47.649131774902344,
        "loglikelihood": -5.283723831176758
    },
    "in_domain_error": {
        "rmse": 1.2476133108139038,
        "loglikelihood": -2.7946128845214844
    },
    "out_domain_error": {
        "rmse": 63.501529693603516,
        "loglikelihood": -7.576665878295898
    },
    "predictive_train": {
        "kl_div": 0.4267509877681732,
        "mean_diff": 0.49758097529411316,
        "std_diff": 0.43000754714012146
    },
    "predictive_test": {
        "kl_div": 1437.70947265625,
        "mean_diff": 33.56169509887695,
        "std_diff": 15.411416053771973
    },
    "predictive_in_domain": {
        "kl_div": 0.4987499415874481,
        "mean_diff": 0.562716543674469,
        "std_diff": 0.4312981367111206
    },
    "predictive_out_domain": {
        "kl_div": 2673.12890625,
        "mean_diff": 62.60310363769531,
        "std_diff": 28.644264221191406
    }
}