{
    "train_error": {
        "rmse": 6.536109924316406,
        "loglikelihood": -20.227144241333008
    },
    "test_error": {
        "rmse": 33.25742721557617,
        "loglikelihood": -321.0767517089844
    },
    "in_domain_error": {
        "rmse": 8.038095474243164,
        "loglikelihood": -30.025707244873047
    },
    "out_domain_error": {
        "rmse": 46.24601364135742,
        "loglikelihood": -633.355712890625
    },
    "predictive_train": {
        "kl_div": 20.702970504760742,
        "mean_diff": 4.9850897789001465,
        "std_diff": 0.059065595269203186
    },
    "predictive_test": {
        "kl_div": 514.4921264648438,
        "mean_diff": 24.643957138061523,
        "std_diff": 0.18953509628772736
    },
    "predictive_in_domain": {
        "kl_div": 28.604585647583008,
        "mean_diff": 6.025104999542236,
        "std_diff": 0.05541751906275749
    },
    "predictive_out_domain": {
        "kl_div": 1118.5665283203125,
        "mean_diff": 45.236228942871094,
        "std_diff": 0.3335520625114441
    }
}