{
    "train": {
        "error": {
            "rmse": 1.2727985382080078,
            "loglikelihood": -1.661624550819397,
            "mae": 1.01511812210083
        },
        "predictive_eval": {
            "kl_div_to_data": 4.824471473693848,
            "mean_diff_to_data": 0.9307870268821716,
            "std_diff_to_data": 0.8252963423728943
        }
    },
    "in_domain": {
        "error": {
            "rmse": 1.3418223857879639,
            "loglikelihood": -1.7128695249557495,
            "mae": 1.0579348802566528
        },
        "predictive_eval": {
            "kl_div_to_data": 5.137894153594971,
            "mean_diff_to_data": 0.9733062982559204,
            "std_diff_to_data": 0.8281083703041077
        }
    },
    "out_domain": {
        "error": {
            "rmse": 9.725749969482422,
            "loglikelihood": -23.485448837280273,
            "mae": 7.764090061187744
        },
        "predictive_eval": {
            "kl_div_to_data": 193.4654083251953,
            "mean_diff_to_data": 7.67625093460083,
            "std_diff_to_data": 0.9588739275932312
        }
    }
}