{
    "train": {
        "error": {
            "rmse": 1.1972229480743408,
            "loglikelihood": -1.6009321212768555,
            "mae": 0.949407696723938
        },
        "predictive_eval": {
            "kl_div_to_data": 4.071911334991455,
            "mean_diff_to_data": 0.8451600074768066,
            "std_diff_to_data": 0.7486572265625
        }
    },
    "in_domain": {
        "error": {
            "rmse": 1.2597867250442505,
            "loglikelihood": -1.6492767333984375,
            "mae": 0.9972463846206665
        },
        "predictive_eval": {
            "kl_div_to_data": 4.442644119262695,
            "mean_diff_to_data": 0.9329568147659302,
            "std_diff_to_data": 0.7478790879249573
        }
    },
    "out_domain": {
        "error": {
            "rmse": 9.604666709899902,
            "loglikelihood": -25.56842613220215,
            "mae": 7.686533451080322
        },
        "predictive_eval": {
            "kl_div_to_data": 179.89524841308594,
            "mean_diff_to_data": 7.471718788146973,
            "std_diff_to_data": 0.8741692304611206
        }
    }
}