{
    "train": {
        "error": {
            "rmse": 1.204372763633728,
            "loglikelihood": -1.6062034368515015,
            "mae": 0.9563584327697754
        },
        "predictive_eval": {
            "kl_div_to_data": 4.068002700805664,
            "mean_diff_to_data": 0.8556995987892151,
            "std_diff_to_data": 0.7533764839172363
        }
    },
    "test": {
        "error": {
            "rmse": 6.913752555847168,
            "loglikelihood": -13.717982292175293,
            "mae": 4.381343364715576
        },
        "predictive_eval": {
            "kl_div_to_data": 100.60868835449219,
            "mean_diff_to_data": 4.530356407165527,
            "std_diff_to_data": 0.8200493454933167
        }
    },
    "in_domain": {
        "error": {
            "rmse": 1.2648371458053589,
            "loglikelihood": -1.6531107425689697,
            "mae": 1.0009297132492065
        },
        "predictive_eval": {
            "kl_div_to_data": 4.549914360046387,
            "mean_diff_to_data": 0.9294113516807556,
            "std_diff_to_data": 0.7572112083435059
        }
    },
    "out_domain": {
        "error": {
            "rmse": 9.699625015258789,
            "loglikelihood": -25.80525779724121,
            "mae": 7.762012004852295
        },
        "predictive_eval": {
            "kl_div_to_data": 187.3332977294922,
            "mean_diff_to_data": 7.652472496032715,
            "std_diff_to_data": 0.8801247477531433
        }
    }
}