{
    "train": {
        "error": {
            "rmse": 1.2349289655685425,
            "loglikelihood": -1.6312429904937744,
            "mae": 0.9782105684280396
        },
        "predictive_eval": {
            "kl_div_to_data": 4.5217671394348145,
            "mean_diff_to_data": 0.902770459651947,
            "std_diff_to_data": 0.7905623912811279
        }
    },
    "in_domain": {
        "error": {
            "rmse": 1.2868916988372803,
            "loglikelihood": -1.670151948928833,
            "mae": 1.0127451419830322
        },
        "predictive_eval": {
            "kl_div_to_data": 4.621669292449951,
            "mean_diff_to_data": 0.9102685451507568,
            "std_diff_to_data": 0.7929085493087769
        }
    },
    "out_domain": {
        "error": {
            "rmse": 9.633460998535156,
            "loglikelihood": -24.272581100463867,
            "mae": 7.730963230133057
        },
        "predictive_eval": {
            "kl_div_to_data": 185.4339599609375,
            "mean_diff_to_data": 7.587335109710693,
            "std_diff_to_data": 0.9173431396484375
        }
    }
}