{
    "train": {
        "error": {
            "rmse": 1.2073224782943726,
            "loglikelihood": -1.6085764169692993,
            "mae": 0.9589475989341736
        },
        "predictive_eval": {
            "kl_div_to_data": 4.1593337059021,
            "mean_diff_to_data": 0.8803299069404602,
            "std_diff_to_data": 0.7588314414024353
        }
    },
    "in_domain": {
        "error": {
            "rmse": 1.2703779935836792,
            "loglikelihood": -1.657314658164978,
            "mae": 1.0057719945907593
        },
        "predictive_eval": {
            "kl_div_to_data": 4.417713642120361,
            "mean_diff_to_data": 0.9087322354316711,
            "std_diff_to_data": 0.7575276494026184
        }
    },
    "out_domain": {
        "error": {
            "rmse": 9.57479190826416,
            "loglikelihood": -24.98715591430664,
            "mae": 7.670903205871582
        },
        "predictive_eval": {
            "kl_div_to_data": 183.10316467285156,
            "mean_diff_to_data": 7.516844749450684,
            "std_diff_to_data": 0.8827518224716187
        }
    }
}