{
    "train": {
        "error": {
            "rmse": 1.2992029190063477,
            "loglikelihood": -1.6818214654922485,
            "mae": 1.0379444360733032
        },
        "predictive_eval": {
            "kl_div_to_data": 4.833975315093994,
            "mean_diff_to_data": 0.9337683320045471,
            "std_diff_to_data": 0.8246047496795654
        }
    },
    "in_domain": {
        "error": {
            "rmse": 1.3646999597549438,
            "loglikelihood": -1.7319711446762085,
            "mae": 1.0777558088302612
        },
        "predictive_eval": {
            "kl_div_to_data": 5.117734432220459,
            "mean_diff_to_data": 0.9718179702758789,
            "std_diff_to_data": 0.825839102268219
        }
    },
    "out_domain": {
        "error": {
            "rmse": 9.716692924499512,
            "loglikelihood": -29.091445922851562,
            "mae": 7.754991054534912
        },
        "predictive_eval": {
            "kl_div_to_data": 193.49331665039062,
            "mean_diff_to_data": 7.675900459289551,
            "std_diff_to_data": 0.9588915109634399
        }
    }
}