{
    "train": {
        "error": {
            "rmse": 1.2357251644134521,
            "loglikelihood": -1.6317580938339233,
            "mae": 0.9808464050292969
        },
        "predictive_eval": {
            "kl_div_to_data": 4.210185527801514,
            "mean_diff_to_data": 0.8737390637397766,
            "std_diff_to_data": 0.7628533244132996
        }
    },
    "in_domain": {
        "error": {
            "rmse": 1.2912557125091553,
            "loglikelihood": -1.6780496835708618,
            "mae": 1.0299745798110962
        },
        "predictive_eval": {
            "kl_div_to_data": 4.638433456420898,
            "mean_diff_to_data": 0.9676699042320251,
            "std_diff_to_data": 0.759242057800293
        }
    },
    "out_domain": {
        "error": {
            "rmse": 9.582026481628418,
            "loglikelihood": -32.24655532836914,
            "mae": 7.6769256591796875
        },
        "predictive_eval": {
            "kl_div_to_data": 186.3135986328125,
            "mean_diff_to_data": 7.6135945320129395,
            "std_diff_to_data": 0.8867009282112122
        }
    }
}