{
    "train": {
        "error": {
            "rmse": 1.2074339389801025,
            "loglikelihood": -1.6085914373397827,
            "mae": 0.9590552449226379
        },
        "predictive_eval": {
            "kl_div_to_data": 4.159502029418945,
            "mean_diff_to_data": 0.8788732886314392,
            "std_diff_to_data": 0.7591650485992432
        }
    },
    "test": {
        "error": {
            "rmse": 6.832681655883789,
            "loglikelihood": -13.34319019317627,
            "mae": 4.34212064743042
        },
        "predictive_eval": {
            "kl_div_to_data": 97.94186401367188,
            "mean_diff_to_data": 4.478725433349609,
            "std_diff_to_data": 0.8272829651832581
        }
    },
    "in_domain": {
        "error": {
            "rmse": 1.2700139284133911,
            "loglikelihood": -1.657175064086914,
            "mae": 1.0057767629623413
        },
        "predictive_eval": {
            "kl_div_to_data": 4.430394649505615,
            "mean_diff_to_data": 0.9096549153327942,
            "std_diff_to_data": 0.7589104175567627
        }
    },
    "out_domain": {
        "error": {
            "rmse": 9.57763671875,
            "loglikelihood": -25.0137996673584,
            "mae": 7.67391300201416
        },
        "predictive_eval": {
            "kl_div_to_data": 183.00454711914062,
            "mean_diff_to_data": 7.514889717102051,
            "std_diff_to_data": 0.8840224742889404
        }
    }
}