{
    "train": {
        "error": {
            "rmse": 1.2087624073028564,
            "loglikelihood": -1.609805941581726,
            "mae": 0.9605568051338196
        },
        "predictive_eval": {
            "kl_div_to_data": 4.18892240524292,
            "mean_diff_to_data": 0.8737355470657349,
            "std_diff_to_data": 0.758648693561554
        }
    },
    "in_domain": {
        "error": {
            "rmse": 1.2596464157104492,
            "loglikelihood": -1.6493545770645142,
            "mae": 1.0054205656051636
        },
        "predictive_eval": {
            "kl_div_to_data": 4.638424396514893,
            "mean_diff_to_data": 0.96630859375,
            "std_diff_to_data": 0.7618266940116882
        }
    },
    "out_domain": {
        "error": {
            "rmse": 9.58017349243164,
            "loglikelihood": -24.96563720703125,
            "mae": 7.667122840881348
        },
        "predictive_eval": {
            "kl_div_to_data": 186.36415100097656,
            "mean_diff_to_data": 7.617063999176025,
            "std_diff_to_data": 0.8878471255302429
        }
    }
}