{
    "train": {
        "error": {
            "rmse": 1.1825169324874878,
            "loglikelihood": -1.5876902341842651,
            "mae": 0.942457377910614
        },
        "predictive_eval": {
            "kl_div_to_data": 3.761415719985962,
            "mean_diff_to_data": 0.833916187286377,
            "std_diff_to_data": 0.7078865766525269
        }
    },
    "in_domain": {
        "error": {
            "rmse": 1.2342205047607422,
            "loglikelihood": -1.6351879835128784,
            "mae": 0.9816644787788391
        },
        "predictive_eval": {
            "kl_div_to_data": 4.069351673126221,
            "mean_diff_to_data": 0.8950302600860596,
            "std_diff_to_data": 0.7099955081939697
        }
    },
    "out_domain": {
        "error": {
            "rmse": 9.655130386352539,
            "loglikelihood": -33.354736328125,
            "mae": 7.705788612365723
        },
        "predictive_eval": {
            "kl_div_to_data": 186.7421112060547,
            "mean_diff_to_data": 7.572126865386963,
            "std_diff_to_data": 0.8285845518112183
        }
    }
}