{
    "train": {
        "error": {
            "rmse": 1.1961697340011597,
            "loglikelihood": -1.599283218383789,
            "mae": 0.9484543204307556
        },
        "predictive_eval": {
            "kl_div_to_data": 4.084012985229492,
            "mean_diff_to_data": 0.846983015537262,
            "std_diff_to_data": 0.748526394367218
        }
    },
    "in_domain": {
        "error": {
            "rmse": 1.2607351541519165,
            "loglikelihood": -1.6500682830810547,
            "mae": 0.9980857968330383
        },
        "predictive_eval": {
            "kl_div_to_data": 4.432974338531494,
            "mean_diff_to_data": 0.9313328266143799,
            "std_diff_to_data": 0.7491849660873413
        }
    },
    "out_domain": {
        "error": {
            "rmse": 9.60267448425293,
            "loglikelihood": -25.494436264038086,
            "mae": 7.684665203094482
        },
        "predictive_eval": {
            "kl_div_to_data": 179.94619750976562,
            "mean_diff_to_data": 7.473593235015869,
            "std_diff_to_data": 0.8739291429519653
        }
    }
}