{
    "train": {
        "error": {
            "rmse": 1.159164309501648,
            "loglikelihood": -1.5680850744247437,
            "mae": 0.9232369661331177
        },
        "predictive_eval": {
            "kl_div_to_data": 3.785280227661133,
            "mean_diff_to_data": 0.8351075053215027,
            "std_diff_to_data": 0.7120926976203918
        }
    },
    "test": {
        "error": {
            "rmse": 6.8613715171813965,
            "loglikelihood": -14.438966751098633,
            "mae": 4.322820663452148
        },
        "predictive_eval": {
            "kl_div_to_data": 100.17401885986328,
            "mean_diff_to_data": 4.516910076141357,
            "std_diff_to_data": 0.775025486946106
        }
    },
    "in_domain": {
        "error": {
            "rmse": 1.214245319366455,
            "loglikelihood": -1.6125997304916382,
            "mae": 0.9666016697883606
        },
        "predictive_eval": {
            "kl_div_to_data": 4.077310085296631,
            "mean_diff_to_data": 0.894324779510498,
            "std_diff_to_data": 0.712165355682373
        }
    },
    "out_domain": {
        "error": {
            "rmse": 9.643856048583984,
            "loglikelihood": -27.323455810546875,
            "mae": 7.694310665130615
        },
        "predictive_eval": {
            "kl_div_to_data": 186.8052215576172,
            "mean_diff_to_data": 7.572688579559326,
            "std_diff_to_data": 0.8279282450675964
        }
    }
}