{
    "train": {
        "error": {
            "rmse": 1.2358659505844116,
            "loglikelihood": -1.6327263116836548,
            "mae": 0.9786879420280457
        },
        "predictive_eval": {
            "kl_div_to_data": 4.5217766761779785,
            "mean_diff_to_data": 0.9023420214653015,
            "std_diff_to_data": 0.7892865538597107
        }
    },
    "in_domain": {
        "error": {
            "rmse": 1.286536693572998,
            "loglikelihood": -1.669926643371582,
            "mae": 1.0129215717315674
        },
        "predictive_eval": {
            "kl_div_to_data": 4.616464614868164,
            "mean_diff_to_data": 0.9101763963699341,
            "std_diff_to_data": 0.7907800078392029
        }
    },
    "out_domain": {
        "error": {
            "rmse": 9.633146286010742,
            "loglikelihood": -24.310832977294922,
            "mae": 7.730776309967041
        },
        "predictive_eval": {
            "kl_div_to_data": 185.556396484375,
            "mean_diff_to_data": 7.58856725692749,
            "std_diff_to_data": 0.9184245467185974
        }
    }
}