{
    "train": {
        "error": {
            "rmse": 1.20610511302948,
            "loglikelihood": -1.6071748733520508,
            "mae": 0.9565229415893555
        },
        "predictive_eval": {
            "kl_div_to_data": 4.074950695037842,
            "mean_diff_to_data": 0.8523228764533997,
            "std_diff_to_data": 0.7577857375144958
        }
    },
    "in_domain": {
        "error": {
            "rmse": 1.2634494304656982,
            "loglikelihood": -1.6525782346725464,
            "mae": 1.000388503074646
        },
        "predictive_eval": {
            "kl_div_to_data": 4.538320541381836,
            "mean_diff_to_data": 0.9269728064537048,
            "std_diff_to_data": 0.7566034197807312
        }
    },
    "out_domain": {
        "error": {
            "rmse": 9.697032928466797,
            "loglikelihood": -25.82868766784668,
            "mae": 7.762467861175537
        },
        "predictive_eval": {
            "kl_div_to_data": 187.51219177246094,
            "mean_diff_to_data": 7.6579461097717285,
            "std_diff_to_data": 0.8778607249259949
        }
    }
}