{
    "train": {
        "error": {
            "rmse": 1.2612866163253784,
            "loglikelihood": -1.6511280536651611,
            "mae": 0.9993739128112793
        },
        "predictive_eval": {
            "kl_div_to_data": 4.521074295043945,
            "mean_diff_to_data": 0.9027143716812134,
            "std_diff_to_data": 0.7904267311096191
        }
    },
    "in_domain": {
        "error": {
            "rmse": 1.3124735355377197,
            "loglikelihood": -1.693041205406189,
            "mae": 1.0372103452682495
        },
        "predictive_eval": {
            "kl_div_to_data": 4.620475769042969,
            "mean_diff_to_data": 0.9101952910423279,
            "std_diff_to_data": 0.7927591800689697
        }
    },
    "out_domain": {
        "error": {
            "rmse": 9.641676902770996,
            "loglikelihood": -31.112653732299805,
            "mae": 7.740896701812744
        },
        "predictive_eval": {
            "kl_div_to_data": 185.4280242919922,
            "mean_diff_to_data": 7.5872483253479,
            "std_diff_to_data": 0.9173974990844727
        }
    }
}