{
    "train": {
        "error": {
            "rmse": 1.2071921825408936,
            "loglikelihood": -1.608597755432129,
            "mae": 0.9590505957603455
        },
        "predictive_eval": {
            "kl_div_to_data": 4.145946025848389,
            "mean_diff_to_data": 0.879996120929718,
            "std_diff_to_data": 0.7551617622375488
        }
    },
    "in_domain": {
        "error": {
            "rmse": 1.27043879032135,
            "loglikelihood": -1.6581753492355347,
            "mae": 1.0064399242401123
        },
        "predictive_eval": {
            "kl_div_to_data": 4.432548522949219,
            "mean_diff_to_data": 0.9089012742042542,
            "std_diff_to_data": 0.7606761455535889
        }
    },
    "out_domain": {
        "error": {
            "rmse": 9.575101852416992,
            "loglikelihood": -25.006528854370117,
            "mae": 7.670468330383301
        },
        "predictive_eval": {
            "kl_div_to_data": 183.10630798339844,
            "mean_diff_to_data": 7.517671585083008,
            "std_diff_to_data": 0.8834038376808167
        }
    }
}