{
    "train": {
        "error": {
            "rmse": 1.222572684288025,
            "loglikelihood": -1.6201318502426147,
            "mae": 0.968661904335022
        },
        "predictive_eval": {
            "kl_div_to_data": 4.071255207061768,
            "mean_diff_to_data": 0.8429901003837585,
            "std_diff_to_data": 0.7485897541046143
        }
    },
    "in_domain": {
        "error": {
            "rmse": 1.2843962907791138,
            "loglikelihood": -1.6741434335708618,
            "mae": 1.0186618566513062
        },
        "predictive_eval": {
            "kl_div_to_data": 4.433308124542236,
            "mean_diff_to_data": 0.932327926158905,
            "std_diff_to_data": 0.7473183274269104
        }
    },
    "out_domain": {
        "error": {
            "rmse": 9.624679565429688,
            "loglikelihood": -32.510093688964844,
            "mae": 7.696067810058594
        },
        "predictive_eval": {
            "kl_div_to_data": 179.82862854003906,
            "mean_diff_to_data": 7.471240997314453,
            "std_diff_to_data": 0.8726215958595276
        }
    }
}