{
    "train": {
        "error": {
            "rmse": 1.2718536853790283,
            "loglikelihood": -1.6607035398483276,
            "mae": 1.0139732360839844
        },
        "predictive_eval": {
            "kl_div_to_data": 4.832795143127441,
            "mean_diff_to_data": 0.9341340065002441,
            "std_diff_to_data": 0.8223695158958435
        }
    },
    "in_domain": {
        "error": {
            "rmse": 1.3406985998153687,
            "loglikelihood": -1.7116297483444214,
            "mae": 1.0573406219482422
        },
        "predictive_eval": {
            "kl_div_to_data": 5.117568016052246,
            "mean_diff_to_data": 0.9721834659576416,
            "std_diff_to_data": 0.8241251707077026
        }
    },
    "out_domain": {
        "error": {
            "rmse": 9.725193977355957,
            "loglikelihood": -23.41048812866211,
            "mae": 7.763611793518066
        },
        "predictive_eval": {
            "kl_div_to_data": 193.4929962158203,
            "mean_diff_to_data": 7.676907062530518,
            "std_diff_to_data": 0.9592705368995667
        }
    }
}