{
    "train": {
        "error": {
            "rmse": 1.2316882610321045,
            "loglikelihood": -1.628383994102478,
            "mae": 0.9769801497459412
        },
        "predictive_eval": {
            "kl_div_to_data": 4.0665740966796875,
            "mean_diff_to_data": 0.8549551963806152,
            "std_diff_to_data": 0.7542487978935242
        }
    },
    "in_domain": {
        "error": {
            "rmse": 1.2909599542617798,
            "loglikelihood": -1.6764763593673706,
            "mae": 1.0214650630950928
        },
        "predictive_eval": {
            "kl_div_to_data": 4.531417369842529,
            "mean_diff_to_data": 0.9281893372535706,
            "std_diff_to_data": 0.7542997598648071
        }
    },
    "out_domain": {
        "error": {
            "rmse": 9.714726448059082,
            "loglikelihood": -32.78596878051758,
            "mae": 7.781147003173828
        },
        "predictive_eval": {
            "kl_div_to_data": 187.3359375,
            "mean_diff_to_data": 7.652821063995361,
            "std_diff_to_data": 0.8764298558235168
        }
    }
}