{
    "train": {
        "error": {
            "rmse": 1.1903473138809204,
            "loglikelihood": -1.59479558467865,
            "mae": 0.9422323107719421
        },
        "predictive_eval": {
            "kl_div_to_data": 3.8431031703948975,
            "mean_diff_to_data": 0.8441070318222046,
            "std_diff_to_data": 0.716083288192749
        }
    },
    "in_domain": {
        "error": {
            "rmse": 1.2765244245529175,
            "loglikelihood": -1.6668586730957031,
            "mae": 1.0137302875518799
        },
        "predictive_eval": {
            "kl_div_to_data": 4.29758358001709,
            "mean_diff_to_data": 0.9121145606040955,
            "std_diff_to_data": 0.7198480367660522
        }
    },
    "out_domain": {
        "error": {
            "rmse": 9.470316886901855,
            "loglikelihood": -32.998172760009766,
            "mae": 7.5740485191345215
        },
        "predictive_eval": {
            "kl_div_to_data": 178.7179718017578,
            "mean_diff_to_data": 7.401041507720947,
            "std_diff_to_data": 0.8395197987556458
        }
    }
}