{
    "train": {
        "error": {
            "rmse": 1.1679763793945312,
            "loglikelihood": -1.5757761001586914,
            "mae": 0.9245803952217102
        },
        "predictive_eval": {
            "kl_div_to_data": 3.8355791568756104,
            "mean_diff_to_data": 0.8428341150283813,
            "std_diff_to_data": 0.7146121263504028
        }
    },
    "in_domain": {
        "error": {
            "rmse": 1.246632695198059,
            "loglikelihood": -1.6397205591201782,
            "mae": 0.9913176894187927
        },
        "predictive_eval": {
            "kl_div_to_data": 4.282838821411133,
            "mean_diff_to_data": 0.9093857407569885,
            "std_diff_to_data": 0.7180069088935852
        }
    },
    "out_domain": {
        "error": {
            "rmse": 9.462747573852539,
            "loglikelihood": -26.095975875854492,
            "mae": 7.5723724365234375
        },
        "predictive_eval": {
            "kl_div_to_data": 178.7244415283203,
            "mean_diff_to_data": 7.4008941650390625,
            "std_diff_to_data": 0.8363404870033264
        }
    }
}