{
    "train": {
        "error": {
            "rmse": 1.1594128608703613,
            "loglikelihood": -1.5682554244995117,
            "mae": 0.9237136244773865
        },
        "predictive_eval": {
            "kl_div_to_data": 3.762327194213867,
            "mean_diff_to_data": 0.8339459300041199,
            "std_diff_to_data": 0.7080925703048706
        }
    },
    "in_domain": {
        "error": {
            "rmse": 1.2139042615890503,
            "loglikelihood": -1.6123478412628174,
            "mae": 0.9662960171699524
        },
        "predictive_eval": {
            "kl_div_to_data": 4.069825172424316,
            "mean_diff_to_data": 0.8949388265609741,
            "std_diff_to_data": 0.7100649476051331
        }
    },
    "out_domain": {
        "error": {
            "rmse": 9.644902229309082,
            "loglikelihood": -27.366056442260742,
            "mae": 7.699265480041504
        },
        "predictive_eval": {
            "kl_div_to_data": 186.73849487304688,
            "mean_diff_to_data": 7.572051525115967,
            "std_diff_to_data": 0.8284848928451538
        }
    }
}