{
    "train": {
        "error": {
            "rmse": 1.1598758697509766,
            "loglikelihood": -1.568995714187622,
            "mae": 0.924074649810791
        },
        "predictive_eval": {
            "kl_div_to_data": 3.7827460765838623,
            "mean_diff_to_data": 0.8337017893791199,
            "std_diff_to_data": 0.7128725647926331
        }
    },
    "in_domain": {
        "error": {
            "rmse": 1.2147501707077026,
            "loglikelihood": -1.6132020950317383,
            "mae": 0.9671673774719238
        },
        "predictive_eval": {
            "kl_div_to_data": 4.072654724121094,
            "mean_diff_to_data": 0.8934131860733032,
            "std_diff_to_data": 0.7113979458808899
        }
    },
    "out_domain": {
        "error": {
            "rmse": 9.645513534545898,
            "loglikelihood": -27.449188232421875,
            "mae": 7.699601650238037
        },
        "predictive_eval": {
            "kl_div_to_data": 186.76983642578125,
            "mean_diff_to_data": 7.572775363922119,
            "std_diff_to_data": 0.8265959620475769
        }
    }
}