{
    "train": {
        "error": {
            "rmse": 1.2710736989974976,
            "loglikelihood": -1.65994131565094,
            "mae": 1.0133302211761475
        },
        "predictive_eval": {
            "kl_div_to_data": 4.8294219970703125,
            "mean_diff_to_data": 0.9304937124252319,
            "std_diff_to_data": 0.8262360692024231
        }
    },
    "test": {
        "error": {
            "rmse": 6.94420051574707,
            "loglikelihood": -12.586012840270996,
            "mae": 4.413642406463623
        },
        "predictive_eval": {
            "kl_div_to_data": 100.87244415283203,
            "mean_diff_to_data": 4.531953811645508,
            "std_diff_to_data": 0.9026204347610474
        }
    },
    "in_domain": {
        "error": {
            "rmse": 1.3397259712219238,
            "loglikelihood": -1.7105038166046143,
            "mae": 1.057105302810669
        },
        "predictive_eval": {
            "kl_div_to_data": 5.136512756347656,
            "mean_diff_to_data": 0.9729482531547546,
            "std_diff_to_data": 0.8284430503845215
        }
    },
    "out_domain": {
        "error": {
            "rmse": 9.725985527038574,
            "loglikelihood": -23.41085433959961,
            "mae": 7.764388561248779
        },
        "predictive_eval": {
            "kl_div_to_data": 193.4698486328125,
            "mean_diff_to_data": 7.6744232177734375,
            "std_diff_to_data": 0.9600489139556885
        }
    }
}