{
    "train": {
        "error": {
            "rmse": 1.128719449043274,
            "loglikelihood": -1.541762351989746,
            "mae": 0.8954826593399048
        },
        "predictive_eval": {
            "kl_div_to_data": 3.521646022796631,
            "mean_diff_to_data": 0.8080090284347534,
            "std_diff_to_data": 0.6752221584320068
        }
    },
    "in_domain": {
        "error": {
            "rmse": 1.1778677701950073,
            "loglikelihood": -1.5815104246139526,
            "mae": 0.9384216666221619
        },
        "predictive_eval": {
            "kl_div_to_data": 3.572892189025879,
            "mean_diff_to_data": 0.8135648369789124,
            "std_diff_to_data": 0.6774374842643738
        }
    },
    "out_domain": {
        "error": {
            "rmse": 9.300948143005371,
            "loglikelihood": -26.86334800720215,
            "mae": 7.428859233856201
        },
        "predictive_eval": {
            "kl_div_to_data": 178.6983184814453,
            "mean_diff_to_data": 7.419657230377197,
            "std_diff_to_data": 0.7940759658813477
        }
    }
}