{
    "train": {
        "error": {
            "rmse": 1.1691216230392456,
            "loglikelihood": -1.5767357349395752,
            "mae": 0.9261469841003418
        },
        "predictive_eval": {
            "kl_div_to_data": 3.833329200744629,
            "mean_diff_to_data": 0.8413379192352295,
            "std_diff_to_data": 0.7177953124046326
        }
    },
    "in_domain": {
        "error": {
            "rmse": 1.2472063302993774,
            "loglikelihood": -1.6398605108261108,
            "mae": 0.991629421710968
        },
        "predictive_eval": {
            "kl_div_to_data": 4.291238307952881,
            "mean_diff_to_data": 0.9115760922431946,
            "std_diff_to_data": 0.7194714546203613
        }
    },
    "out_domain": {
        "error": {
            "rmse": 9.462401390075684,
            "loglikelihood": -26.217710494995117,
            "mae": 7.5718092918396
        },
        "predictive_eval": {
            "kl_div_to_data": 178.66232299804688,
            "mean_diff_to_data": 7.40001916885376,
            "std_diff_to_data": 0.8437218070030212
        }
    }
}