{
    "train": {
        "error": {
            "rmse": 1.1599284410476685,
            "loglikelihood": -1.5687448978424072,
            "mae": 0.9240568280220032
        },
        "predictive_eval": {
            "kl_div_to_data": 3.7611544132232666,
            "mean_diff_to_data": 0.8340611457824707,
            "std_diff_to_data": 0.7090833187103271
        }
    },
    "test": {
        "error": {
            "rmse": 6.871921062469482,
            "loglikelihood": -14.485722541809082,
            "mae": 4.327098369598389
        },
        "predictive_eval": {
            "kl_div_to_data": 100.07701873779297,
            "mean_diff_to_data": 4.515870094299316,
            "std_diff_to_data": 0.776526927947998
        }
    },
    "in_domain": {
        "error": {
            "rmse": 1.2138280868530273,
            "loglikelihood": -1.612251877784729,
            "mae": 0.9661800265312195
        },
        "predictive_eval": {
            "kl_div_to_data": 4.05566930770874,
            "mean_diff_to_data": 0.896138072013855,
            "std_diff_to_data": 0.7070854306221008
        }
    },
    "out_domain": {
        "error": {
            "rmse": 9.642909049987793,
            "loglikelihood": -27.36293601989746,
            "mae": 7.692458629608154
        },
        "predictive_eval": {
            "kl_div_to_data": 186.80764770507812,
            "mean_diff_to_data": 7.573841094970703,
            "std_diff_to_data": 0.8293761014938354
        }
    }
}