{
    "train": {
        "error": {
            "rmse": 1.2094687223434448,
            "loglikelihood": -1.610163688659668,
            "mae": 0.9606930613517761
        },
        "predictive_eval": {
            "kl_div_to_data": 4.2100510597229,
            "mean_diff_to_data": 0.875116229057312,
            "std_diff_to_data": 0.7609186172485352
        }
    },
    "in_domain": {
        "error": {
            "rmse": 1.2602301836013794,
            "loglikelihood": -1.6507316827774048,
            "mae": 1.0060149431228638
        },
        "predictive_eval": {
            "kl_div_to_data": 4.6353678703308105,
            "mean_diff_to_data": 0.9655218720436096,
            "std_diff_to_data": 0.7608705759048462
        }
    },
    "out_domain": {
        "error": {
            "rmse": 9.581626892089844,
            "loglikelihood": -25.00324058532715,
            "mae": 7.668428897857666
        },
        "predictive_eval": {
            "kl_div_to_data": 186.34815979003906,
            "mean_diff_to_data": 7.6144890785217285,
            "std_diff_to_data": 0.8842579126358032
        }
    }
}