{
    "train": {
        "error": {
            "rmse": 1.2222439050674438,
            "loglikelihood": -1.6208240985870361,
            "mae": 0.9708995223045349
        },
        "predictive_eval": {
            "kl_div_to_data": 4.189952373504639,
            "mean_diff_to_data": 0.8587164878845215,
            "std_diff_to_data": 0.7757090926170349
        }
    },
    "in_domain": {
        "error": {
            "rmse": 1.2989170551300049,
            "loglikelihood": -1.6803209781646729,
            "mae": 1.0381741523742676
        },
        "predictive_eval": {
            "kl_div_to_data": 4.743128776550293,
            "mean_diff_to_data": 0.9630001187324524,
            "std_diff_to_data": 0.7728806138038635
        }
    },
    "out_domain": {
        "error": {
            "rmse": 9.701454162597656,
            "loglikelihood": -25.00872802734375,
            "mae": 7.738218784332275
        },
        "predictive_eval": {
            "kl_div_to_data": 185.4617462158203,
            "mean_diff_to_data": 7.582981109619141,
            "std_diff_to_data": 0.9024911522865295
        }
    }
}