{
    "train": {
        "error": {
            "rmse": 1.2336262464523315,
            "loglikelihood": -1.6294307708740234,
            "mae": 0.9833793044090271
        },
        "predictive_eval": {
            "kl_div_to_data": 4.170087814331055,
            "mean_diff_to_data": 0.8807600140571594,
            "std_diff_to_data": 0.760596513748169
        }
    },
    "in_domain": {
        "error": {
            "rmse": 1.294916033744812,
            "loglikelihood": -1.677606225013733,
            "mae": 1.025654911994934
        },
        "predictive_eval": {
            "kl_div_to_data": 4.422510147094727,
            "mean_diff_to_data": 0.9107410311698914,
            "std_diff_to_data": 0.7587524652481079
        }
    },
    "out_domain": {
        "error": {
            "rmse": 9.589774131774902,
            "loglikelihood": -30.387588500976562,
            "mae": 7.683192729949951
        },
        "predictive_eval": {
            "kl_div_to_data": 183.14256286621094,
            "mean_diff_to_data": 7.518011093139648,
            "std_diff_to_data": 0.8846635222434998
        }
    }
}