{
    "train_error": {
        "rmse": 0.862713098526001,
        "loglikelihood": -7.6652021408081055
    },
    "test_error": {
        "rmse": 15.636431694030762,
        "loglikelihood": -1188.768310546875
    },
    "in_domain_error": {
        "rmse": 9.88994312286377,
        "loglikelihood": -1179.193115234375
    },
    "out_domain_error": {
        "rmse": 19.7955265045166,
        "loglikelihood": -1155.8851318359375
    },
    "predictive_train": {
        "kl_div": 53.1116828918457,
        "mean_diff": 0.7534168362617493,
        "std_diff": 0.10069818794727325
    },
    "predictive_test": {
        "kl_div": 13632.3173828125,
        "mean_diff": 12.280674934387207,
        "std_diff": 0.26817408204078674
    },
    "predictive_in_domain": {
        "kl_div": 4627.705078125,
        "mean_diff": 7.771194934844971,
        "std_diff": 0.12910400331020355
    },
    "predictive_out_domain": {
        "kl_div": 19839.6484375,
        "mean_diff": 16.94943618774414,
        "std_diff": 0.4153279960155487
    }
}