{
    "test_error": {
        "rmse": 0.6362393915653228,
        "mae": 0.5303168028593064
    },
    "in_domain_error": {
        "rmse": 0.4290724486112595,
        "mae": 0.35510105490684507
    },
    "out_domain_error": {
        "rmse": 2.2253498911857603,
        "mae": 2.5274242162704468
    },
    "predictive": {
        "kl_div": 62.791934967041016,
        "mean_diff": 0.4551226794719696,
        "std_diff": 2.3543858528137207
    },
    "predictive_in_domain": {
        "kl_div": 13.987545013427734,
        "mean_diff": 0.2505422830581665,
        "std_diff": 1.11000657081604
    },
    "predictive_out_domain": {
        "kl_div": 436.6079406738281,
        "mean_diff": 1.9902153015136719,
        "std_diff": 6.880062103271484
    }
}