{
    "test_error": {
        "rmse": 1.8126662015914916,
        "mae": 1.4550626873970032
    },
    "in_domain_error": {
        "rmse": 1.2668461084365845,
        "mae": 1.015507423877716
    },
    "out_domain_error": {
        "rmse": 6.160601234436035,
        "mae": 5.727403831481934
    },
    "predictive": {
        "kl_div": 11.59029483795166,
        "standardized_mean_diff": 0.4034608006477356,
        "mean_diff": 1.2271525859832764,
        "std_diff": 2.4908065795898438
    },
    "predictive_in_domain": {
        "kl_div": 0.540652334690094,
        "standardized_mean_diff": 0.3588699400424957,
        "mean_diff": 0.6503703594207764,
        "std_diff": 0.41836339235305786
    },
    "predictive_out_domain": {
        "kl_div": 49.48906326293945,
        "standardized_mean_diff": 0.7841261029243469,
        "mean_diff": 5.8658905029296875,
        "std_diff": 7.0303263664245605
    }
}