{
    "train_error": {
        "rmse": 0.3071367144584656,
        "loglikelihood": -0.43493035435676575
    },
    "test_error": {
        "rmse": 50.763092041015625,
        "loglikelihood": -1273.377685546875
    },
    "in_domain_error": {
        "rmse": 0.349628210067749,
        "loglikelihood": -0.7577180862426758
    },
    "out_domain_error": {
        "rmse": 71.71943664550781,
        "loglikelihood": -2367.231201171875
    },
    "predictive_train": {
        "kl_div": 0.6895706057548523,
        "mean_diff": 0.18227331340312958,
        "std_diff": 0.010526644997298717
    },
    "predictive_test": {
        "kl_div": 36020.62109375,
        "mean_diff": 36.56757354736328,
        "std_diff": 0.4647442698478699
    },
    "predictive_in_domain": {
        "kl_div": 0.9644623398780823,
        "mean_diff": 0.22423313558101654,
        "std_diff": 0.009673500433564186
    },
    "predictive_out_domain": {
        "kl_div": 63398.9765625,
        "mean_diff": 69.99443054199219,
        "std_diff": 0.9029943943023682
    }
}