{
    "train": {
        "error": {
            "rmse": 0.05551440268754959,
            "loglikelihood": 0.9693114161491394,
            "mae": 0.044225290417671204
        },
        "predictive_eval": {
            "kl_div_to_data": 0.8905605673789978,
            "mean_diff_to_data": 0.24606682360172272,
            "std_diff_to_data": 0.15652211010456085
        }
    },
    "test": {
        "error": {
            "rmse": 13.017274856567383,
            "loglikelihood": -490.9299011230469,
            "mae": 8.526603698730469
        },
        "predictive_eval": {
            "kl_div_to_data": 1008.6065063476562,
            "mean_diff_to_data": 8.845878601074219,
            "std_diff_to_data": 0.17134015262126923
        }
    },
    "in_domain": {
        "error": {
            "rmse": 3.313688039779663,
            "loglikelihood": -229.30662536621094,
            "mae": 2.534701108932495
        },
        "predictive_eval": {
            "kl_div_to_data": 61.737892150878906,
            "mean_diff_to_data": 2.5732290744781494,
            "std_diff_to_data": 0.15051031112670898
        }
    },
    "out_domain": {
        "error": {
            "rmse": 18.111709594726562,
            "loglikelihood": -748.6190795898438,
            "mae": 14.524925231933594
        },
        "predictive_eval": {
            "kl_div_to_data": 1775.37744140625,
            "mean_diff_to_data": 14.29819107055664,
            "std_diff_to_data": 0.1811380684375763
        }
    }
}