{
    "test_error": {
        "rmse": 1.003633850812912,
        "mae": 0.7941085755825043
    },
    "in_domain_error": {
        "rmse": 0.9888657331466675,
        "mae": 0.7918831825256347
    },
    "out_domain_error": {
        "rmse": 1.020664542913437,
        "mae": 0.8097343385219574
    },
    "predictive": {
        "kl_div": 0.009167347103357315,
        "mean_diff": 0.0897550955414772,
        "std_diff": 0.05294971913099289
    },
    "predictive_in_domain": {
        "kl_div": 0.002285575494170189,
        "mean_diff": 0.04512081295251846,
        "std_diff": 0.024312561377882957
    },
    "predictive_out_domain": {
        "kl_div": 0.00855922419577837,
        "mean_diff": 0.05716317147016525,
        "std_diff": 0.08049115538597107
    }
}