{
    "train_error": {
        "rmse": 1.4060556888580322,
        "loglikelihood": -1.8006796836853027
    },
    "test_error": {
        "rmse": 117.26300811767578,
        "loglikelihood": -878.02294921875
    },
    "in_domain_error": {
        "rmse": 2.2762088775634766,
        "loglikelihood": -2.972905158996582
    },
    "out_domain_error": {
        "rmse": 166.0308074951172,
        "loglikelihood": -1667.460693359375
    },
    "predictive_train": {
        "kl_div": 0.9261496067047119,
        "mean_diff": 1.0480408668518066,
        "std_diff": 0.1629612296819687
    },
    "predictive_test": {
        "kl_div": 7397.7138671875,
        "mean_diff": 86.54129028320312,
        "std_diff": 1.121808648109436
    },
    "predictive_in_domain": {
        "kl_div": 2.092252731323242,
        "mean_diff": 1.5587214231491089,
        "std_diff": 0.16520677506923676
    },
    "predictive_out_domain": {
        "kl_div": 14239.6611328125,
        "mean_diff": 166.11111450195312,
        "std_diff": 2.0586469173431396
    }
}