{"elbo": [2194017870595.7617, 118442033778.08632, 25347173956.913586, 3343161882.686873, 234746380.42290914, 58061650.29423341, 25413518.856852356, 16848994.895721544, 11983554.054034077, 10776571.303822234, 9951706.10895697, 8929159.159741493, 8848098.348725682, 8634433.951233733, 8508143.208527153, 8406367.100917898, 8367120.636154446, 8457147.729164135, 10274377.348393347, 8443593.480497159, 8309378.023139967, 8366655.772218021, 14335466.965911178, 171883241.92679363, 9286691.980851443, 37960654.56012283, 70547139.12275715, 16468079.894100344, 23572985.501878127, 47013332.465385854, 83019369.34425485, 211587755.25273988, 109376773.421156, 53045578.641359836, 36365717.10963485, 49848668.9445615, 98970747.38896851, 16446580.523937406, 12663436.304808665, 66207999.20000591, 55336656.66879482, 33773275.2168663, 43239620.535854794, 19386015.570920024, 34415033.179352604, 44545054.2351828, 70433279.7869572, 31418038.337692782, 32883475.865206446, 124707894.56642324, 40977696.67479246, 34654561.44920156, 10857263.722951608, 31542351.069236875, 257573696.67866093, 279561783.0596996, 28403343.32021103, 99352522.58447973, 148568769.81544742, 31081993.82657089, 162635946.10893703, 11166240.234310018, 181798892.28343487, 91013871.06842335, 731364024.405318, 70195823.35923976, 19296984.638482645, 128757371.64404365, 107746606.05246018, 101000397.53494294, 317428572.9863295, 258221661.9552919, 30598220.572164204, 33664604.29381474, 372401787.34170115, 55184609.07780232, 34795108.821389504, 145056531.2184043, 20288237.039796803, 91836598.54133485, 20747927.693135753, 90466681.53647257, 8932272.25636724, 35348697.42806808, 31960149.462065384, 5653392.465742691, 5505363.854878245, 37372587.73940062, 109825536.27740395, 12563188.782351647, 9606359.918612165, 19582283.00030225, 46143828.2419372, 13804297.601339089, 89517754.0000683, 38141618.025118425, 13321318.62795272, 7584632.750201426, 41792904.68122999, 5169865.038972678], "rmse": [], "val_rmse": [], "time": 2914.6224734783173}