{
    "test_error": {
        "rmse": 1.791583240032196,
        "mae": 1.4297406435012818
    },
    "in_domain_error": {
        "rmse": 1.7357851028442384,
        "mae": 1.3980344176292419
    },
    "out_domain_error": {
        "rmse": 1.8497299432754517,
        "mae": 1.4803212523460387
    },
    "predictive": {
        "kl_div": 1.2823688983917236,
        "mean_diff": 1.1977185010910034,
        "std_diff": 0.4173712730407715
    },
    "predictive_in_domain": {
        "kl_div": 0.9633848071098328,
        "mean_diff": 1.1147116422653198,
        "std_diff": 0.03565410524606705
    },
    "predictive_out_domain": {
        "kl_div": 1.6378448009490967,
        "mean_diff": 1.2332634925842285,
        "std_diff": 0.7348576784133911
    }
}