{
    "test_error": {
        "rmse": 1.7293595790863037,
        "mae": 1.3818413257598876
    },
    "in_domain_error": {
        "rmse": 1.733880889415741,
        "mae": 1.3817745208740235
    },
    "out_domain_error": {
        "rmse": 1.761787438392639,
        "mae": 1.4321547389030456
    },
    "predictive": {
        "kl_div": 2.1126086711883545,
        "mean_diff": 1.1555259227752686,
        "std_diff": 1.185533881187439
    },
    "predictive_in_domain": {
        "kl_div": 1.654788851737976,
        "mean_diff": 1.1017162799835205,
        "std_diff": 0.9313451647758484
    },
    "predictive_out_domain": {
        "kl_div": 2.607880115509033,
        "mean_diff": 1.1840327978134155,
        "std_diff": 1.415543794631958
    }
}