{
    "train": {
        "error": {
            "rmse": 6.674618721008301,
            "loglikelihood": -3.317221164703369,
            "mae": 5.40690279006958
        },
        "predictive_eval": {
            "kl_div_to_data": 493.8714294433594,
            "mean_diff_to_data": 5.405154228210449,
            "std_diff_to_data": 6.372032165527344
        }
    },
    "test": {
        "error": {
            "rmse": 14.132110595703125,
            "loglikelihood": -5.045081615447998,
            "mae": 10.377582550048828
        },
        "predictive_eval": {
            "kl_div_to_data": 1410.064697265625,
            "mean_diff_to_data": 10.575078010559082,
            "std_diff_to_data": 6.380758762359619
        }
    },
    "in_domain": {
        "error": {
            "rmse": 6.685858249664307,
            "loglikelihood": -3.3188958168029785,
            "mae": 5.458961486816406
        },
        "predictive_eval": {
            "kl_div_to_data": 509.6409606933594,
            "mean_diff_to_data": 5.676424503326416,
            "std_diff_to_data": 6.364331245422363
        }
    },
    "out_domain": {
        "error": {
            "rmse": 18.830060958862305,
            "loglikelihood": -6.7642130851745605,
            "mae": 15.295132637023926
        },
        "predictive_eval": {
            "kl_div_to_data": 2155.05859375,
            "mean_diff_to_data": 15.020392417907715,
            "std_diff_to_data": 6.397963047027588
        }
    }
}