{
    "train": {
        "error": {
            "rmse": 6.676485538482666,
            "loglikelihood": -3.31748366355896,
            "mae": 5.4091796875
        },
        "predictive_eval": {
            "kl_div_to_data": 492.808349609375,
            "mean_diff_to_data": 5.4130144119262695,
            "std_diff_to_data": 6.356362342834473
        }
    },
    "test": {
        "error": {
            "rmse": 14.150857925415039,
            "loglikelihood": -5.053344249725342,
            "mae": 10.39224910736084
        },
        "predictive_eval": {
            "kl_div_to_data": 1414.27880859375,
            "mean_diff_to_data": 10.582560539245605,
            "std_diff_to_data": 6.393531322479248
        }
    },
    "in_domain": {
        "error": {
            "rmse": 6.680030822753906,
            "loglikelihood": -3.3180320262908936,
            "mae": 5.4554009437561035
        },
        "predictive_eval": {
            "kl_div_to_data": 508.4429016113281,
            "mean_diff_to_data": 5.674060344696045,
            "std_diff_to_data": 6.351080894470215
        }
    },
    "out_domain": {
        "error": {
            "rmse": 18.839698791503906,
            "loglikelihood": -6.769155979156494,
            "mae": 15.300105094909668
        },
        "predictive_eval": {
            "kl_div_to_data": 2155.82861328125,
            "mean_diff_to_data": 15.02038288116455,
            "std_diff_to_data": 6.408862113952637
        }
    }
}