{
    "sites": {
        "net_guide.net.0.weight.loc": [
            -0.00020650215446949005,
            -0.0810626968741417,
            -0.01880108192563057,
            3.9596424102783203,
            -0.032263319939374924,
            -0.0051215942949056625,
            3.9644174575805664,
            0.0875195637345314,
            -0.038242463022470474,
            -0.03379686549305916
        ],
        "net_guide.net.0.weight.scale": [
            0.08129794895648956,
            0.08094735443592072,
            0.08130068331956863,
            0.0805874690413475,
            0.0812317281961441,
            0.0808204859495163,
            0.08159822225570679,
            0.08117937296628952,
            0.08040175586938858,
            0.08084530383348465
        ],
        "net_guide.net.0.bias.loc": [
            -0.019271984696388245
        ],
        "net_guide.net.0.bias.scale": [
            0.09358817338943481
        ],
        "likelihood_guide.likelihood._scale.loc": [
            1.8956741094589233
        ],
        "likelihood_guide.likelihood._scale.scale": [
            0.03144412487745285
        ]
    },
    "mean_weight_scale": 0.21776282558074364,
    "min_weight_scale": 0.03144412487745285,
    "max_weight_scale": 1.8956741094589233
}