{
    "sites": {
        "net_guide.net.0.weight.loc": [
            -0.00024135848798323423,
            -0.08101044595241547,
            -0.018781417980790138,
            3.9594573974609375,
            -0.032403260469436646,
            -0.005349856801331043,
            3.9645848274230957,
            0.08733884990215302,
            -0.0384790264070034,
            -0.034255869686603546
        ],
        "net_guide.net.0.weight.scale": [
            0.08111947029829025,
            0.08109968900680542,
            0.08104993402957916,
            0.08033616095781326,
            0.08074299991130829,
            0.08057583123445511,
            0.08146244287490845,
            0.08106894791126251,
            0.08034464716911316,
            0.08061277866363525
        ],
        "net_guide.net.0.bias.loc": [
            -0.01919163577258587
        ],
        "net_guide.net.0.bias.scale": [
            0.09333248436450958
        ],
        "likelihood_guide.likelihood._scale.loc": [
            1.8945101499557495
        ],
        "likelihood_guide.likelihood._scale.scale": [
            0.031282927840948105
        ]
    },
    "mean_weight_scale": 0.21750295878602907,
    "min_weight_scale": 0.031282927840948105,
    "max_weight_scale": 1.8945101499557495
}