{
    "sites": {
        "net_guide.net.0.weight.loc": [
            -0.0004270791541785002,
            -0.08076594024896622,
            -0.019025681540369987,
            3.959688901901245,
            -0.032488346099853516,
            -0.00544523261487484,
            3.9647445678710938,
            0.08739235997200012,
            -0.038420986384153366,
            -0.03423686325550079
        ],
        "net_guide.net.0.weight.scale": [
            0.08133852481842041,
            0.08116373419761658,
            0.08129075914621353,
            0.08066564798355103,
            0.08094871044158936,
            0.08077093958854675,
            0.08167757838964462,
            0.08117347210645676,
            0.0803210511803627,
            0.08060643076896667
        ],
        "net_guide.net.0.bias.loc": [
            -0.01926703378558159
        ],
        "net_guide.net.0.bias.scale": [
            0.09359293431043625
        ],
        "likelihood_guide.likelihood._scale.loc": [
            1.895094871520996
        ],
        "likelihood_guide.likelihood._scale.scale": [
            0.031458888202905655
        ]
    },
    "mean_weight_scale": 0.2177002725119774,
    "min_weight_scale": 0.031458888202905655,
    "max_weight_scale": 1.895094871520996
}