{
    "test_error": {
        "rmse": 1.4837372660636903,
        "mae": 1.196912682056427
    },
    "in_domain_error": {
        "rmse": 1.496507215499878,
        "mae": 1.2090566158294678
    },
    "out_domain_error": {
        "rmse": 1.5141108274459838,
        "mae": 1.224641704559326
    },
    "predictive": {
        "kl_div": 6.170241832733154,
        "mean_diff": 1.1384953260421753,
        "std_diff": 0.8663650155067444
    },
    "predictive_in_domain": {
        "kl_div": 4.772254943847656,
        "mean_diff": 1.097376823425293,
        "std_diff": 0.5650935769081116
    },
    "predictive_out_domain": {
        "kl_div": 7.988665580749512,
        "mean_diff": 1.163823127746582,
        "std_diff": 1.162531852722168
    }
}