{
    "train": {
        "error": {
            "rmse": 2.5169475078582764,
            "loglikelihood": -29.940622329711914,
            "mae": 1.8954477310180664
        },
        "predictive_eval": {
            "kl_div_to_data": 32.9066047668457,
            "mean_diff_to_data": 1.8439147472381592,
            "std_diff_to_data": 0.021613024175167084
        }
    },
    "test": {
        "error": {
            "rmse": 14.987473487854004,
            "loglikelihood": -653.3447875976562,
            "mae": 9.734885215759277
        },
        "predictive_eval": {
            "kl_div_to_data": 1367.5283203125,
            "mean_diff_to_data": 10.173624992370605,
            "std_diff_to_data": 0.07235255837440491
        }
    },
    "in_domain": {
        "error": {
            "rmse": 2.877276659011841,
            "loglikelihood": -39.032466888427734,
            "mae": 2.149822950363159
        },
        "predictive_eval": {
            "kl_div_to_data": 49.289772033691406,
            "mean_diff_to_data": 2.186457872390747,
            "std_diff_to_data": 0.021962473168969154
        }
    },
    "out_domain": {
        "error": {
            "rmse": 21.010093688964844,
            "loglikelihood": -1270.265869140625,
            "mae": 17.327045440673828
        },
        "predictive_eval": {
            "kl_div_to_data": 2341.900390625,
            "mean_diff_to_data": 17.05449676513672,
            "std_diff_to_data": 0.11606287211179733
        }
    }
}