{
    "train": {
        "error": {
            "rmse": 2.5023088455200195,
            "loglikelihood": -29.67146110534668,
            "mae": 1.8868674039840698
        },
        "predictive_eval": {
            "kl_div_to_data": 31.101341247558594,
            "mean_diff_to_data": 1.7803633213043213,
            "std_diff_to_data": 0.02117053046822548
        }
    },
    "test": {
        "error": {
            "rmse": 15.427458763122559,
            "loglikelihood": -695.0800170898438,
            "mae": 9.93347454071045
        },
        "predictive_eval": {
            "kl_div_to_data": 1489.9815673828125,
            "mean_diff_to_data": 10.570605278015137,
            "std_diff_to_data": 0.07187455892562866
        }
    },
    "in_domain": {
        "error": {
            "rmse": 2.8197450637817383,
            "loglikelihood": -37.53402328491211,
            "mae": 2.0877320766448975
        },
        "predictive_eval": {
            "kl_div_to_data": 46.874149322509766,
            "mean_diff_to_data": 2.1266674995422363,
            "std_diff_to_data": 0.021542254835367203
        }
    },
    "out_domain": {
        "error": {
            "rmse": 21.661636352539062,
            "loglikelihood": -1358.1094970703125,
            "mae": 17.814254760742188
        },
        "predictive_eval": {
            "kl_div_to_data": 2472.314453125,
            "mean_diff_to_data": 17.458385467529297,
            "std_diff_to_data": 0.11429153382778168
        }
    }
}