{
    "train": {
        "error": {
            "rmse": 2.473541498184204,
            "loglikelihood": -28.84360122680664,
            "mae": 1.8729132413864136
        },
        "predictive_eval": {
            "kl_div_to_data": 32.502342224121094,
            "mean_diff_to_data": 1.8259823322296143,
            "std_diff_to_data": 0.022044716402888298
        }
    },
    "test": {
        "error": {
            "rmse": 14.951075553894043,
            "loglikelihood": -648.8942260742188,
            "mae": 9.666938781738281
        },
        "predictive_eval": {
            "kl_div_to_data": 1395.259033203125,
            "mean_diff_to_data": 10.342695236206055,
            "std_diff_to_data": 0.07263527065515518
        }
    },
    "in_domain": {
        "error": {
            "rmse": 2.800062894821167,
            "loglikelihood": -36.916038513183594,
            "mae": 2.1054749488830566
        },
        "predictive_eval": {
            "kl_div_to_data": 46.57880401611328,
            "mean_diff_to_data": 2.1800835132598877,
            "std_diff_to_data": 0.02188076637685299
        }
    },
    "out_domain": {
        "error": {
            "rmse": 20.965354919433594,
            "loglikelihood": -1262.4241943359375,
            "mae": 17.23384666442871
        },
        "predictive_eval": {
            "kl_div_to_data": 2325.248046875,
            "mean_diff_to_data": 16.879209518432617,
            "std_diff_to_data": 0.11498147994279861
        }
    }
}