{
    "train": {
        "error": {
            "rmse": 2.5371973514556885,
            "loglikelihood": -30.534021377563477,
            "mae": 1.911232352256775
        },
        "predictive_eval": {
            "kl_div_to_data": 33.18997573852539,
            "mean_diff_to_data": 1.8481937646865845,
            "std_diff_to_data": 0.02113865315914154
        }
    },
    "test": {
        "error": {
            "rmse": 15.278216361999512,
            "loglikelihood": -685.8458251953125,
            "mae": 9.917170524597168
        },
        "predictive_eval": {
            "kl_div_to_data": 1460.6822509765625,
            "mean_diff_to_data": 10.58426570892334,
            "std_diff_to_data": 0.07117213308811188
        }
    },
    "in_domain": {
        "error": {
            "rmse": 2.8803467750549316,
            "loglikelihood": -39.139217376708984,
            "mae": 2.1273860931396484
        },
        "predictive_eval": {
            "kl_div_to_data": 49.301326751708984,
            "mean_diff_to_data": 2.1796321868896484,
            "std_diff_to_data": 0.02147984504699707
        }
    },
    "out_domain": {
        "error": {
            "rmse": 21.391401290893555,
            "loglikelihood": -1324.0767822265625,
            "mae": 17.684158325195312
        },
        "predictive_eval": {
            "kl_div_to_data": 2430.013427734375,
            "mean_diff_to_data": 17.44923973083496,
            "std_diff_to_data": 0.114534392952919
        }
    }
}